ISO-10303-21;
HEADER;
FILE_DESCRIPTION(('Open CASCADE Model'),'2;1');
FILE_NAME('Open CASCADE Shape Model','2026-07-17T14:56:31',('Author'),(
    'Open CASCADE'),'Open CASCADE STEP processor 7.9','Open CASCADE 7.9'
  ,'Unknown');
FILE_SCHEMA(('AUTOMOTIVE_DESIGN { 1 0 10303 214 1 1 1 1 }'));
ENDSEC;
DATA;
#1 = APPLICATION_PROTOCOL_DEFINITION('international standard',
  'automotive_design',2000,#2);
#2 = APPLICATION_CONTEXT(
  'core data for automotive mechanical design processes');
#3 = SHAPE_DEFINITION_REPRESENTATION(#4,#10);
#4 = PRODUCT_DEFINITION_SHAPE('','',#5);
#5 = PRODUCT_DEFINITION('design','',#6,#9);
#6 = PRODUCT_DEFINITION_FORMATION('','',#7);
#7 = PRODUCT('Open CASCADE STEP translator 7.9 1',
  'Open CASCADE STEP translator 7.9 1','',(#8));
#8 = PRODUCT_CONTEXT('',#2,'mechanical');
#9 = PRODUCT_DEFINITION_CONTEXT('part definition',#2,'design');
#10 = ADVANCED_BREP_SHAPE_REPRESENTATION('',(#11,#15),#8479);
#11 = AXIS2_PLACEMENT_3D('',#12,#13,#14);
#12 = CARTESIAN_POINT('',(0.,0.,0.));
#13 = DIRECTION('',(0.,0.,1.));
#14 = DIRECTION('',(1.,0.,-0.));
#15 = MANIFOLD_SOLID_BREP('',#16);
#16 = CLOSED_SHELL('',(#17,#105,#264,#319,#354,#404,#3405,#3464,#3659,
    #3767,#3886,#3961,#5760,#5862,#6031,#6102,#6151,#6177,#6206,#6234,
    #6262,#6292,#6321,#6347,#6377,#6450,#6552,#6725,#6796,#6845,#6875,
    #6904,#6932,#6960,#6990,#7019,#7045,#7147,#7320,#7391,#7440,#7470,
    #7499,#7527,#7555,#7585,#7614,#7640,#7668,#7695,#7721,#7767,#7774,
    #7778,#7805,#7832,#7836,#7863,#7867,#7890,#7895,#7950,#7985,#8035,
    #8090,#8125,#8175,#8230,#8265,#8315,#8365,#8420,#8475));
#17 = ADVANCED_FACE('',(#18),#31,.T.);
#18 = FACE_BOUND('',#19,.T.);
#19 = EDGE_LOOP('',(#20,#54,#77,#104));
#20 = ORIENTED_EDGE('',*,*,#21,.T.);
#21 = EDGE_CURVE('',#22,#22,#24,.T.);
#22 = VERTEX_POINT('',#23);
#23 = CARTESIAN_POINT('',(35.,0.,0.));
#24 = SURFACE_CURVE('',#25,(#30,#42),.PCURVE_S1.);
#25 = CIRCLE('',#26,35.);
#26 = AXIS2_PLACEMENT_3D('',#27,#28,#29);
#27 = CARTESIAN_POINT('',(0.,0.,0.));
#28 = DIRECTION('',(0.,0.,1.));
#29 = DIRECTION('',(1.,0.,-0.));
#30 = PCURVE('',#31,#36);
#31 = CYLINDRICAL_SURFACE('',#32,35.);
#32 = AXIS2_PLACEMENT_3D('',#33,#34,#35);
#33 = CARTESIAN_POINT('',(0.,0.,0.));
#34 = DIRECTION('',(-0.,-0.,-1.));
#35 = DIRECTION('',(1.,0.,0.));
#36 = DEFINITIONAL_REPRESENTATION('',(#37),#41);
#37 = LINE('',#38,#39);
#38 = CARTESIAN_POINT('',(6.28318530718,0.));
#39 = VECTOR('',#40,1.);
#40 = DIRECTION('',(-1.,0.));
#41 = ( GEOMETRIC_REPRESENTATION_CONTEXT(2) 
PARAMETRIC_REPRESENTATION_CONTEXT() REPRESENTATION_CONTEXT('2D SPACE',''
  ) );
#42 = PCURVE('',#43,#48);
#43 = PLANE('',#44);
#44 = AXIS2_PLACEMENT_3D('',#45,#46,#47);
#45 = CARTESIAN_POINT('',(-1.250230978322E-15,2.32193833596E-15,0.));
#46 = DIRECTION('',(0.,0.,1.));
#47 = DIRECTION('',(1.,0.,-0.));
#48 = DEFINITIONAL_REPRESENTATION('',(#49),#53);
#49 = CIRCLE('',#50,35.);
#50 = AXIS2_PLACEMENT_2D('',#51,#52);
#51 = CARTESIAN_POINT('',(1.250230978322E-15,-2.32193833596E-15));
#52 = DIRECTION('',(1.,0.));
#53 = ( GEOMETRIC_REPRESENTATION_CONTEXT(2) 
PARAMETRIC_REPRESENTATION_CONTEXT() REPRESENTATION_CONTEXT('2D SPACE',''
  ) );
#54 = ORIENTED_EDGE('',*,*,#55,.T.);
#55 = EDGE_CURVE('',#22,#56,#58,.T.);
#56 = VERTEX_POINT('',#57);
#57 = CARTESIAN_POINT('',(35.,0.,10.));
#58 = SEAM_CURVE('',#59,(#63,#70),.PCURVE_S1.);
#59 = LINE('',#60,#61);
#60 = CARTESIAN_POINT('',(35.,0.,0.));
#61 = VECTOR('',#62,1.);
#62 = DIRECTION('',(0.,0.,1.));
#63 = PCURVE('',#31,#64);
#64 = DEFINITIONAL_REPRESENTATION('',(#65),#69);
#65 = LINE('',#66,#67);
#66 = CARTESIAN_POINT('',(-4.138911435803E-13,0.));
#67 = VECTOR('',#68,1.);
#68 = DIRECTION('',(-0.,-1.));
#69 = ( GEOMETRIC_REPRESENTATION_CONTEXT(2) 
PARAMETRIC_REPRESENTATION_CONTEXT() REPRESENTATION_CONTEXT('2D SPACE',''
  ) );
#70 = PCURVE('',#31,#71);
#71 = DEFINITIONAL_REPRESENTATION('',(#72),#76);
#72 = LINE('',#73,#74);
#73 = CARTESIAN_POINT('',(6.28318530718,0.));
#74 = VECTOR('',#75,1.);
#75 = DIRECTION('',(-0.,-1.));
#76 = ( GEOMETRIC_REPRESENTATION_CONTEXT(2) 
PARAMETRIC_REPRESENTATION_CONTEXT() REPRESENTATION_CONTEXT('2D SPACE',''
  ) );
#77 = ORIENTED_EDGE('',*,*,#78,.F.);
#78 = EDGE_CURVE('',#56,#56,#79,.T.);
#79 = SURFACE_CURVE('',#80,(#85,#92),.PCURVE_S1.);
#80 = CIRCLE('',#81,35.);
#81 = AXIS2_PLACEMENT_3D('',#82,#83,#84);
#82 = CARTESIAN_POINT('',(0.,0.,10.));
#83 = DIRECTION('',(0.,0.,1.));
#84 = DIRECTION('',(1.,0.,-0.));
#85 = PCURVE('',#31,#86);
#86 = DEFINITIONAL_REPRESENTATION('',(#87),#91);
#87 = LINE('',#88,#89);
#88 = CARTESIAN_POINT('',(6.28318530718,-10.));
#89 = VECTOR('',#90,1.);
#90 = DIRECTION('',(-1.,0.));
#91 = ( GEOMETRIC_REPRESENTATION_CONTEXT(2) 
PARAMETRIC_REPRESENTATION_CONTEXT() REPRESENTATION_CONTEXT('2D SPACE',''
  ) );
#92 = PCURVE('',#93,#98);
#93 = PLANE('',#94);
#94 = AXIS2_PLACEMENT_3D('',#95,#96,#97);
#95 = CARTESIAN_POINT('',(-1.250230978322E-15,2.32193833596E-15,10.));
#96 = DIRECTION('',(0.,0.,1.));
#97 = DIRECTION('',(1.,0.,-0.));
#98 = DEFINITIONAL_REPRESENTATION('',(#99),#103);
#99 = CIRCLE('',#100,35.);
#100 = AXIS2_PLACEMENT_2D('',#101,#102);
#101 = CARTESIAN_POINT('',(1.250230978322E-15,-2.32193833596E-15));
#102 = DIRECTION('',(1.,0.));
#103 = ( GEOMETRIC_REPRESENTATION_CONTEXT(2) 
PARAMETRIC_REPRESENTATION_CONTEXT() REPRESENTATION_CONTEXT('2D SPACE',''
  ) );
#104 = ORIENTED_EDGE('',*,*,#55,.F.);
#105 = ADVANCED_FACE('',(#106,#109,#140,#171,#202,#233),#93,.T.);
#106 = FACE_BOUND('',#107,.T.);
#107 = EDGE_LOOP('',(#108));
#108 = ORIENTED_EDGE('',*,*,#78,.T.);
#109 = FACE_BOUND('',#110,.T.);
#110 = EDGE_LOOP('',(#111));
#111 = ORIENTED_EDGE('',*,*,#112,.F.);
#112 = EDGE_CURVE('',#113,#113,#115,.T.);
#113 = VERTEX_POINT('',#114);
#114 = CARTESIAN_POINT('',(-12.42766952966,-17.67766952966,10.));
#115 = SURFACE_CURVE('',#116,(#121,#128),.PCURVE_S1.);
#116 = CIRCLE('',#117,5.25);
#117 = AXIS2_PLACEMENT_3D('',#118,#119,#120);
#118 = CARTESIAN_POINT('',(-17.67766952966,-17.67766952966,10.));
#119 = DIRECTION('',(0.,0.,1.));
#120 = DIRECTION('',(1.,0.,-0.));
#121 = PCURVE('',#93,#122);
#122 = DEFINITIONAL_REPRESENTATION('',(#123),#127);
#123 = CIRCLE('',#124,5.25);
#124 = AXIS2_PLACEMENT_2D('',#125,#126);
#125 = CARTESIAN_POINT('',(-17.67766952966,-17.67766952966));
#126 = DIRECTION('',(1.,0.));
#127 = ( GEOMETRIC_REPRESENTATION_CONTEXT(2) 
PARAMETRIC_REPRESENTATION_CONTEXT() REPRESENTATION_CONTEXT('2D SPACE',''
  ) );
#128 = PCURVE('',#129,#134);
#129 = CYLINDRICAL_SURFACE('',#130,5.25);
#130 = AXIS2_PLACEMENT_3D('',#131,#132,#133);
#131 = CARTESIAN_POINT('',(-17.67766952966,-17.67766952966,5.));
#132 = DIRECTION('',(0.,0.,1.));
#133 = DIRECTION('',(1.,0.,-0.));
#134 = DEFINITIONAL_REPRESENTATION('',(#135),#139);
#135 = LINE('',#136,#137);
#136 = CARTESIAN_POINT('',(0.,5.));
#137 = VECTOR('',#138,1.);
#138 = DIRECTION('',(1.,0.));
#139 = ( GEOMETRIC_REPRESENTATION_CONTEXT(2) 
PARAMETRIC_REPRESENTATION_CONTEXT() REPRESENTATION_CONTEXT('2D SPACE',''
  ) );
#140 = FACE_BOUND('',#141,.T.);
#141 = EDGE_LOOP('',(#142));
#142 = ORIENTED_EDGE('',*,*,#143,.F.);
#143 = EDGE_CURVE('',#144,#144,#146,.T.);
#144 = VERTEX_POINT('',#145);
#145 = CARTESIAN_POINT('',(22.927669529664,-17.67766952966,10.));
#146 = SURFACE_CURVE('',#147,(#152,#159),.PCURVE_S1.);
#147 = CIRCLE('',#148,5.25);
#148 = AXIS2_PLACEMENT_3D('',#149,#150,#151);
#149 = CARTESIAN_POINT('',(17.677669529664,-17.67766952966,10.));
#150 = DIRECTION('',(0.,0.,1.));
#151 = DIRECTION('',(1.,0.,-0.));
#152 = PCURVE('',#93,#153);
#153 = DEFINITIONAL_REPRESENTATION('',(#154),#158);
#154 = CIRCLE('',#155,5.25);
#155 = AXIS2_PLACEMENT_2D('',#156,#157);
#156 = CARTESIAN_POINT('',(17.677669529664,-17.67766952966));
#157 = DIRECTION('',(1.,0.));
#158 = ( GEOMETRIC_REPRESENTATION_CONTEXT(2) 
PARAMETRIC_REPRESENTATION_CONTEXT() REPRESENTATION_CONTEXT('2D SPACE',''
  ) );
#159 = PCURVE('',#160,#165);
#160 = CYLINDRICAL_SURFACE('',#161,5.25);
#161 = AXIS2_PLACEMENT_3D('',#162,#163,#164);
#162 = CARTESIAN_POINT('',(17.677669529664,-17.67766952966,5.));
#163 = DIRECTION('',(0.,0.,1.));
#164 = DIRECTION('',(1.,0.,-0.));
#165 = DEFINITIONAL_REPRESENTATION('',(#166),#170);
#166 = LINE('',#167,#168);
#167 = CARTESIAN_POINT('',(0.,5.));
#168 = VECTOR('',#169,1.);
#169 = DIRECTION('',(1.,0.));
#170 = ( GEOMETRIC_REPRESENTATION_CONTEXT(2) 
PARAMETRIC_REPRESENTATION_CONTEXT() REPRESENTATION_CONTEXT('2D SPACE',''
  ) );
#171 = FACE_BOUND('',#172,.T.);
#172 = EDGE_LOOP('',(#173));
#173 = ORIENTED_EDGE('',*,*,#174,.F.);
#174 = EDGE_CURVE('',#175,#175,#177,.T.);
#175 = VERTEX_POINT('',#176);
#176 = CARTESIAN_POINT('',(-12.42766952966,17.677669529664,10.));
#177 = SURFACE_CURVE('',#178,(#183,#190),.PCURVE_S1.);
#178 = CIRCLE('',#179,5.25);
#179 = AXIS2_PLACEMENT_3D('',#180,#181,#182);
#180 = CARTESIAN_POINT('',(-17.67766952966,17.677669529664,10.));
#181 = DIRECTION('',(0.,0.,1.));
#182 = DIRECTION('',(1.,0.,-0.));
#183 = PCURVE('',#93,#184);
#184 = DEFINITIONAL_REPRESENTATION('',(#185),#189);
#185 = CIRCLE('',#186,5.25);
#186 = AXIS2_PLACEMENT_2D('',#187,#188);
#187 = CARTESIAN_POINT('',(-17.67766952966,17.677669529664));
#188 = DIRECTION('',(1.,0.));
#189 = ( GEOMETRIC_REPRESENTATION_CONTEXT(2) 
PARAMETRIC_REPRESENTATION_CONTEXT() REPRESENTATION_CONTEXT('2D SPACE',''
  ) );
#190 = PCURVE('',#191,#196);
#191 = CYLINDRICAL_SURFACE('',#192,5.25);
#192 = AXIS2_PLACEMENT_3D('',#193,#194,#195);
#193 = CARTESIAN_POINT('',(-17.67766952966,17.677669529664,5.));
#194 = DIRECTION('',(0.,0.,1.));
#195 = DIRECTION('',(1.,0.,-0.));
#196 = DEFINITIONAL_REPRESENTATION('',(#197),#201);
#197 = LINE('',#198,#199);
#198 = CARTESIAN_POINT('',(0.,5.));
#199 = VECTOR('',#200,1.);
#200 = DIRECTION('',(1.,0.));
#201 = ( GEOMETRIC_REPRESENTATION_CONTEXT(2) 
PARAMETRIC_REPRESENTATION_CONTEXT() REPRESENTATION_CONTEXT('2D SPACE',''
  ) );
#202 = FACE_BOUND('',#203,.T.);
#203 = EDGE_LOOP('',(#204));
#204 = ORIENTED_EDGE('',*,*,#205,.F.);
#205 = EDGE_CURVE('',#206,#206,#208,.T.);
#206 = VERTEX_POINT('',#207);
#207 = CARTESIAN_POINT('',(18.8,0.,10.));
#208 = SURFACE_CURVE('',#209,(#214,#221),.PCURVE_S1.);
#209 = CIRCLE('',#210,18.8);
#210 = AXIS2_PLACEMENT_3D('',#211,#212,#213);
#211 = CARTESIAN_POINT('',(0.,0.,10.));
#212 = DIRECTION('',(0.,0.,1.));
#213 = DIRECTION('',(1.,0.,-0.));
#214 = PCURVE('',#93,#215);
#215 = DEFINITIONAL_REPRESENTATION('',(#216),#220);
#216 = CIRCLE('',#217,18.8);
#217 = AXIS2_PLACEMENT_2D('',#218,#219);
#218 = CARTESIAN_POINT('',(1.250230978322E-15,-2.32193833596E-15));
#219 = DIRECTION('',(1.,0.));
#220 = ( GEOMETRIC_REPRESENTATION_CONTEXT(2) 
PARAMETRIC_REPRESENTATION_CONTEXT() REPRESENTATION_CONTEXT('2D SPACE',''
  ) );
#221 = PCURVE('',#222,#227);
#222 = CYLINDRICAL_SURFACE('',#223,18.8);
#223 = AXIS2_PLACEMENT_3D('',#224,#225,#226);
#224 = CARTESIAN_POINT('',(0.,0.,10.));
#225 = DIRECTION('',(-0.,-0.,-1.));
#226 = DIRECTION('',(1.,0.,0.));
#227 = DEFINITIONAL_REPRESENTATION('',(#228),#232);
#228 = LINE('',#229,#230);
#229 = CARTESIAN_POINT('',(6.28318530718,0.));
#230 = VECTOR('',#231,1.);
#231 = DIRECTION('',(-1.,0.));
#232 = ( GEOMETRIC_REPRESENTATION_CONTEXT(2) 
PARAMETRIC_REPRESENTATION_CONTEXT() REPRESENTATION_CONTEXT('2D SPACE',''
  ) );
#233 = FACE_BOUND('',#234,.T.);
#234 = EDGE_LOOP('',(#235));
#235 = ORIENTED_EDGE('',*,*,#236,.F.);
#236 = EDGE_CURVE('',#237,#237,#239,.T.);
#237 = VERTEX_POINT('',#238);
#238 = CARTESIAN_POINT('',(22.927669529664,17.677669529664,10.));
#239 = SURFACE_CURVE('',#240,(#245,#252),.PCURVE_S1.);
#240 = CIRCLE('',#241,5.25);
#241 = AXIS2_PLACEMENT_3D('',#242,#243,#244);
#242 = CARTESIAN_POINT('',(17.677669529664,17.677669529664,10.));
#243 = DIRECTION('',(0.,0.,1.));
#244 = DIRECTION('',(1.,0.,-0.));
#245 = PCURVE('',#93,#246);
#246 = DEFINITIONAL_REPRESENTATION('',(#247),#251);
#247 = CIRCLE('',#248,5.25);
#248 = AXIS2_PLACEMENT_2D('',#249,#250);
#249 = CARTESIAN_POINT('',(17.677669529664,17.677669529664));
#250 = DIRECTION('',(1.,0.));
#251 = ( GEOMETRIC_REPRESENTATION_CONTEXT(2) 
PARAMETRIC_REPRESENTATION_CONTEXT() REPRESENTATION_CONTEXT('2D SPACE',''
  ) );
#252 = PCURVE('',#253,#258);
#253 = CYLINDRICAL_SURFACE('',#254,5.25);
#254 = AXIS2_PLACEMENT_3D('',#255,#256,#257);
#255 = CARTESIAN_POINT('',(17.677669529664,17.677669529664,5.));
#256 = DIRECTION('',(0.,0.,1.));
#257 = DIRECTION('',(1.,0.,-0.));
#258 = DEFINITIONAL_REPRESENTATION('',(#259),#263);
#259 = LINE('',#260,#261);
#260 = CARTESIAN_POINT('',(0.,5.));
#261 = VECTOR('',#262,1.);
#262 = DIRECTION('',(1.,0.));
#263 = ( GEOMETRIC_REPRESENTATION_CONTEXT(2) 
PARAMETRIC_REPRESENTATION_CONTEXT() REPRESENTATION_CONTEXT('2D SPACE',''
  ) );
#264 = ADVANCED_FACE('',(#265),#253,.F.);
#265 = FACE_BOUND('',#266,.F.);
#266 = EDGE_LOOP('',(#267,#268,#291,#318));
#267 = ORIENTED_EDGE('',*,*,#236,.F.);
#268 = ORIENTED_EDGE('',*,*,#269,.F.);
#269 = EDGE_CURVE('',#270,#237,#272,.T.);
#270 = VERTEX_POINT('',#271);
#271 = CARTESIAN_POINT('',(22.927669529664,17.677669529664,5.));
#272 = SEAM_CURVE('',#273,(#277,#284),.PCURVE_S1.);
#273 = LINE('',#274,#275);
#274 = CARTESIAN_POINT('',(22.927669529664,17.677669529664,5.));
#275 = VECTOR('',#276,1.);
#276 = DIRECTION('',(0.,0.,1.));
#277 = PCURVE('',#253,#278);
#278 = DEFINITIONAL_REPRESENTATION('',(#279),#283);
#279 = LINE('',#280,#281);
#280 = CARTESIAN_POINT('',(0.,-0.));
#281 = VECTOR('',#282,1.);
#282 = DIRECTION('',(0.,1.));
#283 = ( GEOMETRIC_REPRESENTATION_CONTEXT(2) 
PARAMETRIC_REPRESENTATION_CONTEXT() REPRESENTATION_CONTEXT('2D SPACE',''
  ) );
#284 = PCURVE('',#253,#285);
#285 = DEFINITIONAL_REPRESENTATION('',(#286),#290);
#286 = LINE('',#287,#288);
#287 = CARTESIAN_POINT('',(6.28318530718,-0.));
#288 = VECTOR('',#289,1.);
#289 = DIRECTION('',(0.,1.));
#290 = ( GEOMETRIC_REPRESENTATION_CONTEXT(2) 
PARAMETRIC_REPRESENTATION_CONTEXT() REPRESENTATION_CONTEXT('2D SPACE',''
  ) );
#291 = ORIENTED_EDGE('',*,*,#292,.T.);
#292 = EDGE_CURVE('',#270,#270,#293,.T.);
#293 = SURFACE_CURVE('',#294,(#299,#306),.PCURVE_S1.);
#294 = CIRCLE('',#295,5.25);
#295 = AXIS2_PLACEMENT_3D('',#296,#297,#298);
#296 = CARTESIAN_POINT('',(17.677669529664,17.677669529664,5.));
#297 = DIRECTION('',(0.,0.,1.));
#298 = DIRECTION('',(1.,0.,-0.));
#299 = PCURVE('',#253,#300);
#300 = DEFINITIONAL_REPRESENTATION('',(#301),#305);
#301 = LINE('',#302,#303);
#302 = CARTESIAN_POINT('',(0.,0.));
#303 = VECTOR('',#304,1.);
#304 = DIRECTION('',(1.,0.));
#305 = ( GEOMETRIC_REPRESENTATION_CONTEXT(2) 
PARAMETRIC_REPRESENTATION_CONTEXT() REPRESENTATION_CONTEXT('2D SPACE',''
  ) );
#306 = PCURVE('',#307,#312);
#307 = PLANE('',#308);
#308 = AXIS2_PLACEMENT_3D('',#309,#310,#311);
#309 = CARTESIAN_POINT('',(17.677669529664,17.677669529664,5.));
#310 = DIRECTION('',(0.,0.,1.));
#311 = DIRECTION('',(1.,0.,-0.));
#312 = DEFINITIONAL_REPRESENTATION('',(#313),#317);
#313 = CIRCLE('',#314,5.25);
#314 = AXIS2_PLACEMENT_2D('',#315,#316);
#315 = CARTESIAN_POINT('',(0.,0.));
#316 = DIRECTION('',(1.,0.));
#317 = ( GEOMETRIC_REPRESENTATION_CONTEXT(2) 
PARAMETRIC_REPRESENTATION_CONTEXT() REPRESENTATION_CONTEXT('2D SPACE',''
  ) );
#318 = ORIENTED_EDGE('',*,*,#269,.T.);
#319 = ADVANCED_FACE('',(#320,#323),#307,.T.);
#320 = FACE_BOUND('',#321,.T.);
#321 = EDGE_LOOP('',(#322));
#322 = ORIENTED_EDGE('',*,*,#292,.T.);
#323 = FACE_BOUND('',#324,.T.);
#324 = EDGE_LOOP('',(#325));
#325 = ORIENTED_EDGE('',*,*,#326,.F.);
#326 = EDGE_CURVE('',#327,#327,#329,.T.);
#327 = VERTEX_POINT('',#328);
#328 = CARTESIAN_POINT('',(20.977669529664,17.677669529664,5.));
#329 = SURFACE_CURVE('',#330,(#335,#342),.PCURVE_S1.);
#330 = CIRCLE('',#331,3.3);
#331 = AXIS2_PLACEMENT_3D('',#332,#333,#334);
#332 = CARTESIAN_POINT('',(17.677669529664,17.677669529664,5.));
#333 = DIRECTION('',(0.,0.,1.));
#334 = DIRECTION('',(1.,0.,-0.));
#335 = PCURVE('',#307,#336);
#336 = DEFINITIONAL_REPRESENTATION('',(#337),#341);
#337 = CIRCLE('',#338,3.3);
#338 = AXIS2_PLACEMENT_2D('',#339,#340);
#339 = CARTESIAN_POINT('',(0.,0.));
#340 = DIRECTION('',(1.,0.));
#341 = ( GEOMETRIC_REPRESENTATION_CONTEXT(2) 
PARAMETRIC_REPRESENTATION_CONTEXT() REPRESENTATION_CONTEXT('2D SPACE',''
  ) );
#342 = PCURVE('',#343,#348);
#343 = CYLINDRICAL_SURFACE('',#344,3.3);
#344 = AXIS2_PLACEMENT_3D('',#345,#346,#347);
#345 = CARTESIAN_POINT('',(17.677669529664,17.677669529664,-1.));
#346 = DIRECTION('',(0.,0.,1.));
#347 = DIRECTION('',(1.,0.,-0.));
#348 = DEFINITIONAL_REPRESENTATION('',(#349),#353);
#349 = LINE('',#350,#351);
#350 = CARTESIAN_POINT('',(0.,6.));
#351 = VECTOR('',#352,1.);
#352 = DIRECTION('',(1.,0.));
#353 = ( GEOMETRIC_REPRESENTATION_CONTEXT(2) 
PARAMETRIC_REPRESENTATION_CONTEXT() REPRESENTATION_CONTEXT('2D SPACE',''
  ) );
#354 = ADVANCED_FACE('',(#355),#343,.F.);
#355 = FACE_BOUND('',#356,.F.);
#356 = EDGE_LOOP('',(#357,#358,#381,#403));
#357 = ORIENTED_EDGE('',*,*,#326,.F.);
#358 = ORIENTED_EDGE('',*,*,#359,.F.);
#359 = EDGE_CURVE('',#360,#327,#362,.T.);
#360 = VERTEX_POINT('',#361);
#361 = CARTESIAN_POINT('',(20.977669529664,17.677669529664,0.));
#362 = SEAM_CURVE('',#363,(#367,#374),.PCURVE_S1.);
#363 = LINE('',#364,#365);
#364 = CARTESIAN_POINT('',(20.977669529664,17.677669529664,-1.));
#365 = VECTOR('',#366,1.);
#366 = DIRECTION('',(0.,0.,1.));
#367 = PCURVE('',#343,#368);
#368 = DEFINITIONAL_REPRESENTATION('',(#369),#373);
#369 = LINE('',#370,#371);
#370 = CARTESIAN_POINT('',(0.,-0.));
#371 = VECTOR('',#372,1.);
#372 = DIRECTION('',(0.,1.));
#373 = ( GEOMETRIC_REPRESENTATION_CONTEXT(2) 
PARAMETRIC_REPRESENTATION_CONTEXT() REPRESENTATION_CONTEXT('2D SPACE',''
  ) );
#374 = PCURVE('',#343,#375);
#375 = DEFINITIONAL_REPRESENTATION('',(#376),#380);
#376 = LINE('',#377,#378);
#377 = CARTESIAN_POINT('',(6.28318530718,-0.));
#378 = VECTOR('',#379,1.);
#379 = DIRECTION('',(0.,1.));
#380 = ( GEOMETRIC_REPRESENTATION_CONTEXT(2) 
PARAMETRIC_REPRESENTATION_CONTEXT() REPRESENTATION_CONTEXT('2D SPACE',''
  ) );
#381 = ORIENTED_EDGE('',*,*,#382,.T.);
#382 = EDGE_CURVE('',#360,#360,#383,.T.);
#383 = SURFACE_CURVE('',#384,(#389,#396),.PCURVE_S1.);
#384 = CIRCLE('',#385,3.3);
#385 = AXIS2_PLACEMENT_3D('',#386,#387,#388);
#386 = CARTESIAN_POINT('',(17.677669529664,17.677669529664,0.));
#387 = DIRECTION('',(0.,0.,1.));
#388 = DIRECTION('',(1.,0.,-0.));
#389 = PCURVE('',#343,#390);
#390 = DEFINITIONAL_REPRESENTATION('',(#391),#395);
#391 = LINE('',#392,#393);
#392 = CARTESIAN_POINT('',(0.,1.));
#393 = VECTOR('',#394,1.);
#394 = DIRECTION('',(1.,0.));
#395 = ( GEOMETRIC_REPRESENTATION_CONTEXT(2) 
PARAMETRIC_REPRESENTATION_CONTEXT() REPRESENTATION_CONTEXT('2D SPACE',''
  ) );
#396 = PCURVE('',#43,#397);
#397 = DEFINITIONAL_REPRESENTATION('',(#398),#402);
#398 = CIRCLE('',#399,3.3);
#399 = AXIS2_PLACEMENT_2D('',#400,#401);
#400 = CARTESIAN_POINT('',(17.677669529664,17.677669529664));
#401 = DIRECTION('',(1.,0.));
#402 = ( GEOMETRIC_REPRESENTATION_CONTEXT(2) 
PARAMETRIC_REPRESENTATION_CONTEXT() REPRESENTATION_CONTEXT('2D SPACE',''
  ) );
#403 = ORIENTED_EDGE('',*,*,#359,.T.);
#404 = ADVANCED_FACE('',(#405,#1036,#1578,#1781,#2296,#2499,#2702,#3202)
  ,#222,.T.);
#405 = FACE_BOUND('',#406,.T.);
#406 = EDGE_LOOP('',(#407,#692,#715,#742,#743,#1013,#1034,#1035));
#407 = ORIENTED_EDGE('',*,*,#408,.F.);
#408 = EDGE_CURVE('',#409,#411,#413,.T.);
#409 = VERTEX_POINT('',#410);
#410 = CARTESIAN_POINT('',(18.8,0.,16.932352941176));
#411 = VERTEX_POINT('',#412);
#412 = CARTESIAN_POINT('',(18.8,2.427682184192E-16,12.967647058824));
#413 = SURFACE_CURVE('',#414,(#483,#555),.PCURVE_S1.);
#414 = B_SPLINE_CURVE_WITH_KNOTS('',7,(#415,#416,#417,#418,#419,#420,
    #421,#422,#423,#424,#425,#426,#427,#428,#429,#430,#431,#432,#433,
    #434,#435,#436,#437,#438,#439,#440,#441,#442,#443,#444,#445,#446,
    #447,#448,#449,#450,#451,#452,#453,#454,#455,#456,#457,#458,#459,
    #460,#461,#462,#463,#464,#465,#466,#467,#468,#469,#470,#471,#472,
    #473,#474,#475,#476,#477,#478,#479,#480,#481,#482),.UNSPECIFIED.,.F.
  ,.F.,(8,6,6,6,6,6,6,6,6,6,6,8),(0.,9.850895290402E-02,0.16082690327,
    0.243125924834,0.308647261681,0.50000679528,0.641136758661,
    0.6913541172,0.75687516133,0.839173815224,0.901491487185,1.),
  .UNSPECIFIED.);
#415 = CARTESIAN_POINT('',(18.8,-4.662936703426E-15,16.932352941176));
#416 = CARTESIAN_POINT('',(18.8,-0.102350485069,16.932352941176));
#417 = CARTESIAN_POINT('',(18.799349943598,-0.204740091773,
    16.925881673455));
#418 = CARTESIAN_POINT('',(18.798048786287,-0.30617783394,16.91293117744
    ));
#419 = CARTESIAN_POINT('',(18.796133630478,-0.405824130733,
    16.893733323544));
#420 = CARTESIAN_POINT('',(18.793668727891,-0.502980548366,
    16.868672528192));
#421 = CARTESIAN_POINT('',(18.790734801272,-0.59707988847,
    16.838227171135));
#422 = CARTESIAN_POINT('',(18.785320870615,-0.744989208891,
    16.780616445246));
#423 = CARTESIAN_POINT('',(18.7830692431,-0.800923119319,16.756346208112
    ));
#424 = CARTESIAN_POINT('',(18.780684853973,-0.855386695731,
    16.730254771564));
#425 = CARTESIAN_POINT('',(18.778188950276,-0.908312852474,
    16.702468943269));
#426 = CARTESIAN_POINT('',(18.775602363152,-0.959655611357,
    16.673112792231));
#427 = CARTESIAN_POINT('',(18.772944895982,-1.009386636093,
    16.642303870358));
#428 = CARTESIAN_POINT('',(18.766655560042,-1.121020896976,
    16.56768528631));
#429 = CARTESIAN_POINT('',(18.76298480176,-1.181708440325,
    16.522878581222));
#430 = CARTESIAN_POINT('',(18.759264331391,-1.239529679879,
    16.475973822231));
#431 = CARTESIAN_POINT('',(18.755532117256,-1.294485453292,
    16.427195440646));
#432 = CARTESIAN_POINT('',(18.751822038,-1.346596815665,16.376745104462)
  );
#433 = CARTESIAN_POINT('',(18.7481637183,-1.395899702438,16.324799027214
    ));
#434 = CARTESIAN_POINT('',(18.741731114607,-1.479491743576,
    16.229076123908));
#435 = CARTESIAN_POINT('',(18.738928865933,-1.514790144255,
    16.185795662899));
#436 = CARTESIAN_POINT('',(18.736188532158,-1.548356630594,
    16.141740543595));
#437 = CARTESIAN_POINT('',(18.733521658297,-1.580213545601,16.0969810028
    ));
#438 = CARTESIAN_POINT('',(18.730938510205,-1.610383454817,
    16.051580916331));
#439 = CARTESIAN_POINT('',(18.728448164004,-1.638888862131,
    16.005597851034));
#440 = CARTESIAN_POINT('',(18.719079697717,-1.7442073348,15.823233662564
    ));
#441 = CARTESIAN_POINT('',(18.712962455123,-1.808631187384,
    15.682888583601));
#442 = CARTESIAN_POINT('',(18.707902443258,-1.859614328305,
    15.539282821707));
#443 = CARTESIAN_POINT('',(18.704030537245,-1.897545857813,
    15.393421245932));
#444 = CARTESIAN_POINT('',(18.701424279431,-1.922730587171,
    15.246154003195));
#445 = CARTESIAN_POINT('',(18.700118217474,-1.935349749399,
    15.098168005335));
#446 = CARTESIAN_POINT('',(18.700118217474,-1.935349749399,
    14.840724309503));
#447 = CARTESIAN_POINT('',(18.700828606036,-1.928485717065,
    14.73153810621));
#448 = CARTESIAN_POINT('',(18.702247297023,-1.914777642794,
    14.62266354569));
#449 = CARTESIAN_POINT('',(18.704363318212,-1.894177101944,
    14.51436607954));
#450 = CARTESIAN_POINT('',(18.707154102208,-1.866593217099,
    14.406953195983));
#451 = CARTESIAN_POINT('',(18.71058303974,-1.831900650686,14.30077723269
    ));
#452 = CARTESIAN_POINT('',(18.716025661854,-1.774995351452,
    14.159046261886));
#453 = CARTESIAN_POINT('',(18.717528119237,-1.759139610851,
    14.122058204312));
#454 = CARTESIAN_POINT('',(18.719102313548,-1.742354728409,14.0852961817
    ));
#455 = CARTESIAN_POINT('',(18.720745582678,-1.72463250353,
    14.048779617796));
#456 = CARTESIAN_POINT('',(18.72245495636,-1.705964212769,
    14.012529267507));
#457 = CARTESIAN_POINT('',(18.724227156166,-1.686340609836,
    13.976567216902));
#458 = CARTESIAN_POINT('',(18.728448164004,-1.638888862131,
    13.894402148966));
#459 = CARTESIAN_POINT('',(18.730938510205,-1.610383454817,
    13.848419083669));
#460 = CARTESIAN_POINT('',(18.733521658297,-1.580213545601,13.8030189972
    ));
#461 = CARTESIAN_POINT('',(18.736188532158,-1.548356630594,
    13.758259456405));
#462 = CARTESIAN_POINT('',(18.738928865933,-1.514790144255,
    13.714204337101));
#463 = CARTESIAN_POINT('',(18.741731114607,-1.479491743576,
    13.670923876092));
#464 = CARTESIAN_POINT('',(18.7481637183,-1.395899702438,13.575200972786
    ));
#465 = CARTESIAN_POINT('',(18.751822038,-1.346596815665,13.523254895538)
  );
#466 = CARTESIAN_POINT('',(18.755532117256,-1.294485453292,
    13.472804559354));
#467 = CARTESIAN_POINT('',(18.759264331391,-1.239529679879,
    13.424026177769));
#468 = CARTESIAN_POINT('',(18.76298480176,-1.181708440325,
    13.377121418778));
#469 = CARTESIAN_POINT('',(18.766655560042,-1.121020896976,
    13.33231471369));
#470 = CARTESIAN_POINT('',(18.772944895982,-1.009386636093,
    13.257696129642));
#471 = CARTESIAN_POINT('',(18.775602363152,-0.959655611357,
    13.226887207769));
#472 = CARTESIAN_POINT('',(18.778188950276,-0.908312852474,
    13.197531056731));
#473 = CARTESIAN_POINT('',(18.780684853973,-0.855386695731,
    13.169745228436));
#474 = CARTESIAN_POINT('',(18.7830692431,-0.800923119319,13.143653791888
    ));
#475 = CARTESIAN_POINT('',(18.785320870615,-0.744989208891,
    13.119383554754));
#476 = CARTESIAN_POINT('',(18.790734801272,-0.59707988847,
    13.061772828865));
#477 = CARTESIAN_POINT('',(18.793668727891,-0.502980548366,
    13.031327471808));
#478 = CARTESIAN_POINT('',(18.796133630478,-0.405824130733,
    13.006266676456));
#479 = CARTESIAN_POINT('',(18.798048786287,-0.30617783394,12.98706882256
    ));
#480 = CARTESIAN_POINT('',(18.799349943598,-0.204740091773,
    12.974118326545));
#481 = CARTESIAN_POINT('',(18.8,-0.102350485068,12.967647058824));
#482 = CARTESIAN_POINT('',(18.8,4.440892098501E-16,12.967647058824));
#483 = PCURVE('',#222,#484);
#484 = DEFINITIONAL_REPRESENTATION('',(#485),#554);
#485 = B_SPLINE_CURVE_WITH_KNOTS('',7,(#486,#487,#488,#489,#490,#491,
    #492,#493,#494,#495,#496,#497,#498,#499,#500,#501,#502,#503,#504,
    #505,#506,#507,#508,#509,#510,#511,#512,#513,#514,#515,#516,#517,
    #518,#519,#520,#521,#522,#523,#524,#525,#526,#527,#528,#529,#530,
    #531,#532,#533,#534,#535,#536,#537,#538,#539,#540,#541,#542,#543,
    #544,#545,#546,#547,#548,#549,#550,#551,#552,#553),.UNSPECIFIED.,.F.
  ,.F.,(8,6,6,6,6,6,6,6,6,6,6,8),(0.,9.850895290402E-02,0.16082690327,
    0.243125924834,0.308647261681,0.50000679528,0.641136758661,
    0.6913541172,0.75687516133,0.839173815224,0.901491487185,1.),
  .UNSPECIFIED.);
#486 = CARTESIAN_POINT('',(-4.138911435803E-13,-6.932352941176));
#487 = CARTESIAN_POINT('',(5.444174737586E-03,-6.932352941176));
#488 = CARTESIAN_POINT('',(1.089043041059E-02,-6.925881673455));
#489 = CARTESIAN_POINT('',(1.628631851459E-02,-6.91293117744));
#490 = CARTESIAN_POINT('',(2.158744526259E-02,-6.893733323544));
#491 = CARTESIAN_POINT('',(2.675686043159E-02,-6.868672528192));
#492 = CARTESIAN_POINT('',(3.176450329559E-02,-6.838227171135));
#493 = CARTESIAN_POINT('',(3.963728895559E-02,-6.780616445246));
#494 = CARTESIAN_POINT('',(4.261488671659E-02,-6.756346208112));
#495 = CARTESIAN_POINT('',(4.551463252059E-02,-6.730254771564));
#496 = CARTESIAN_POINT('',(4.833295489459E-02,-6.702468943269));
#497 = CARTESIAN_POINT('',(5.106739520859E-02,-6.673112792231));
#498 = CARTESIAN_POINT('',(5.371642557759E-02,-6.642303870358));
#499 = CARTESIAN_POINT('',(5.966383447259E-02,-6.56768528631));
#500 = CARTESIAN_POINT('',(6.289776734459E-02,-6.522878581222));
#501 = CARTESIAN_POINT('',(6.597969068959E-02,-6.475973822231));
#502 = CARTESIAN_POINT('',(6.890957327959E-02,-6.427195440646));
#503 = CARTESIAN_POINT('',(7.168844983159E-02,-6.376745104462));
#504 = CARTESIAN_POINT('',(7.431814349859E-02,-6.324799027214));
#505 = CARTESIAN_POINT('',(7.877767423159E-02,-6.229076123908));
#506 = CARTESIAN_POINT('',(8.066115052459E-02,-6.185795662899));
#507 = CARTESIAN_POINT('',(8.245253513859E-02,-6.141740543595));
#508 = CARTESIAN_POINT('',(8.415297327759E-02,-6.0969810028));
#509 = CARTESIAN_POINT('',(8.576362314759E-02,-6.051580916331));
#510 = CARTESIAN_POINT('',(8.728564164759E-02,-6.005597851034));
#511 = CARTESIAN_POINT('',(9.290980821359E-02,-5.823233662564));
#512 = CARTESIAN_POINT('',(9.635196150359E-02,-5.682888583601));
#513 = CARTESIAN_POINT('',(9.907713234659E-02,-5.539282821707));
#514 = CARTESIAN_POINT('',(0.101105247966,-5.393421245932));
#515 = CARTESIAN_POINT('',(0.10245201581,-5.246154003195));
#516 = CARTESIAN_POINT('',(0.103126833211,-5.098168005335));
#517 = CARTESIAN_POINT('',(0.103126833211,-4.840724309503));
#518 = CARTESIAN_POINT('',(0.102759774879,-4.73153810621));
#519 = CARTESIAN_POINT('',(0.102026727671,-4.62266354569));
#520 = CARTESIAN_POINT('',(0.100925188973,-4.51436607954));
#521 = CARTESIAN_POINT('',(9.945047453059E-02,-4.406953195983));
#522 = CARTESIAN_POINT('',(9.759614288859E-02,-4.30077723269));
#523 = CARTESIAN_POINT('',(9.455545233359E-02,-4.159046261886));
#524 = CARTESIAN_POINT('',(9.370828413859E-02,-4.122058204312));
#525 = CARTESIAN_POINT('',(9.281155401559E-02,-4.0852961817));
#526 = CARTESIAN_POINT('',(9.186483989359E-02,-4.048779617796));
#527 = CARTESIAN_POINT('',(9.086769285159E-02,-4.012529267507));
#528 = CARTESIAN_POINT('',(8.981963712059E-02,-3.976567216902));
#529 = CARTESIAN_POINT('',(8.728564164759E-02,-3.894402148966));
#530 = CARTESIAN_POINT('',(8.576362314759E-02,-3.848419083669));
#531 = CARTESIAN_POINT('',(8.415297327759E-02,-3.8030189972));
#532 = CARTESIAN_POINT('',(8.245253513859E-02,-3.758259456405));
#533 = CARTESIAN_POINT('',(8.066115052459E-02,-3.714204337101));
#534 = CARTESIAN_POINT('',(7.877767423159E-02,-3.670923876092));
#535 = CARTESIAN_POINT('',(7.431814349859E-02,-3.575200972786));
#536 = CARTESIAN_POINT('',(7.168844983159E-02,-3.523254895538));
#537 = CARTESIAN_POINT('',(6.890957327959E-02,-3.472804559354));
#538 = CARTESIAN_POINT('',(6.597969068959E-02,-3.424026177769));
#539 = CARTESIAN_POINT('',(6.289776734459E-02,-3.377121418778));
#540 = CARTESIAN_POINT('',(5.966383447259E-02,-3.33231471369));
#541 = CARTESIAN_POINT('',(5.371642557759E-02,-3.257696129642));
#542 = CARTESIAN_POINT('',(5.106739520859E-02,-3.226887207769));
#543 = CARTESIAN_POINT('',(4.833295489459E-02,-3.197531056731));
#544 = CARTESIAN_POINT('',(4.551463252059E-02,-3.169745228436));
#545 = CARTESIAN_POINT('',(4.261488671659E-02,-3.143653791888));
#546 = CARTESIAN_POINT('',(3.963728895559E-02,-3.119383554754));
#547 = CARTESIAN_POINT('',(3.176450329559E-02,-3.061772828865));
#548 = CARTESIAN_POINT('',(2.675686043159E-02,-3.031327471808));
#549 = CARTESIAN_POINT('',(2.158744526259E-02,-3.006266676456));
#550 = CARTESIAN_POINT('',(1.628631851459E-02,-2.98706882256));
#551 = CARTESIAN_POINT('',(1.089043041059E-02,-2.974118326545));
#552 = CARTESIAN_POINT('',(5.444174737586E-03,-2.967647058824));
#553 = CARTESIAN_POINT('',(-4.138911435803E-13,-2.967647058824));
#554 = ( GEOMETRIC_REPRESENTATION_CONTEXT(2) 
PARAMETRIC_REPRESENTATION_CONTEXT() REPRESENTATION_CONTEXT('2D SPACE',''
  ) );
#555 = PCURVE('',#556,#561);
#556 = CYLINDRICAL_SURFACE('',#557,18.8);
#557 = AXIS2_PLACEMENT_3D('',#558,#559,#560);
#558 = CARTESIAN_POINT('',(0.,0.,10.));
#559 = DIRECTION('',(-0.,-0.,-1.));
#560 = DIRECTION('',(1.,0.,0.));
#561 = DEFINITIONAL_REPRESENTATION('',(#562),#691);
#562 = B_SPLINE_CURVE_WITH_KNOTS('',10,(#563,#564,#565,#566,#567,#568,
    #569,#570,#571,#572,#573,#574,#575,#576,#577,#578,#579,#580,#581,
    #582,#583,#584,#585,#586,#587,#588,#589,#590,#591,#592,#593,#594,
    #595,#596,#597,#598,#599,#600,#601,#602,#603,#604,#605,#606,#607,
    #608,#609,#610,#611,#612,#613,#614,#615,#616,#617,#618,#619,#620,
    #621,#622,#623,#624,#625,#626,#627,#628,#629,#630,#631,#632,#633,
    #634,#635,#636,#637,#638,#639,#640,#641,#642,#643,#644,#645,#646,
    #647,#648,#649,#650,#651,#652,#653,#654,#655,#656,#657,#658,#659,
    #660,#661,#662,#663,#664,#665,#666,#667,#668,#669,#670,#671,#672,
    #673,#674,#675,#676,#677,#678,#679,#680,#681,#682,#683,#684,#685,
    #686,#687,#688,#689,#690),.UNSPECIFIED.,.F.,.F.,(11,9,9,9,9,9,9,9,9,
    9,9,9,9,9,11),(0.,6.250000000003E-02,9.179687500003E-02,
    0.148559570313,0.254989624023,0.301552772522,0.476164579392,
    0.492534436286,0.508392735152,0.631294551364,0.723470913523,
    0.792603185142,0.896301592571,0.948150796286,1.),.UNSPECIFIED.);
#563 = CARTESIAN_POINT('',(-6.28318530718,-6.932352941176));
#564 = CARTESIAN_POINT('',(-6.28076742903,-6.932352941176));
#565 = CARTESIAN_POINT('',(-6.278349160099,-6.931137237996));
#566 = CARTESIAN_POINT('',(-6.27593440698,-6.928705395675));
#567 = CARTESIAN_POINT('',(-6.273526859137,-6.925063254334));
#568 = CARTESIAN_POINT('',(-6.271129993831,-6.920222338403));
#569 = CARTESIAN_POINT('',(-6.268747081043,-6.91419926484));
#570 = CARTESIAN_POINT('',(-6.266381188403,-6.907015151359));
#571 = CARTESIAN_POINT('',(-6.264035186114,-6.898695024647));
#572 = CARTESIAN_POINT('',(-6.261711751879,-6.889267228592));
#573 = CARTESIAN_POINT('',(-6.258336012048,-6.873838896834));
#574 = CARTESIAN_POINT('',(-6.257264154193,-6.868678416874));
#575 = CARTESIAN_POINT('',(-6.2561980587,-6.863284610499));
#576 = CARTESIAN_POINT('',(-6.255137972936,-6.857660834739));
#577 = CARTESIAN_POINT('',(-6.2540841353,-6.851810577565));
#578 = CARTESIAN_POINT('',(-6.253036775323,-6.845737449686));
#579 = CARTESIAN_POINT('',(-6.251996113765,-6.83944517634));
#580 = CARTESIAN_POINT('',(-6.250962362722,-6.832937589089));
#581 = CARTESIAN_POINT('',(-6.249935725725,-6.826218617609));
#582 = CARTESIAN_POINT('',(-6.24694145006,-6.80587250525));
#583 = CARTESIAN_POINT('',(-6.244993905874,-6.791673980198));
#584 = CARTESIAN_POINT('',(-6.243075893474,-6.776731719238));
#585 = CARTESIAN_POINT('',(-6.241185199376,-6.761049482727));
#586 = CARTESIAN_POINT('',(-6.239326194147,-6.744680347532));
#587 = CARTESIAN_POINT('',(-6.237498710526,-6.727645512938));
#588 = CARTESIAN_POINT('',(-6.235701512927,-6.709958802989));
#589 = CARTESIAN_POINT('',(-6.233937638048,-6.691665249129));
#590 = CARTESIAN_POINT('',(-6.232206016836,-6.672780412192));
#591 = CARTESIAN_POINT('',(-6.227322517865,-6.616868322858));
#592 = CARTESIAN_POINT('',(-6.224253472043,-6.578423870246));
#593 = CARTESIAN_POINT('',(-6.22130224837,-6.538162078345));
#594 = CARTESIAN_POINT('',(-6.21847072799,-6.496259138366));
#595 = CARTESIAN_POINT('',(-6.215756827223,-6.452821761399));
#596 = CARTESIAN_POINT('',(-6.213161261682,-6.408000329632));
#597 = CARTESIAN_POINT('',(-6.210684279686,-6.361935013131));
#598 = CARTESIAN_POINT('',(-6.208322538837,-6.314699484845));
#599 = CARTESIAN_POINT('',(-6.206075960565,-6.266411136129));
#600 = CARTESIAN_POINT('',(-6.203009660114,-6.195608964989));
#601 = CARTESIAN_POINT('',(-6.202098165597,-6.173875700312));
#602 = CARTESIAN_POINT('',(-6.201208279642,-6.151965196421));
#603 = CARTESIAN_POINT('',(-6.200339882625,-6.129884720501));
#604 = CARTESIAN_POINT('',(-6.199492854302,-6.107641269106));
#605 = CARTESIAN_POINT('',(-6.198667074032,-6.085241568952));
#606 = CARTESIAN_POINT('',(-6.19786242099,-6.062692077696));
#607 = CARTESIAN_POINT('',(-6.197078774388,-6.039998984725));
#608 = CARTESIAN_POINT('',(-6.196316013682,-6.017168211943));
#609 = CARTESIAN_POINT('',(-6.192791537992,-5.90809492434));
#610 = CARTESIAN_POINT('',(-6.190300912393,-5.820122298988));
#611 = CARTESIAN_POINT('',(-6.188097818405,-5.730651304941));
#612 = CARTESIAN_POINT('',(-6.186171250883,-5.639785609324));
#613 = CARTESIAN_POINT('',(-6.184523413423,-5.547956390539));
#614 = CARTESIAN_POINT('',(-6.18314309686,-5.455176147167));
#615 = CARTESIAN_POINT('',(-6.18203198706,-5.361776669859));
#616 = CARTESIAN_POINT('',(-6.181184727699,-5.267858096711));
#617 = CARTESIAN_POINT('',(-6.180600453109,-5.173598578167));
#618 = CARTESIAN_POINT('',(-6.180248171963,-5.07027224143));
#619 = CARTESIAN_POINT('',(-6.180220280993,-5.061413854411));
#620 = CARTESIAN_POINT('',(-6.180194694083,-5.052553735387));
#621 = CARTESIAN_POINT('',(-6.180171410826,-5.043691994846));
#622 = CARTESIAN_POINT('',(-6.180150430912,-5.034828741901));
#623 = CARTESIAN_POINT('',(-6.180131754121,-5.025964084298));
#624 = CARTESIAN_POINT('',(-6.180115380334,-5.017098128415));
#625 = CARTESIAN_POINT('',(-6.18010130953,-5.008230979272));
#626 = CARTESIAN_POINT('',(-6.180089541789,-4.999362740527));
#627 = CARTESIAN_POINT('',(-6.180070908566,-4.981901451763));
#628 = CARTESIAN_POINT('',(-6.180063901528,-4.973308356478));
#629 = CARTESIAN_POINT('',(-6.180059055739,-4.964714991944));
#630 = CARTESIAN_POINT('',(-6.180056372068,-4.95612017222));
#631 = CARTESIAN_POINT('',(-6.180055851294,-4.947524053351));
#632 = CARTESIAN_POINT('',(-6.180057493553,-4.938928165657));
#633 = CARTESIAN_POINT('',(-6.18006129838,-4.930333874396));
#634 = CARTESIAN_POINT('',(-6.180067265107,-4.921740956137));
#635 = CARTESIAN_POINT('',(-6.180075393349,-4.913147978176));
#636 = CARTESIAN_POINT('',(-6.180165430795,-4.83796964199));
#637 = CARTESIAN_POINT('',(-6.180374998335,-4.771438623652));
#638 = CARTESIAN_POINT('',(-6.180714373313,-4.70500803185));
#639 = CARTESIAN_POINT('',(-6.18118381749,-4.638726727215));
#640 = CARTESIAN_POINT('',(-6.181783848913,-4.572647628114));
#641 = CARTESIAN_POINT('',(-6.182515223776,-4.506827826295));
#642 = CARTESIAN_POINT('',(-6.183378918294,-4.441328702528));
#643 = CARTESIAN_POINT('',(-6.184376110571,-4.37621604225));
#644 = CARTESIAN_POINT('',(-6.185508162467,-4.311560151206));
#645 = CARTESIAN_POINT('',(-6.187727930718,-4.199342836013));
#646 = CARTESIAN_POINT('',(-6.188755987393,-4.15154883612));
#647 = CARTESIAN_POINT('',(-6.189861426822,-4.104085619247));
#648 = CARTESIAN_POINT('',(-6.191044972463,-4.05698660605));
#649 = CARTESIAN_POINT('',(-6.192307407692,-4.01028732875));
#650 = CARTESIAN_POINT('',(-6.193649567605,-3.964025769862));
#651 = CARTESIAN_POINT('',(-6.195072330813,-3.918242700934));
#652 = CARTESIAN_POINT('',(-6.196576611233,-3.872982021276));
#653 = CARTESIAN_POINT('',(-6.19816334989,-3.828291096699));
#654 = CARTESIAN_POINT('',(-6.201086124324,-3.751168599405));
#655 = CARTESIAN_POINT('',(-6.202385662605,-3.718465439557));
#656 = CARTESIAN_POINT('',(-6.203732491748,-3.686133851279));
#657 = CARTESIAN_POINT('',(-6.205127054015,-3.654196013788));
#658 = CARTESIAN_POINT('',(-6.206569737777,-3.622676434883));
#659 = CARTESIAN_POINT('',(-6.208060874856,-3.591601963257));
#660 = CARTESIAN_POINT('',(-6.209600792268,-3.561000742519));
#661 = CARTESIAN_POINT('',(-6.211189849468,-3.53090141828));
#662 = CARTESIAN_POINT('',(-6.212828392174,-3.501333909653));
#663 = CARTESIAN_POINT('',(-6.217048796451,-3.428831776815));
#664 = CARTESIAN_POINT('',(-6.219692687783,-3.386605032147));
#665 = CARTESIAN_POINT('',(-6.222449128505,-3.345763548869));
#666 = CARTESIAN_POINT('',(-6.225317487237,-3.306440878962));
#667 = CARTESIAN_POINT('',(-6.228299292197,-3.268750414514));
#668 = CARTESIAN_POINT('',(-6.231393073697,-3.232845660814));
#669 = CARTESIAN_POINT('',(-6.234596213877,-3.198893847691));
#670 = CARTESIAN_POINT('',(-6.237907122313,-3.167043965838));
#671 = CARTESIAN_POINT('',(-6.241320605332,-3.137475659605));
#672 = CARTESIAN_POINT('',(-6.246586096969,-3.096794805387));
#673 = CARTESIAN_POINT('',(-6.24836530661,-3.083847688506));
#674 = CARTESIAN_POINT('',(-6.25016857966,-3.071529209508));
#675 = CARTESIAN_POINT('',(-6.25199477028,-3.05986339836));
#676 = CARTESIAN_POINT('',(-6.253842546201,-3.048874167447));
#677 = CARTESIAN_POINT('',(-6.255710701394,-3.038582541276));
#678 = CARTESIAN_POINT('',(-6.257598072144,-3.029007367968));
#679 = CARTESIAN_POINT('',(-6.25950332434,-3.02016708712));
#680 = CARTESIAN_POINT('',(-6.26142487978,-3.012080128622));
#681 = CARTESIAN_POINT('',(-6.265297618819,-2.99744290536));
#682 = CARTESIAN_POINT('',(-6.267248791761,-2.990892783965));
#683 = CARTESIAN_POINT('',(-6.269213216846,-2.985126779181));
#684 = CARTESIAN_POINT('',(-6.271189251625,-2.98015897292));
#685 = CARTESIAN_POINT('',(-6.273175160532,-2.97600165965));
#686 = CARTESIAN_POINT('',(-6.275169112922,-2.972665103427));
#687 = CARTESIAN_POINT('',(-6.277169181118,-2.970157294912));
#688 = CARTESIAN_POINT('',(-6.279173338452,-2.968483708395));
#689 = CARTESIAN_POINT('',(-6.281179457311,-2.967647058824));
#690 = CARTESIAN_POINT('',(-6.28318530718,-2.967647058824));
#691 = ( GEOMETRIC_REPRESENTATION_CONTEXT(2) 
PARAMETRIC_REPRESENTATION_CONTEXT() REPRESENTATION_CONTEXT('2D SPACE',''
  ) );
#692 = ORIENTED_EDGE('',*,*,#693,.T.);
#693 = EDGE_CURVE('',#409,#694,#696,.T.);
#694 = VERTEX_POINT('',#695);
#695 = CARTESIAN_POINT('',(18.8,0.,17.8));
#696 = SEAM_CURVE('',#697,(#701,#708),.PCURVE_S1.);
#697 = LINE('',#698,#699);
#698 = CARTESIAN_POINT('',(18.8,0.,10.));
#699 = VECTOR('',#700,1.);
#700 = DIRECTION('',(0.,0.,1.));
#701 = PCURVE('',#222,#702);
#702 = DEFINITIONAL_REPRESENTATION('',(#703),#707);
#703 = LINE('',#704,#705);
#704 = CARTESIAN_POINT('',(-4.138911435803E-13,0.));
#705 = VECTOR('',#706,1.);
#706 = DIRECTION('',(-0.,-1.));
#707 = ( GEOMETRIC_REPRESENTATION_CONTEXT(2) 
PARAMETRIC_REPRESENTATION_CONTEXT() REPRESENTATION_CONTEXT('2D SPACE',''
  ) );
#708 = PCURVE('',#222,#709);
#709 = DEFINITIONAL_REPRESENTATION('',(#710),#714);
#710 = LINE('',#711,#712);
#711 = CARTESIAN_POINT('',(6.28318530718,0.));
#712 = VECTOR('',#713,1.);
#713 = DIRECTION('',(-0.,-1.));
#714 = ( GEOMETRIC_REPRESENTATION_CONTEXT(2) 
PARAMETRIC_REPRESENTATION_CONTEXT() REPRESENTATION_CONTEXT('2D SPACE',''
  ) );
#715 = ORIENTED_EDGE('',*,*,#716,.F.);
#716 = EDGE_CURVE('',#694,#694,#717,.T.);
#717 = SURFACE_CURVE('',#718,(#723,#730),.PCURVE_S1.);
#718 = CIRCLE('',#719,18.8);
#719 = AXIS2_PLACEMENT_3D('',#720,#721,#722);
#720 = CARTESIAN_POINT('',(0.,0.,17.8));
#721 = DIRECTION('',(0.,0.,1.));
#722 = DIRECTION('',(1.,0.,-0.));
#723 = PCURVE('',#222,#724);
#724 = DEFINITIONAL_REPRESENTATION('',(#725),#729);
#725 = LINE('',#726,#727);
#726 = CARTESIAN_POINT('',(6.28318530718,-7.8));
#727 = VECTOR('',#728,1.);
#728 = DIRECTION('',(-1.,0.));
#729 = ( GEOMETRIC_REPRESENTATION_CONTEXT(2) 
PARAMETRIC_REPRESENTATION_CONTEXT() REPRESENTATION_CONTEXT('2D SPACE',''
  ) );
#730 = PCURVE('',#731,#736);
#731 = PLANE('',#732);
#732 = AXIS2_PLACEMENT_3D('',#733,#734,#735);
#733 = CARTESIAN_POINT('',(-1.163778836204E-15,-7.674453274657E-16,17.8)
  );
#734 = DIRECTION('',(0.,0.,1.));
#735 = DIRECTION('',(1.,0.,-0.));
#736 = DEFINITIONAL_REPRESENTATION('',(#737),#741);
#737 = CIRCLE('',#738,18.8);
#738 = AXIS2_PLACEMENT_2D('',#739,#740);
#739 = CARTESIAN_POINT('',(1.163778836204E-15,7.674453274657E-16));
#740 = DIRECTION('',(1.,0.));
#741 = ( GEOMETRIC_REPRESENTATION_CONTEXT(2) 
PARAMETRIC_REPRESENTATION_CONTEXT() REPRESENTATION_CONTEXT('2D SPACE',''
  ) );
#742 = ORIENTED_EDGE('',*,*,#693,.F.);
#743 = ORIENTED_EDGE('',*,*,#744,.F.);
#744 = EDGE_CURVE('',#411,#409,#745,.T.);
#745 = SURFACE_CURVE('',#746,(#827,#911),.PCURVE_S1.);
#746 = B_SPLINE_CURVE_WITH_KNOTS('',7,(#747,#748,#749,#750,#751,#752,
    #753,#754,#755,#756,#757,#758,#759,#760,#761,#762,#763,#764,#765,
    #766,#767,#768,#769,#770,#771,#772,#773,#774,#775,#776,#777,#778,
    #779,#780,#781,#782,#783,#784,#785,#786,#787,#788,#789,#790,#791,
    #792,#793,#794,#795,#796,#797,#798,#799,#800,#801,#802,#803,#804,
    #805,#806,#807,#808,#809,#810,#811,#812,#813,#814,#815,#816,#817,
    #818,#819,#820,#821,#822,#823,#824,#825,#826),.UNSPECIFIED.,.F.,.F.,
  (8,6,6,6,6,6,6,6,6,6,6,6,6,8),(0.,4.859524237095E-02,
    9.867230845623E-02,0.161370404483,0.243854278507,0.309645998475,
    0.361188492603,0.49997131731,0.690329051042,0.756126072696,
    0.838616593508,0.901319741928,0.951539028363,1.),.UNSPECIFIED.);
#747 = CARTESIAN_POINT('',(18.8,-4.604671964794E-15,12.967647058824));
#748 = CARTESIAN_POINT('',(18.8,5.048723147001E-02,12.967647058824));
#749 = CARTESIAN_POINT('',(18.799841823514,0.100976582063,
    12.969221652302));
#750 = CARTESIAN_POINT('',(18.799525432193,0.151356816721,
    12.972370977229));
#751 = CARTESIAN_POINT('',(18.799052903432,0.201521712338,
    12.977082449421));
#752 = CARTESIAN_POINT('',(18.798428219307,0.251370206574,
    12.983331959222));
#753 = CARTESIAN_POINT('',(18.797657055501,0.300806546674,
    12.991085068189));
#754 = CARTESIAN_POINT('',(18.795808321384,0.400166480092,
    13.009792281277));
#755 = CARTESIAN_POINT('',(18.794722057486,0.450062086969,13.02083739702
    ));
#756 = CARTESIAN_POINT('',(18.793495536331,0.49933100611,13.033386428716
    ));
#757 = CARTESIAN_POINT('',(18.792137935445,0.547890029776,
    13.047383981881));
#758 = CARTESIAN_POINT('',(18.790659437679,0.595667990873,
    13.062768774763));
#759 = CARTESIAN_POINT('',(18.7890708168,0.642604758542,13.079476021259)
  );
#760 = CARTESIAN_POINT('',(18.785269851081,0.746300648446,
    13.119931059427));
#761 = CARTESIAN_POINT('',(18.783001198024,0.802553913327,
    13.144392109656));
#762 = CARTESIAN_POINT('',(18.7805985162,0.857316953546,13.170694813563)
  );
#763 = CARTESIAN_POINT('',(18.778083449222,0.910521819981,
    13.198710004836));
#764 = CARTESIAN_POINT('',(18.775477205194,0.962122124753,13.22831137548
    ));
#765 = CARTESIAN_POINT('',(18.772799929902,1.012089476736,13.2593793495)
  );
#766 = CARTESIAN_POINT('',(18.766478765256,1.12397894653,13.3344631848)
  );
#767 = CARTESIAN_POINT('',(18.762796798149,1.18469164293,13.379466941406
    ));
#768 = CARTESIAN_POINT('',(18.759066265199,1.242524122775,
    13.426570639219));
#769 = CARTESIAN_POINT('',(18.755325280703,1.297477978479,
    13.475548983337));
#770 = CARTESIAN_POINT('',(18.751607829965,1.349574939621,13.52619964039
    ));
#771 = CARTESIAN_POINT('',(18.747943612535,1.39885153419,13.578345907789
    ));
#772 = CARTESIAN_POINT('',(18.74149779728,1.482445372737,13.67450745335)
  );
#773 = CARTESIAN_POINT('',(18.738687866068,1.517769398659,
    13.718029701051));
#774 = CARTESIAN_POINT('',(18.735941104734,1.551348036376,
    13.762328857224));
#775 = CARTESIAN_POINT('',(18.733269139364,1.583203958773,
    13.807334137812));
#776 = CARTESIAN_POINT('',(18.730682300706,1.613360020753,
    13.852981187372));
#777 = CARTESIAN_POINT('',(18.728189715659,1.641838977146,
    13.899212022882));
#778 = CARTESIAN_POINT('',(18.723926778714,1.689677811283,
    13.982609972304));
#779 = CARTESIAN_POINT('',(18.722116969732,1.709676473389,
    14.019570913141));
#780 = CARTESIAN_POINT('',(18.720373819048,1.728669724644,
    14.056832626251));
#781 = CARTESIAN_POINT('',(18.718700834743,1.746667513653,
    14.094371393396));
#782 = CARTESIAN_POINT('',(18.71710118575,1.763679199914,14.132164951907
    ));
#783 = CARTESIAN_POINT('',(18.715577701856,1.779713553819,
    14.170192494679));
#784 = CARTESIAN_POINT('',(18.710242543298,1.835343177131,
    14.311405184678));
#785 = CARTESIAN_POINT('',(18.706922942482,1.868877223733,
    14.415921413446));
#786 = CARTESIAN_POINT('',(18.70422251027,1.895547964715,14.521618004185
    ));
#787 = CARTESIAN_POINT('',(18.702175689288,1.915469716635,14.62816423686
    ));
#788 = CARTESIAN_POINT('',(18.700804163487,1.928721810893,
    14.735257684672));
#789 = CARTESIAN_POINT('',(18.700118217474,1.935349749399,
    14.842620739239));
#790 = CARTESIAN_POINT('',(18.700118217474,1.935349749399,15.09728387876
    ));
#791 = CARTESIAN_POINT('',(18.701408732057,1.922880632065,
    15.244485257317));
#792 = CARTESIAN_POINT('',(18.703987106413,1.897965740377,
    15.391011597391));
#793 = CARTESIAN_POINT('',(18.707819116068,1.860431732845,15.53614930471
    ));
#794 = CARTESIAN_POINT('',(18.712827582885,1.809989438255,
    15.679050374016));
#795 = CARTESIAN_POINT('',(18.718883959518,1.746268512521,
    15.818734855078));
#796 = CARTESIAN_POINT('',(18.728189715659,1.641838977146,
    16.000787977118));
#797 = CARTESIAN_POINT('',(18.730682300706,1.613360020753,
    16.047018812628));
#798 = CARTESIAN_POINT('',(18.733269139364,1.583203958773,
    16.092665862188));
#799 = CARTESIAN_POINT('',(18.735941104734,1.551348036376,
    16.137671142776));
#800 = CARTESIAN_POINT('',(18.738687866068,1.517769398659,
    16.181970298949));
#801 = CARTESIAN_POINT('',(18.74149779728,1.482445372737,16.22549254665)
  );
#802 = CARTESIAN_POINT('',(18.747943612535,1.39885153419,16.321654092211
    ));
#803 = CARTESIAN_POINT('',(18.751607829965,1.349574939621,16.37380035961
    ));
#804 = CARTESIAN_POINT('',(18.755325280703,1.297477978479,
    16.424451016663));
#805 = CARTESIAN_POINT('',(18.759066265199,1.242524122775,
    16.473429360781));
#806 = CARTESIAN_POINT('',(18.762796798149,1.18469164293,16.520533058594
    ));
#807 = CARTESIAN_POINT('',(18.766478765256,1.12397894653,16.5655368152)
  );
#808 = CARTESIAN_POINT('',(18.772799929902,1.012089476736,16.6406206505)
  );
#809 = CARTESIAN_POINT('',(18.775477205194,0.962122124753,16.67168862452
    ));
#810 = CARTESIAN_POINT('',(18.778083449222,0.910521819981,
    16.701289995164));
#811 = CARTESIAN_POINT('',(18.7805985162,0.857316953546,16.729305186437)
  );
#812 = CARTESIAN_POINT('',(18.783001198024,0.802553913327,
    16.755607890344));
#813 = CARTESIAN_POINT('',(18.785269851081,0.746300648446,
    16.780068940573));
#814 = CARTESIAN_POINT('',(18.789075473802,0.642477708745,
    16.820573544875));
#815 = CARTESIAN_POINT('',(18.790668204053,0.595408953367,16.83732341816
    ));
#816 = CARTESIAN_POINT('',(18.792150172274,0.547494493761,
    16.852743346817));
#817 = CARTESIAN_POINT('',(18.793510515515,0.498794994893,
    16.866768007711));
#818 = CARTESIAN_POINT('',(18.794738969646,0.449382277129,
    16.879335629809));
#819 = CARTESIAN_POINT('',(18.795826289568,0.399340332818,
    16.890390410217));
#820 = CARTESIAN_POINT('',(18.797670194051,0.299963086844,
    16.909047021066));
#821 = CARTESIAN_POINT('',(18.798437088296,0.25066147824,16.916756766758
    ));
#822 = CARTESIAN_POINT('',(18.799058270482,0.200951130311,
    16.922971063108));
#823 = CARTESIAN_POINT('',(18.799528127352,0.15092704179,16.927655850184
    ));
#824 = CARTESIAN_POINT('',(18.799842721703,0.100689449162,
    16.930787289495));
#825 = CARTESIAN_POINT('',(18.8,5.034367894924E-02,16.932352941176));
#826 = CARTESIAN_POINT('',(18.8,-4.604671964794E-15,16.932352941176));
#827 = PCURVE('',#222,#828);
#828 = DEFINITIONAL_REPRESENTATION('',(#829),#910);
#829 = B_SPLINE_CURVE_WITH_KNOTS('',7,(#830,#831,#832,#833,#834,#835,
    #836,#837,#838,#839,#840,#841,#842,#843,#844,#845,#846,#847,#848,
    #849,#850,#851,#852,#853,#854,#855,#856,#857,#858,#859,#860,#861,
    #862,#863,#864,#865,#866,#867,#868,#869,#870,#871,#872,#873,#874,
    #875,#876,#877,#878,#879,#880,#881,#882,#883,#884,#885,#886,#887,
    #888,#889,#890,#891,#892,#893,#894,#895,#896,#897,#898,#899,#900,
    #901,#902,#903,#904,#905,#906,#907,#908,#909),.UNSPECIFIED.,.F.,.F.,
  (8,6,6,6,6,6,6,6,6,6,6,6,6,8),(0.,4.859524237095E-02,
    9.867230845623E-02,0.161370404483,0.243854278507,0.309645998475,
    0.361188492603,0.49997131731,0.690329051042,0.756126072696,
    0.838616593508,0.901319741928,0.951539028363,1.),.UNSPECIFIED.);
#830 = CARTESIAN_POINT('',(6.28318530718,-2.967647058824));
#831 = CARTESIAN_POINT('',(6.280499816144,-2.967647058824));
#832 = CARTESIAN_POINT('',(6.277814212418,-2.969221652302));
#833 = CARTESIAN_POINT('',(6.275134381017,-2.972370977229));
#834 = CARTESIAN_POINT('',(6.272465940586,-2.977082449421));
#835 = CARTESIAN_POINT('',(6.269814236885,-2.983331959222));
#836 = CARTESIAN_POINT('',(6.267184336269,-2.991085068189));
#837 = CARTESIAN_POINT('',(6.261898318657,-3.009792281277));
#838 = CARTESIAN_POINT('',(6.259243681469,-3.02083739702));
#839 = CARTESIAN_POINT('',(6.256622202478,-3.033386428716));
#840 = CARTESIAN_POINT('',(6.254038287658,-3.047383981881));
#841 = CARTESIAN_POINT('',(6.251495707631,-3.062768774763));
#842 = CARTESIAN_POINT('',(6.248997651222,-3.079476021259));
#843 = CARTESIAN_POINT('',(6.243478208212,-3.119931059427));
#844 = CARTESIAN_POINT('',(6.240483601184,-3.144392109656));
#845 = CARTESIAN_POINT('',(6.237567899598,-3.170694813563));
#846 = CARTESIAN_POINT('',(6.234734721097,-3.198710004836));
#847 = CARTESIAN_POINT('',(6.231986546561,-3.22831137548));
#848 = CARTESIAN_POINT('',(6.229324907397,-3.2593793495));
#849 = CARTESIAN_POINT('',(6.223363849749,-3.3344631848));
#850 = CARTESIAN_POINT('',(6.220128545409,-3.379466941406));
#851 = CARTESIAN_POINT('',(6.217045991036,-3.426570639219));
#852 = CARTESIAN_POINT('',(6.214116178561,-3.475548983337));
#853 = CARTESIAN_POINT('',(6.211338038183,-3.52619964039));
#854 = CARTESIAN_POINT('',(6.208709715933,-3.578345907789));
#855 = CARTESIAN_POINT('',(6.204250035902,-3.67450745335));
#856 = CARTESIAN_POINT('',(6.202365168495,-3.718029701051));
#857 = CARTESIAN_POINT('',(6.200573111845,-3.762328857224));
#858 = CARTESIAN_POINT('',(6.198872703702,-3.807334137812));
#859 = CARTESIAN_POINT('',(6.197262770924,-3.852981187372));
#860 = CARTESIAN_POINT('',(6.195742143657,-3.899212022882));
#861 = CARTESIAN_POINT('',(6.193187441819,-3.982609972304));
#862 = CARTESIAN_POINT('',(6.192119337092,-4.019570913141));
#863 = CARTESIAN_POINT('',(6.19110481315,-4.056832626251));
#864 = CARTESIAN_POINT('',(6.190143358072,-4.094371393396));
#865 = CARTESIAN_POINT('',(6.189234490197,-4.132164951907));
#866 = CARTESIAN_POINT('',(6.188377758123,-4.170192494679));
#867 = CARTESIAN_POINT('',(6.185405158554,-4.311405184678));
#868 = CARTESIAN_POINT('',(6.183612722596,-4.415921413446));
#869 = CARTESIAN_POINT('',(6.182186816365,-4.521618004185));
#870 = CARTESIAN_POINT('',(6.181121570563,-4.62816423686));
#871 = CARTESIAN_POINT('',(6.180412906957,-4.735257684672));
#872 = CARTESIAN_POINT('',(6.180058473969,-4.842620739239));
#873 = CARTESIAN_POINT('',(6.180058473969,-5.09728387876));
#874 = CARTESIAN_POINT('',(6.180725267577,-5.244485257316));
#875 = CARTESIAN_POINT('',(6.182057605813,-5.391011597392));
#876 = CARTESIAN_POINT('',(6.184064470615,-5.536149304708));
#877 = CARTESIAN_POINT('',(6.18676074357,-5.679050374017));
#878 = CARTESIAN_POINT('',(6.190165370503,-5.818734855078));
#879 = CARTESIAN_POINT('',(6.195742143657,-6.000787977118));
#880 = CARTESIAN_POINT('',(6.197262770924,-6.047018812628));
#881 = CARTESIAN_POINT('',(6.198872703702,-6.092665862188));
#882 = CARTESIAN_POINT('',(6.200573111845,-6.137671142776));
#883 = CARTESIAN_POINT('',(6.202365168495,-6.181970298949));
#884 = CARTESIAN_POINT('',(6.204250035902,-6.22549254665));
#885 = CARTESIAN_POINT('',(6.208709715933,-6.321654092211));
#886 = CARTESIAN_POINT('',(6.211338038183,-6.37380035961));
#887 = CARTESIAN_POINT('',(6.214116178561,-6.424451016663));
#888 = CARTESIAN_POINT('',(6.217045991036,-6.473429360781));
#889 = CARTESIAN_POINT('',(6.220128545409,-6.520533058594));
#890 = CARTESIAN_POINT('',(6.223363849749,-6.5655368152));
#891 = CARTESIAN_POINT('',(6.229324907397,-6.6406206505));
#892 = CARTESIAN_POINT('',(6.231986546561,-6.67168862452));
#893 = CARTESIAN_POINT('',(6.234734721097,-6.701289995164));
#894 = CARTESIAN_POINT('',(6.237567899598,-6.729305186437));
#895 = CARTESIAN_POINT('',(6.240483601184,-6.755607890344));
#896 = CARTESIAN_POINT('',(6.243478208212,-6.780068940573));
#897 = CARTESIAN_POINT('',(6.249004413729,-6.820573544875));
#898 = CARTESIAN_POINT('',(6.251509494057,-6.83732341816));
#899 = CARTESIAN_POINT('',(6.254059336729,-6.852743346817));
#900 = CARTESIAN_POINT('',(6.256650724608,-6.866768007711));
#901 = CARTESIAN_POINT('',(6.259279852476,-6.879335629809));
#902 = CARTESIAN_POINT('',(6.261942272833,-6.890390410217));
#903 = CARTESIAN_POINT('',(6.267229206394,-6.909047021066));
#904 = CARTESIAN_POINT('',(6.269851937867,-6.916756766758));
#905 = CARTESIAN_POINT('',(6.272496291771,-6.922971063108));
#906 = CARTESIAN_POINT('',(6.275157241656,-6.927655850184));
#907 = CARTESIAN_POINT('',(6.277829485444,-6.930787289495));
#908 = CARTESIAN_POINT('',(6.280507451916,-6.932352941176));
#909 = CARTESIAN_POINT('',(6.28318530718,-6.932352941176));
#910 = ( GEOMETRIC_REPRESENTATION_CONTEXT(2) 
PARAMETRIC_REPRESENTATION_CONTEXT() REPRESENTATION_CONTEXT('2D SPACE',''
  ) );
#911 = PCURVE('',#556,#912);
#912 = DEFINITIONAL_REPRESENTATION('',(#913),#1012);
#913 = B_SPLINE_CURVE_WITH_KNOTS('',9,(#914,#915,#916,#917,#918,#919,
    #920,#921,#922,#923,#924,#925,#926,#927,#928,#929,#930,#931,#932,
    #933,#934,#935,#936,#937,#938,#939,#940,#941,#942,#943,#944,#945,
    #946,#947,#948,#949,#950,#951,#952,#953,#954,#955,#956,#957,#958,
    #959,#960,#961,#962,#963,#964,#965,#966,#967,#968,#969,#970,#971,
    #972,#973,#974,#975,#976,#977,#978,#979,#980,#981,#982,#983,#984,
    #985,#986,#987,#988,#989,#990,#991,#992,#993,#994,#995,#996,#997,
    #998,#999,#1000,#1001,#1002,#1003,#1004,#1005,#1006,#1007,#1008,
    #1009,#1010,#1011),.UNSPECIFIED.,.F.,.F.,(10,8,8,8,8,8,8,8,8,8,8,8,
    10),(0.,0.125,0.234375,0.330078125,0.413818359375,0.487091064453,
    0.519147872925,0.639360904694,0.684440791607,0.763330593705,
    0.822497945279,0.911248972639,1.),.UNSPECIFIED.);
#914 = CARTESIAN_POINT('',(-6.28318530718,-2.967647058824));
#915 = CARTESIAN_POINT('',(-6.288558043141,-2.967647058824));
#916 = CARTESIAN_POINT('',(-6.293930992831,-2.97372404019));
#917 = CARTESIAN_POINT('',(-6.299263646635,-2.985880500541));
#918 = CARTESIAN_POINT('',(-6.30451547204,-3.00396385055));
#919 = CARTESIAN_POINT('',(-6.309650693849,-3.027677346848));
#920 = CARTESIAN_POINT('',(-6.314640602183,-3.056624468663));
#921 = CARTESIAN_POINT('',(-6.319463990474,-3.090365569923));
#922 = CARTESIAN_POINT('',(-6.324106325662,-3.128465638535));
#923 = CARTESIAN_POINT('',(-6.332453688997,-3.207302556099));
#924 = CARTESIAN_POINT('',(-6.336203333673,-3.24711464422));
#925 = CARTESIAN_POINT('',(-6.339800408154,-3.289665024065));
#926 = CARTESIAN_POINT('',(-6.343242857896,-3.334708181166));
#927 = CARTESIAN_POINT('',(-6.346525312751,-3.381942491891));
#928 = CARTESIAN_POINT('',(-6.349653666475,-3.431223885891));
#929 = CARTESIAN_POINT('',(-6.352624454608,-3.482298231755));
#930 = CARTESIAN_POINT('',(-6.355441026517,-3.535006713559));
#931 = CARTESIAN_POINT('',(-6.36043595366,-3.63659615016));
#932 = CARTESIAN_POINT('',(-6.362650154142,-3.685133287098));
#933 = CARTESIAN_POINT('',(-6.364748777025,-3.734690419325));
#934 = CARTESIAN_POINT('',(-6.36673328149,-3.78517109342));
#935 = CARTESIAN_POINT('',(-6.368605234396,-3.836488792183));
#936 = CARTESIAN_POINT('',(-6.370366195274,-3.888565055376));
#937 = CARTESIAN_POINT('',(-6.372017649872,-3.941328069486));
#938 = CARTESIAN_POINT('',(-6.373560992286,-3.994711726495));
#939 = CARTESIAN_POINT('',(-6.376254548576,-4.095855648694));
#940 = CARTESIAN_POINT('',(-6.377429786911,-4.143484814355));
#941 = CARTESIAN_POINT('',(-6.37852413749,-4.191500524544));
#942 = CARTESIAN_POINT('',(-6.379538511813,-4.239870207701));
#943 = CARTESIAN_POINT('',(-6.380473512616,-4.288549627335));
#944 = CARTESIAN_POINT('',(-6.381329870106,-4.337506804473));
#945 = CARTESIAN_POINT('',(-6.382108379232,-4.386719659693));
#946 = CARTESIAN_POINT('',(-6.38280942064,-4.436150184788));
#947 = CARTESIAN_POINT('',(-6.383979605482,-4.529191434138));
#948 = CARTESIAN_POINT('',(-6.384466776475,-4.572756960166));
#949 = CARTESIAN_POINT('',(-6.384895341386,-4.616449290554));
#950 = CARTESIAN_POINT('',(-6.38526556873,-4.660249560737));
#951 = CARTESIAN_POINT('',(-6.385577685052,-4.704139495415));
#952 = CARTESIAN_POINT('',(-6.385831873616,-4.748101390398));
#953 = CARTESIAN_POINT('',(-6.386028273101,-4.792118094461));
#954 = CARTESIAN_POINT('',(-6.386166976298,-4.836172991189));
#955 = CARTESIAN_POINT('',(-6.386283489275,-4.899533663804));
#956 = CARTESIAN_POINT('',(-6.386307914525,-4.918821939358));
#957 = CARTESIAN_POINT('',(-6.3863213103,-4.938110641349));
#958 = CARTESIAN_POINT('',(-6.386323674376,-4.957406892246));
#959 = CARTESIAN_POINT('',(-6.386315006475,-4.976699402043));
#960 = CARTESIAN_POINT('',(-6.386295310854,-4.995984876666));
#961 = CARTESIAN_POINT('',(-6.38626458945,-5.015270525232));
#962 = CARTESIAN_POINT('',(-6.386222834827,-5.034549391986));
#963 = CARTESIAN_POINT('',(-6.385972076614,-5.126094161747));
#964 = CARTESIAN_POINT('',(-6.385618918131,-5.198274878614));
#965 = CARTESIAN_POINT('',(-6.385110253033,-5.270296635532));
#966 = CARTESIAN_POINT('',(-6.384445425633,-5.342086572867));
#967 = CARTESIAN_POINT('',(-6.383623453785,-5.413566198848));
#968 = CARTESIAN_POINT('',(-6.38264304297,-5.484651126909));
#969 = CARTESIAN_POINT('',(-6.381502600387,-5.555250813019));
#970 = CARTESIAN_POINT('',(-6.380200249032,-5.625268293026));
#971 = CARTESIAN_POINT('',(-6.378183939076,-5.720599280102));
#972 = CARTESIAN_POINT('',(-6.37761096381,-5.74650218411));
#973 = CARTESIAN_POINT('',(-6.377014800139,-5.772303155631));
#974 = CARTESIAN_POINT('',(-6.376395325731,-5.797996581938));
#975 = CARTESIAN_POINT('',(-6.375752411096,-5.823576708082));
#976 = CARTESIAN_POINT('',(-6.375085918908,-5.849037630996));
#977 = CARTESIAN_POINT('',(-6.374395703328,-5.87437329361));
#978 = CARTESIAN_POINT('',(-6.373681609322,-5.899577478959));
#979 = CARTESIAN_POINT('',(-6.371651731657,-5.968509873637));
#980 = CARTESIAN_POINT('',(-6.370286289972,-6.011955893152));
#981 = CARTESIAN_POINT('',(-6.36884669657,-6.054933553262));
#982 = CARTESIAN_POINT('',(-6.367331930904,-6.09740986602));
#983 = CARTESIAN_POINT('',(-6.365741108721,-6.139343972409));
#984 = CARTESIAN_POINT('',(-6.364073491763,-6.180686200588));
#985 = CARTESIAN_POINT('',(-6.36232824532,-6.221385743696));
#986 = CARTESIAN_POINT('',(-6.360504388228,-6.261393325882));
#987 = CARTESIAN_POINT('',(-6.357174123739,-6.330084149687));
#988 = CARTESIAN_POINT('',(-6.355702317599,-6.359098679664));
#989 = CARTESIAN_POINT('',(-6.354185627751,-6.387664496513));
#990 = CARTESIAN_POINT('',(-6.352623763008,-6.415755252393));
#991 = CARTESIAN_POINT('',(-6.351016483557,-6.443342654699));
#992 = CARTESIAN_POINT('',(-6.349363609741,-6.470396550515));
#993 = CARTESIAN_POINT('',(-6.347665030845,-6.496885011075));
#994 = CARTESIAN_POINT('',(-6.345920713874,-6.522774416211));
#995 = CARTESIAN_POINT('',(-6.341445710042,-6.585912222722));
#996 = CARTESIAN_POINT('',(-6.338657912925,-6.622367774789));
#997 = CARTESIAN_POINT('',(-6.335767408063,-6.657278779076));
#998 = CARTESIAN_POINT('',(-6.332775120695,-6.690513218617));
#999 = CARTESIAN_POINT('',(-6.329682761556,-6.721930719946));
#1000 = CARTESIAN_POINT('',(-6.326492939042,-6.751384527891));
#1001 = CARTESIAN_POINT('',(-6.323209408655,-6.778722363453));
#1002 = CARTESIAN_POINT('',(-6.319837432166,-6.803789317588));
#1003 = CARTESIAN_POINT('',(-6.312931005709,-6.849082549815));
#1004 = CARTESIAN_POINT('',(-6.309396525497,-6.869308730456));
#1005 = CARTESIAN_POINT('',(-6.305788185878,-6.886964672854));
#1006 = CARTESIAN_POINT('',(-6.302114269133,-6.901908837584));
#1007 = CARTESIAN_POINT('',(-6.298385378165,-6.914011270756));
#1008 = CARTESIAN_POINT('',(-6.294614152056,-6.923163511461));
#1009 = CARTESIAN_POINT('',(-6.290814260541,-6.929289629849));
#1010 = CARTESIAN_POINT('',(-6.286999686701,-6.932352941176));
#1011 = CARTESIAN_POINT('',(-6.28318530718,-6.932352941176));
#1012 = ( GEOMETRIC_REPRESENTATION_CONTEXT(2) 
PARAMETRIC_REPRESENTATION_CONTEXT() REPRESENTATION_CONTEXT('2D SPACE',''
  ) );
#1013 = ORIENTED_EDGE('',*,*,#1014,.F.);
#1014 = EDGE_CURVE('',#206,#411,#1015,.T.);
#1015 = SEAM_CURVE('',#1016,(#1020,#1027),.PCURVE_S1.);
#1016 = LINE('',#1017,#1018);
#1017 = CARTESIAN_POINT('',(18.8,0.,10.));
#1018 = VECTOR('',#1019,1.);
#1019 = DIRECTION('',(0.,0.,1.));
#1020 = PCURVE('',#222,#1021);
#1021 = DEFINITIONAL_REPRESENTATION('',(#1022),#1026);
#1022 = LINE('',#1023,#1024);
#1023 = CARTESIAN_POINT('',(6.283185307179,0.));
#1024 = VECTOR('',#1025,1.);
#1025 = DIRECTION('',(-0.,-1.));
#1026 = ( GEOMETRIC_REPRESENTATION_CONTEXT(2) 
PARAMETRIC_REPRESENTATION_CONTEXT() REPRESENTATION_CONTEXT('2D SPACE',''
  ) );
#1027 = PCURVE('',#222,#1028);
#1028 = DEFINITIONAL_REPRESENTATION('',(#1029),#1033);
#1029 = LINE('',#1030,#1031);
#1030 = CARTESIAN_POINT('',(-0.,0.));
#1031 = VECTOR('',#1032,1.);
#1032 = DIRECTION('',(-0.,-1.));
#1033 = ( GEOMETRIC_REPRESENTATION_CONTEXT(2) 
PARAMETRIC_REPRESENTATION_CONTEXT() REPRESENTATION_CONTEXT('2D SPACE',''
  ) );
#1034 = ORIENTED_EDGE('',*,*,#205,.T.);
#1035 = ORIENTED_EDGE('',*,*,#1014,.T.);
#1036 = FACE_BOUND('',#1037,.T.);
#1037 = EDGE_LOOP('',(#1038));
#1038 = ORIENTED_EDGE('',*,*,#1039,.T.);
#1039 = EDGE_CURVE('',#1040,#1040,#1042,.T.);
#1040 = VERTEX_POINT('',#1041);
#1041 = CARTESIAN_POINT('',(1.935349749399,-18.70011821747,14.95));
#1042 = SURFACE_CURVE('',#1043,(#1200,#1360),.PCURVE_S1.);
#1043 = B_SPLINE_CURVE_WITH_KNOTS('',8,(#1044,#1045,#1046,#1047,#1048,
    #1049,#1050,#1051,#1052,#1053,#1054,#1055,#1056,#1057,#1058,#1059,
    #1060,#1061,#1062,#1063,#1064,#1065,#1066,#1067,#1068,#1069,#1070,
    #1071,#1072,#1073,#1074,#1075,#1076,#1077,#1078,#1079,#1080,#1081,
    #1082,#1083,#1084,#1085,#1086,#1087,#1088,#1089,#1090,#1091,#1092,
    #1093,#1094,#1095,#1096,#1097,#1098,#1099,#1100,#1101,#1102,#1103,
    #1104,#1105,#1106,#1107,#1108,#1109,#1110,#1111,#1112,#1113,#1114,
    #1115,#1116,#1117,#1118,#1119,#1120,#1121,#1122,#1123,#1124,#1125,
    #1126,#1127,#1128,#1129,#1130,#1131,#1132,#1133,#1134,#1135,#1136,
    #1137,#1138,#1139,#1140,#1141,#1142,#1143,#1144,#1145,#1146,#1147,
    #1148,#1149,#1150,#1151,#1152,#1153,#1154,#1155,#1156,#1157,#1158,
    #1159,#1160,#1161,#1162,#1163,#1164,#1165,#1166,#1167,#1168,#1169,
    #1170,#1171,#1172,#1173,#1174,#1175,#1176,#1177,#1178,#1179,#1180,
    #1181,#1182,#1183,#1184,#1185,#1186,#1187,#1188,#1189,#1190,#1191,
    #1192,#1193,#1194,#1195,#1196,#1197,#1198,#1199),.UNSPECIFIED.,.T.,
  .F.,(1,8,7,7,7,7,7,7,7,7,7,7,7,7,7,7,7,7,7,7,7,7,7,8,1),(
    -0.128043739785,0.,0.128164113427,0.169355032378,0.200675781496,
    0.217030826359,0.227350932196,0.249915131052,0.282798553215,
    0.299153971328,0.33047543524,0.371667294239,0.404502602521,
    0.430196387319,0.491609871195,0.595170053978,0.627785727097,
    0.66907683907,0.700604066384,0.749736888214,0.799137562401,
    0.830664944942,0.871956260215,1.,1.128164113427),.UNSPECIFIED.);
#1044 = CARTESIAN_POINT('',(1.935349749399,-18.70011821747,14.95));
#1045 = CARTESIAN_POINT('',(1.935349749399,-18.70011821747,
    14.77618370706));
#1046 = CARTESIAN_POINT('',(1.918337297987,-18.70187883429,
    14.602805079133));
#1047 = CARTESIAN_POINT('',(1.884463507376,-18.70538484796,
    14.430476191138));
#1048 = CARTESIAN_POINT('',(1.83337533922,-18.71058402169,
    14.260180046404));
#1049 = CARTESIAN_POINT('',(1.764568457148,-18.71735920255,
    14.093201281901));
#1050 = CARTESIAN_POINT('',(1.677356192979,-18.72549701421,
    13.931204519828));
#1051 = CARTESIAN_POINT('',(1.571020422073,-18.73467446353,
    13.776178923955));
#1052 = CARTESIAN_POINT('',(1.403681912111,-18.74756900114,
    13.583974379392));
#1053 = CARTESIAN_POINT('',(1.36090352556,-18.75076372575,
    13.538236471551));
#1054 = CARTESIAN_POINT('',(1.316018572056,-18.75400116092,
    13.493601767134));
#1055 = CARTESIAN_POINT('',(1.269003159242,-18.75726331436,
    13.450177071982));
#1056 = CARTESIAN_POINT('',(1.219840140389,-18.76053003631,
    13.408082312452));
#1057 = CARTESIAN_POINT('',(1.168521116223,-18.76377907928,13.3674495317
    ));
#1058 = CARTESIAN_POINT('',(1.11504843676,-18.76698615775,
    13.328421885972));
#1059 = CARTESIAN_POINT('',(1.017151535786,-18.77251172665,
    13.262813853969));
#1060 = CARTESIAN_POINT('',(0.973631985476,-18.7748588505,13.23549353391
    ));
#1061 = CARTESIAN_POINT('',(0.92888736124,-18.77715485006,
    13.209259755317));
#1062 = CARTESIAN_POINT('',(0.882933692248,-18.77938735386,
    13.184185879729));
#1063 = CARTESIAN_POINT('',(0.835795562913,-18.78154338362,
    13.160349102115));
#1064 = CARTESIAN_POINT('',(0.787507448012,-18.78360958958,
    13.137828997385));
#1065 = CARTESIAN_POINT('',(0.738115047798,-18.7855724858,13.11670606689
    ));
#1066 = CARTESIAN_POINT('',(0.66133872502,-18.78838273255,
    13.086801665506));
#1067 = CARTESIAN_POINT('',(0.634715918054,-18.78931497346,
    13.076945796892));
#1068 = CARTESIAN_POINT('',(0.6078167104,-18.79021346724,13.067504324271
    ));
#1069 = CARTESIAN_POINT('',(0.58065066385,-18.79107632479,
    13.058488593682));
#1070 = CARTESIAN_POINT('',(0.553228393799,-18.79190170885,
    13.049909652023));
#1071 = CARTESIAN_POINT('',(0.52556156925,-18.79268783397,
    13.041778247052));
#1072 = CARTESIAN_POINT('',(0.497662912811,-18.79343296654,
    13.034104827387));
#1073 = CARTESIAN_POINT('',(0.451804430664,-18.79457867905,
    13.022352975792));
#1074 = CARTESIAN_POINT('',(0.433975843681,-18.79500495138,
    13.017992747433));
#1075 = CARTESIAN_POINT('',(0.416063930847,-18.79541382442,
    13.013821377827));
#1076 = CARTESIAN_POINT('',(0.398072341986,-18.7958048996,13.0098412754)
  );
#1077 = CARTESIAN_POINT('',(0.380004885637,-18.79617779707,
    13.006054736609));
#1078 = CARTESIAN_POINT('',(0.361865529058,-18.79653215572,
    13.002463945937));
#1079 = CARTESIAN_POINT('',(0.343658398228,-18.79686763322,
    12.999070975898));
#1080 = CARTESIAN_POINT('',(0.285440327872,-18.79787541442,
    12.988896100058));
#1081 = CARTESIAN_POINT('',(0.245188070948,-18.79847514835,
    12.982869192997));
#1082 = CARTESIAN_POINT('',(0.204677326852,-18.79897972281,
    12.977817662916));
#1083 = CARTESIAN_POINT('',(0.163956344541,-18.79938632963,
    12.973758563422));
#1084 = CARTESIAN_POINT('',(0.123075256907,-18.7996927891,
    12.970705110675));
#1085 = CARTESIAN_POINT('',(8.20860355384E-02,-18.79989760174,
    12.968666389385));
#1086 = CARTESIAN_POINT('',(4.104244547953E-02,-18.8,12.967647058823));
#1087 = CARTESIAN_POINT('',(-5.981227476023E-02,-18.8,12.967647058824));
#1088 = CARTESIAN_POINT('',(-0.119630702462,-18.79978253399,
    12.969812019207));
#1089 = CARTESIAN_POINT('',(-0.179278609771,-18.79934748452,
    12.974142296863));
#1090 = CARTESIAN_POINT('',(-0.238590292412,-18.79869839207,
    12.980616433861));
#1091 = CARTESIAN_POINT('',(-0.297411043619,-18.79784200853,
    12.98919366896));
#1092 = CARTESIAN_POINT('',(-0.355597182565,-18.7967878507,
    12.99981644912));
#1093 = CARTESIAN_POINT('',(-0.413016082806,-18.79554775377,
    13.012412941008));
#1094 = CARTESIAN_POINT('',(-0.497662912826,-18.79343296654,
    13.034104827391));
#1095 = CARTESIAN_POINT('',(-0.525561569265,-18.79268783397,
    13.041778247056));
#1096 = CARTESIAN_POINT('',(-0.553228393814,-18.79190170885,
    13.049909652027));
#1097 = CARTESIAN_POINT('',(-0.580650663865,-18.79107632479,
    13.058488593687));
#1098 = CARTESIAN_POINT('',(-0.607816710415,-18.79021346724,
    13.067504324276));
#1099 = CARTESIAN_POINT('',(-0.634715918069,-18.78931497346,
    13.076945796898));
#1100 = CARTESIAN_POINT('',(-0.661338725036,-18.78838273255,
    13.086801665511));
#1101 = CARTESIAN_POINT('',(-0.738115047814,-18.7855724858,
    13.116706066896));
#1102 = CARTESIAN_POINT('',(-0.787507448027,-18.78360958958,
    13.137828997392));
#1103 = CARTESIAN_POINT('',(-0.835795562928,-18.78154338361,
    13.160349102123));
#1104 = CARTESIAN_POINT('',(-0.882933692263,-18.77938735386,
    13.184185879737));
#1105 = CARTESIAN_POINT('',(-0.928887361256,-18.77715485006,
    13.209259755326));
#1106 = CARTESIAN_POINT('',(-0.973631985491,-18.7748588505,
    13.235493533919));
#1107 = CARTESIAN_POINT('',(-1.017151535801,-18.77251172665,
    13.262813853979));
#1108 = CARTESIAN_POINT('',(-1.115048436775,-18.76698615775,
    13.328421885983));
#1109 = CARTESIAN_POINT('',(-1.168521116238,-18.76377907928,
    13.367449531712));
#1110 = CARTESIAN_POINT('',(-1.219840140404,-18.76053003631,
    13.408082312465));
#1111 = CARTESIAN_POINT('',(-1.269003159258,-18.75726331436,
    13.450177071996));
#1112 = CARTESIAN_POINT('',(-1.316018572071,-18.75400116092,
    13.493601767148));
#1113 = CARTESIAN_POINT('',(-1.360903525575,-18.75076372575,
    13.538236471566));
#1114 = CARTESIAN_POINT('',(-1.403681912127,-18.74756900114,
    13.583974379408));
#1115 = CARTESIAN_POINT('',(-1.476825963388,-18.74193276881,
    13.667987432134));
#1116 = CARTESIAN_POINT('',(-1.507947341153,-18.73947010275,
    13.705891966623));
#1117 = CARTESIAN_POINT('',(-1.537760303651,-18.73705287623,
    13.744388249279));
#1118 = CARTESIAN_POINT('',(-1.566278892577,-18.73468851117,
    13.783431347222));
#1119 = CARTESIAN_POINT('',(-1.593517282789,-18.73238377316,
    13.822979537391));
#1120 = CARTESIAN_POINT('',(-1.619489676255,-18.73014480556,
    13.862994285995));
#1121 = CARTESIAN_POINT('',(-1.644210196008,-18.7279771635,
    13.90344022797));
#1122 = CARTESIAN_POINT('',(-1.686068013751,-18.72424938362,
    13.976246489264));
#1123 = CARTESIAN_POINT('',(-1.703684971267,-18.72265968815,
    14.008451654947));
#1124 = CARTESIAN_POINT('',(-1.720550194751,-18.72111915387,
    14.040885001378));
#1125 = CARTESIAN_POINT('',(-1.736669935813,-18.71963000491,
    14.073531609451));
#1126 = CARTESIAN_POINT('',(-1.752050155563,-18.71819429724,
    14.106377283059));
#1127 = CARTESIAN_POINT('',(-1.766696524613,-18.7168139186,
    14.139408549091));
#1128 = CARTESIAN_POINT('',(-1.780614423072,-18.71549058857,
    14.172612657432));
#1129 = CARTESIAN_POINT('',(-1.825346578662,-18.71120289101,
    14.285726680194));
#1130 = CARTESIAN_POINT('',(-1.852749561645,-18.70851494513,
    14.366389575752));
#1131 = CARTESIAN_POINT('',(-1.876089970567,-18.70618318714,
    14.44780630183));
#1132 = CARTESIAN_POINT('',(-1.895424154795,-18.70422442418,
    14.529828115623));
#1133 = CARTESIAN_POINT('',(-1.910796202389,-18.70265137767,
    14.612316224418));
#1134 = CARTESIAN_POINT('',(-1.922239346188,-18.70147297456,
    14.69514087966));
#1135 = CARTESIAN_POINT('',(-1.929775305614,-18.70069465644,
    14.778180838004));
#1136 = CARTESIAN_POINT('',(-1.939543305572,-18.69968475044,
    15.001524274816));
#1137 = CARTESIAN_POINT('',(-1.934581340728,-18.70019550307,
    15.141897439196));
#1138 = CARTESIAN_POINT('',(-1.918595306956,-18.7018581292,
    15.281957384947));
#1139 = CARTESIAN_POINT('',(-1.891516170232,-18.70465787796,
    15.421158280985));
#1140 = CARTESIAN_POINT('',(-1.853178173217,-18.70855242148,
    15.558876941624));
#1141 = CARTESIAN_POINT('',(-1.803346748075,-18.71346790694,
    15.694416018234));
#1142 = CARTESIAN_POINT('',(-1.741695176589,-18.71929533132,
    15.826997254178));
#1143 = CARTESIAN_POINT('',(-1.644386158655,-18.72796149259,
    15.996253707758));
#1144 = CARTESIAN_POINT('',(-1.619860076607,-18.73011232488,
    16.03639955524));
#1145 = CARTESIAN_POINT('',(-1.594100914025,-18.7323334547,
    16.076120884882));
#1146 = CARTESIAN_POINT('',(-1.567094869046,-18.73461945452,
    16.115383136935));
#1147 = CARTESIAN_POINT('',(-1.538828059077,-18.73696432665,
    16.154148682995));
#1148 = CARTESIAN_POINT('',(-1.509286622012,-18.73936147042,
    16.192376805941));
#1149 = CARTESIAN_POINT('',(-1.478456817453,-18.74180364936,
    16.230023679871));
#1150 = CARTESIAN_POINT('',(-1.405646734293,-18.74742173852,
    16.313907611705));
#1151 = CARTESIAN_POINT('',(-1.36288469552,-18.75061976954,
    16.359762582508));
#1152 = CARTESIAN_POINT('',(-1.318010163059,-18.75386125521,
    16.404514440795));
#1153 = CARTESIAN_POINT('',(-1.270999004173,-18.75712817398,
    16.448056189011));
#1154 = CARTESIAN_POINT('',(-1.221833804175,-18.76040033681,
    16.49026765193));
#1155 = CARTESIAN_POINT('',(-1.170505868654,-18.76365544502,
    16.531016474876));
#1156 = CARTESIAN_POINT('',(-1.117017225703,-18.76686914812,
    16.570159121951));
#1157 = CARTESIAN_POINT('',(-1.018903641272,-18.77241714867,
    16.63608493045));
#1158 = CARTESIAN_POINT('',(-0.975176209568,-18.77477954897,
    16.663600160841));
#1159 = CARTESIAN_POINT('',(-0.93020909714,-18.7770905944,
    16.690018441553));
#1160 = CARTESIAN_POINT('',(-0.884018421741,-18.77933771199,
    16.715265219641));
#1161 = CARTESIAN_POINT('',(-0.836629026205,-18.78150770515,
    16.73926200391));
#1162 = CARTESIAN_POINT('',(-0.788075849862,-18.78358699503,
    16.761927855719));
#1163 = CARTESIAN_POINT('',(-0.738405299968,-18.78556186169,
    16.7831808798));
#1164 = CARTESIAN_POINT('',(-0.608619780716,-18.79031240614,
    16.833732379549));
#1165 = CARTESIAN_POINT('',(-0.52695069462,-18.79292102326,
    16.860912989058));
#1166 = CARTESIAN_POINT('',(-0.44294521772,-18.79519072521,
    16.884145489318));
#1167 = CARTESIAN_POINT('',(-0.356939476339,-18.79707071348,
    16.903125360733));
#1168 = CARTESIAN_POINT('',(-0.269333440767,-18.79851703327,
    16.917590725594));
#1169 = CARTESIAN_POINT('',(-0.180594589171,-18.79949648864,
    16.927340528597));
#1170 = CARTESIAN_POINT('',(-9.126166488563E-02,-18.79999064215,
    16.932259790655));
#1171 = CARTESIAN_POINT('',(8.785150994896E-02,-18.80000920635,
    16.932444583721));
#1172 = CARTESIAN_POINT('',(0.177690549025,-18.7995283224,
    16.927657398736));
#1173 = CARTESIAN_POINT('',(0.266943686703,-18.79855634256,
    16.917983827996));
#1174 = CARTESIAN_POINT('',(0.355062309767,-18.79711166844,
    16.903538760133));
#1175 = CARTESIAN_POINT('',(0.441570253098,-18.79522784371,
    16.884525385383));
#1176 = CARTESIAN_POINT('',(0.526060037289,-18.79294946489,
    16.861209334447));
#1177 = CARTESIAN_POINT('',(0.608189186013,-18.79032816721,
    16.833900096319));
#1178 = CARTESIAN_POINT('',(0.738405299966,-18.78556186169,
    16.783180879801));
#1179 = CARTESIAN_POINT('',(0.788075849861,-18.78358699503,
    16.76192785572));
#1180 = CARTESIAN_POINT('',(0.836629026204,-18.78150770515,
    16.739262003911));
#1181 = CARTESIAN_POINT('',(0.88401842174,-18.77933771199,
    16.715265219642));
#1182 = CARTESIAN_POINT('',(0.930209097138,-18.7770905944,
    16.690018441553));
#1183 = CARTESIAN_POINT('',(0.975176209567,-18.77477954897,
    16.663600160842));
#1184 = CARTESIAN_POINT('',(1.018903641271,-18.77241714867,
    16.636084930451));
#1185 = CARTESIAN_POINT('',(1.117017225702,-18.76686914812,
    16.570159121952));
#1186 = CARTESIAN_POINT('',(1.170505868653,-18.76365544502,
    16.531016474877));
#1187 = CARTESIAN_POINT('',(1.221833804174,-18.76040033681,
    16.490267651931));
#1188 = CARTESIAN_POINT('',(1.270999004171,-18.75712817398,
    16.448056189012));
#1189 = CARTESIAN_POINT('',(1.318010163057,-18.75386125521,
    16.404514440796));
#1190 = CARTESIAN_POINT('',(1.362884695519,-18.75061976954,
    16.35976258251));
#1191 = CARTESIAN_POINT('',(1.405646734292,-18.74742173852,
    16.313907611707));
#1192 = CARTESIAN_POINT('',(1.57246820706,-18.73454964901,
    16.121713887394));
#1193 = CARTESIAN_POINT('',(1.678363857132,-18.72540273712,
    15.966914150767));
#1194 = CARTESIAN_POINT('',(1.76523853178,-18.71729349067,
    15.805180448602));
#1195 = CARTESIAN_POINT('',(1.833786178573,-18.71054230955,
    15.638477371794));
#1196 = CARTESIAN_POINT('',(1.884684452272,-18.70536198226,
    15.468459592318));
#1197 = CARTESIAN_POINT('',(1.918422442426,-18.70187003587,
    15.29642511341));
#1198 = CARTESIAN_POINT('',(1.935349749399,-18.70011821747,
    15.123380465348));
#1199 = CARTESIAN_POINT('',(1.935349749399,-18.70011821747,14.95));
#1200 = PCURVE('',#222,#1201);
#1201 = DEFINITIONAL_REPRESENTATION('',(#1202),#1359);
#1202 = B_SPLINE_CURVE_WITH_KNOTS('',8,(#1203,#1204,#1205,#1206,#1207,
    #1208,#1209,#1210,#1211,#1212,#1213,#1214,#1215,#1216,#1217,#1218,
    #1219,#1220,#1221,#1222,#1223,#1224,#1225,#1226,#1227,#1228,#1229,
    #1230,#1231,#1232,#1233,#1234,#1235,#1236,#1237,#1238,#1239,#1240,
    #1241,#1242,#1243,#1244,#1245,#1246,#1247,#1248,#1249,#1250,#1251,
    #1252,#1253,#1254,#1255,#1256,#1257,#1258,#1259,#1260,#1261,#1262,
    #1263,#1264,#1265,#1266,#1267,#1268,#1269,#1270,#1271,#1272,#1273,
    #1274,#1275,#1276,#1277,#1278,#1279,#1280,#1281,#1282,#1283,#1284,
    #1285,#1286,#1287,#1288,#1289,#1290,#1291,#1292,#1293,#1294,#1295,
    #1296,#1297,#1298,#1299,#1300,#1301,#1302,#1303,#1304,#1305,#1306,
    #1307,#1308,#1309,#1310,#1311,#1312,#1313,#1314,#1315,#1316,#1317,
    #1318,#1319,#1320,#1321,#1322,#1323,#1324,#1325,#1326,#1327,#1328,
    #1329,#1330,#1331,#1332,#1333,#1334,#1335,#1336,#1337,#1338,#1339,
    #1340,#1341,#1342,#1343,#1344,#1345,#1346,#1347,#1348,#1349,#1350,
    #1351,#1352,#1353,#1354,#1355,#1356,#1357,#1358),.UNSPECIFIED.,.T.,
  .F.,(1,8,7,7,7,7,7,7,7,7,7,7,7,7,7,7,7,7,7,7,7,7,7,8,1),(
    -0.128043739785,0.,0.128164113427,0.169355032378,0.200675781496,
    0.217030826359,0.227350932196,0.249915131052,0.282798553215,
    0.299153971328,0.33047543524,0.371667294239,0.404502602521,
    0.430196387319,0.491609871195,0.595170053978,0.627785727097,
    0.66907683907,0.700604066384,0.749736888214,0.799137562401,
    0.830664944942,0.871956260215,1.,1.128164113427),.UNSPECIFIED.);
#1203 = CARTESIAN_POINT('',(1.467669493585,-4.95));
#1204 = CARTESIAN_POINT('',(1.467669493585,-4.77618370706));
#1205 = CARTESIAN_POINT('',(1.468579244477,-4.60280507913));
#1206 = CARTESIAN_POINT('',(1.470390666141,-4.430476191145));
#1207 = CARTESIAN_POINT('',(1.473122155956,-4.260180046396));
#1208 = CARTESIAN_POINT('',(1.476799748225,-4.093201281906));
#1209 = CARTESIAN_POINT('',(1.481458712716,-3.931204519826));
#1210 = CARTESIAN_POINT('',(1.48713565783,-3.776178923955));
#1211 = CARTESIAN_POINT('',(1.496063029071,-3.583974379392));
#1212 = CARTESIAN_POINT('',(1.498344805315,-3.538236471551));
#1213 = CARTESIAN_POINT('',(1.50073849195,-3.493601767134));
#1214 = CARTESIAN_POINT('',(1.503245304783,-3.450177071982));
#1215 = CARTESIAN_POINT('',(1.505866101521,-3.408082312452));
#1216 = CARTESIAN_POINT('',(1.508601277685,-3.3674495317));
#1217 = CARTESIAN_POINT('',(1.511450662532,-3.328421885972));
#1218 = CARTESIAN_POINT('',(1.516666232536,-3.262813853969));
#1219 = CARTESIAN_POINT('',(1.518984459276,-3.23549353391));
#1220 = CARTESIAN_POINT('',(1.52136760998,-3.209259755317));
#1221 = CARTESIAN_POINT('',(1.523814818139,-3.184185879729));
#1222 = CARTESIAN_POINT('',(1.526324765792,-3.160349102115));
#1223 = CARTESIAN_POINT('',(1.528895613375,-3.137828997385));
#1224 = CARTESIAN_POINT('',(1.531524929568,-3.11670606689));
#1225 = CARTESIAN_POINT('',(1.535611511342,-3.086801665506));
#1226 = CARTESIAN_POINT('',(1.537028484212,-3.076945796892));
#1227 = CARTESIAN_POINT('',(1.53846008797,-3.067504324271));
#1228 = CARTESIAN_POINT('',(1.539905815259,-3.058488593682));
#1229 = CARTESIAN_POINT('',(1.541365103155,-3.049909652023));
#1230 = CARTESIAN_POINT('',(1.542837333163,-3.041778247052));
#1231 = CARTESIAN_POINT('',(1.544321831221,-3.034104827387));
#1232 = CARTESIAN_POINT('',(1.546761873346,-3.022352975792));
#1233 = CARTESIAN_POINT('',(1.547710472913,-3.017992747433));
#1234 = CARTESIAN_POINT('',(1.548663481495,-3.013821377827));
#1235 = CARTESIAN_POINT('',(1.549620705819,-3.0098412754));
#1236 = CARTESIAN_POINT('',(1.550581944239,-3.006054736609));
#1237 = CARTESIAN_POINT('',(1.551546986736,-3.002463945937));
#1238 = CARTESIAN_POINT('',(1.55251561492,-2.999070975898));
#1239 = CARTESIAN_POINT('',(1.555612784722,-2.988896100058));
#1240 = CARTESIAN_POINT('',(1.557754093647,-2.982869192997));
#1241 = CARTESIAN_POINT('',(1.559909076821,-2.977817662916));
#1242 = CARTESIAN_POINT('',(1.562075181201,-2.973758563422));
#1243 = CARTESIAN_POINT('',(1.56424975472,-2.970705110675));
#1244 = CARTESIAN_POINT('',(1.566430048323,-2.968666389385));
#1245 = CARTESIAN_POINT('',(1.568613217993,-2.967647058823));
#1246 = CARTESIAN_POINT('',(1.573977830772,-2.967647058824));
#1247 = CARTESIAN_POINT('',(1.577159661866,-2.969812019207));
#1248 = CARTESIAN_POINT('',(1.580332472156,-2.974142296863));
#1249 = CARTESIAN_POINT('',(1.58348749632,-2.980616433861));
#1250 = CARTESIAN_POINT('',(1.586616551093,-2.98919366896));
#1251 = CARTESIAN_POINT('',(1.589712034726,-2.99981644912));
#1252 = CARTESIAN_POINT('',(1.592766926442,-3.012412941008));
#1253 = CARTESIAN_POINT('',(1.59727082237,-3.034104827391));
#1254 = CARTESIAN_POINT('',(1.598755320428,-3.041778247056));
#1255 = CARTESIAN_POINT('',(1.600227550437,-3.049909652027));
#1256 = CARTESIAN_POINT('',(1.601686838332,-3.058488593687));
#1257 = CARTESIAN_POINT('',(1.603132565621,-3.067504324276));
#1258 = CARTESIAN_POINT('',(1.604564169379,-3.076945796898));
#1259 = CARTESIAN_POINT('',(1.60598114225,-3.086801665511));
#1260 = CARTESIAN_POINT('',(1.610067724024,-3.116706066896));
#1261 = CARTESIAN_POINT('',(1.612697040216,-3.137828997392));
#1262 = CARTESIAN_POINT('',(1.615267887799,-3.160349102123));
#1263 = CARTESIAN_POINT('',(1.617777835452,-3.184185879737));
#1264 = CARTESIAN_POINT('',(1.620225043612,-3.209259755326));
#1265 = CARTESIAN_POINT('',(1.622608194315,-3.235493533919));
#1266 = CARTESIAN_POINT('',(1.624926421055,-3.262813853979));
#1267 = CARTESIAN_POINT('',(1.63014199106,-3.328421885983));
#1268 = CARTESIAN_POINT('',(1.632991375906,-3.367449531712));
#1269 = CARTESIAN_POINT('',(1.63572655207,-3.408082312465));
#1270 = CARTESIAN_POINT('',(1.638347348808,-3.450177071996));
#1271 = CARTESIAN_POINT('',(1.640854161642,-3.493601767148));
#1272 = CARTESIAN_POINT('',(1.643247848276,-3.538236471566));
#1273 = CARTESIAN_POINT('',(1.645529624521,-3.583974379408));
#1274 = CARTESIAN_POINT('',(1.649431799219,-3.667987432134));
#1275 = CARTESIAN_POINT('',(1.651092362852,-3.705891966623));
#1276 = CARTESIAN_POINT('',(1.652683357803,-3.744388249279));
#1277 = CARTESIAN_POINT('',(1.654205503684,-3.783431347222));
#1278 = CARTESIAN_POINT('',(1.655659527682,-3.822979537391));
#1279 = CARTESIAN_POINT('',(1.65704615923,-3.862994285995));
#1280 = CARTESIAN_POINT('',(1.658366124672,-3.90344022797));
#1281 = CARTESIAN_POINT('',(1.660601416401,-3.976246489264));
#1282 = CARTESIAN_POINT('',(1.66154229544,-4.008451654947));
#1283 = CARTESIAN_POINT('',(1.662443115649,-4.040885001378));
#1284 = CARTESIAN_POINT('',(1.663304198706,-4.073531609451));
#1285 = CARTESIAN_POINT('',(1.664125851368,-4.106377283059));
#1286 = CARTESIAN_POINT('',(1.664908365471,-4.139408549091));
#1287 = CARTESIAN_POINT('',(1.665652017929,-4.172612657432));
#1288 = CARTESIAN_POINT('',(1.66804229343,-4.285726680194));
#1289 = CARTESIAN_POINT('',(1.669506890755,-4.366389575752));
#1290 = CARTESIAN_POINT('',(1.670754579123,-4.44780630183));
#1291 = CARTESIAN_POINT('',(1.67178825626,-4.529828115623));
#1292 = CARTESIAN_POINT('',(1.672610188093,-4.612316224418));
#1293 = CARTESIAN_POINT('',(1.673222084782,-4.69514087966));
#1294 = CARTESIAN_POINT('',(1.673625065933,-4.778180838004));
#1295 = CARTESIAN_POINT('',(1.674147409969,-5.001524274816));
#1296 = CARTESIAN_POINT('',(1.673882081313,-5.141897439195));
#1297 = CARTESIAN_POINT('',(1.673027173402,-5.281957384947));
#1298 = CARTESIAN_POINT('',(1.671579115706,-5.421158280985));
#1299 = CARTESIAN_POINT('',(1.669529371971,-5.558876941624));
#1300 = CARTESIAN_POINT('',(1.666865926376,-5.694416018234));
#1301 = CARTESIAN_POINT('',(1.663572018875,-5.826997254178));
#1302 = CARTESIAN_POINT('',(1.658375521432,-5.996253707758));
#1303 = CARTESIAN_POINT('',(1.657065936963,-6.03639955524));
#1304 = CARTESIAN_POINT('',(1.655690687005,-6.076120884882));
#1305 = CARTESIAN_POINT('',(1.654249061732,-6.115383136935));
#1306 = CARTESIAN_POINT('',(1.652740348101,-6.154148682995));
#1307 = CARTESIAN_POINT('',(1.651163834943,-6.192376805941));
#1308 = CARTESIAN_POINT('',(1.64951881805,-6.230023679871));
#1309 = CARTESIAN_POINT('',(1.64563442923,-6.313907611705));
#1310 = CARTESIAN_POINT('',(1.643353507013,-6.359762582508));
#1311 = CARTESIAN_POINT('',(1.640960357724,-6.404514440795));
#1312 = CARTESIAN_POINT('',(1.638453753051,-6.448056189011));
#1313 = CARTESIAN_POINT('',(1.635832821352,-6.49026765193));
#1314 = CARTESIAN_POINT('',(1.633097151746,-6.531016474876));
#1315 = CARTESIAN_POINT('',(1.630246898213,-6.570159121951));
#1316 = CARTESIAN_POINT('',(1.625019753541,-6.63608493045));
#1317 = CARTESIAN_POINT('',(1.622690441653,-6.663600160841));
#1318 = CARTESIAN_POINT('',(1.620295431201,-6.690018441553));
#1319 = CARTESIAN_POINT('',(1.617835593734,-6.715265219641));
#1320 = CARTESIAN_POINT('',(1.615312261215,-6.73926200391));
#1321 = CARTESIAN_POINT('',(1.612727298083,-6.761927855719));
#1322 = CARTESIAN_POINT('',(1.610083173307,-6.7831808798));
#1323 = CARTESIAN_POINT('',(1.603175065204,-6.833732379549));
#1324 = CARTESIAN_POINT('',(1.598828796533,-6.860912989058));
#1325 = CARTESIAN_POINT('',(1.594358880775,-6.884145489318));
#1326 = CARTESIAN_POINT('',(1.589783139114,-6.903125360733));
#1327 = CARTESIAN_POINT('',(1.585122745103,-6.917590725594));
#1328 = CARTESIAN_POINT('',(1.580402424685,-6.927340528597));
#1329 = CARTESIAN_POINT('',(1.575650670698,-6.932259790655));
#1330 = CARTESIAN_POINT('',(1.566123374113,-6.932444583721));
#1331 = CARTESIAN_POINT('',(1.5613447045,-6.927657398736));
#1332 = CARTESIAN_POINT('',(1.556597036517,-6.917983827996));
#1333 = CARTESIAN_POINT('',(1.551909384784,-6.903538760133));
#1334 = CARTESIAN_POINT('',(1.547306934371,-6.884525385383));
#1335 = CARTESIAN_POINT('',(1.542811256083,-6.861209334447));
#1336 = CARTESIAN_POINT('',(1.538440507698,-6.833900096319));
#1337 = CARTESIAN_POINT('',(1.531509480284,-6.783180879801));
#1338 = CARTESIAN_POINT('',(1.528865355508,-6.76192785572));
#1339 = CARTESIAN_POINT('',(1.526280392376,-6.739262003911));
#1340 = CARTESIAN_POINT('',(1.523757059857,-6.715265219642));
#1341 = CARTESIAN_POINT('',(1.521297222389,-6.690018441553));
#1342 = CARTESIAN_POINT('',(1.518902211938,-6.663600160842));
#1343 = CARTESIAN_POINT('',(1.51657290005,-6.636084930451));
#1344 = CARTESIAN_POINT('',(1.511345755378,-6.570159121952));
#1345 = CARTESIAN_POINT('',(1.508495501844,-6.531016474877));
#1346 = CARTESIAN_POINT('',(1.505759832239,-6.490267651931));
#1347 = CARTESIAN_POINT('',(1.50313890054,-6.448056189012));
#1348 = CARTESIAN_POINT('',(1.500632295867,-6.404514440796));
#1349 = CARTESIAN_POINT('',(1.498239146578,-6.35976258251));
#1350 = CARTESIAN_POINT('',(1.495958224361,-6.313907611707));
#1351 = CARTESIAN_POINT('',(1.4870583655,-6.121713887394));
#1352 = CARTESIAN_POINT('',(1.481404881246,-5.966914150767));
#1353 = CARTESIAN_POINT('',(1.476763935209,-5.8051804486));
#1354 = CARTESIAN_POINT('',(1.473100190555,-5.638477371797));
#1355 = CARTESIAN_POINT('',(1.470378851068,-5.468459592317));
#1356 = CARTESIAN_POINT('',(1.468574691329,-5.29642511341));
#1357 = CARTESIAN_POINT('',(1.467669493585,-5.123380465348));
#1358 = CARTESIAN_POINT('',(1.467669493585,-4.95));
#1359 = ( GEOMETRIC_REPRESENTATION_CONTEXT(2) 
PARAMETRIC_REPRESENTATION_CONTEXT() REPRESENTATION_CONTEXT('2D SPACE',''
  ) );
#1360 = PCURVE('',#1361,#1366);
#1361 = CYLINDRICAL_SURFACE('',#1362,18.8);
#1362 = AXIS2_PLACEMENT_3D('',#1363,#1364,#1365);
#1363 = CARTESIAN_POINT('',(0.,0.,10.));
#1364 = DIRECTION('',(-0.,-0.,-1.));
#1365 = DIRECTION('',(1.,0.,0.));
#1366 = DEFINITIONAL_REPRESENTATION('',(#1367),#1577);
#1367 = B_SPLINE_CURVE_WITH_KNOTS('',10,(#1368,#1369,#1370,#1371,#1372,
    #1373,#1374,#1375,#1376,#1377,#1378,#1379,#1380,#1381,#1382,#1383,
    #1384,#1385,#1386,#1387,#1388,#1389,#1390,#1391,#1392,#1393,#1394,
    #1395,#1396,#1397,#1398,#1399,#1400,#1401,#1402,#1403,#1404,#1405,
    #1406,#1407,#1408,#1409,#1410,#1411,#1412,#1413,#1414,#1415,#1416,
    #1417,#1418,#1419,#1420,#1421,#1422,#1423,#1424,#1425,#1426,#1427,
    #1428,#1429,#1430,#1431,#1432,#1433,#1434,#1435,#1436,#1437,#1438,
    #1439,#1440,#1441,#1442,#1443,#1444,#1445,#1446,#1447,#1448,#1449,
    #1450,#1451,#1452,#1453,#1454,#1455,#1456,#1457,#1458,#1459,#1460,
    #1461,#1462,#1463,#1464,#1465,#1466,#1467,#1468,#1469,#1470,#1471,
    #1472,#1473,#1474,#1475,#1476,#1477,#1478,#1479,#1480,#1481,#1482,
    #1483,#1484,#1485,#1486,#1487,#1488,#1489,#1490,#1491,#1492,#1493,
    #1494,#1495,#1496,#1497,#1498,#1499,#1500,#1501,#1502,#1503,#1504,
    #1505,#1506,#1507,#1508,#1509,#1510,#1511,#1512,#1513,#1514,#1515,
    #1516,#1517,#1518,#1519,#1520,#1521,#1522,#1523,#1524,#1525,#1526,
    #1527,#1528,#1529,#1530,#1531,#1532,#1533,#1534,#1535,#1536,#1537,
    #1538,#1539,#1540,#1541,#1542,#1543,#1544,#1545,#1546,#1547,#1548,
    #1549,#1550,#1551,#1552,#1553,#1554,#1555,#1556,#1557,#1558,#1559,
    #1560,#1561,#1562,#1563,#1564,#1565,#1566,#1567,#1568,#1569,#1570,
    #1571,#1572,#1573,#1574,#1575,#1576),.UNSPECIFIED.,.T.,.F.,(11,9,9,9
    ,9,9,9,9,9,9,9,9,9,9,9,9,9,9,9,9,9,9,9,11),(0.,0.125,0.15234375,
    0.205322265625,0.254989624024,0.301552772522,0.345205724239,
    0.386130366474,0.42449721857,0.460466142409,0.477326575459,
    0.493660119976,0.556952604979,0.584643067168,0.597622971319,
    0.647920099904,0.691930087416,0.711184456952,0.747286399833,
    0.778875599854,0.806516149872,0.854887112404,0.873026223354,1.),
  .UNSPECIFIED.);
#1368 = CARTESIAN_POINT('',(-4.815515813595,-4.95));
#1369 = CARTESIAN_POINT('',(-4.815515813595,-4.814379904567));
#1370 = CARTESIAN_POINT('',(-4.814977392662,-4.679018413114));
#1371 = CARTESIAN_POINT('',(-4.813903839287,-4.544182769052));
#1372 = CARTESIAN_POINT('',(-4.812291046362,-4.410245770939));
#1373 = CARTESIAN_POINT('',(-4.810130034201,-4.277684734725));
#1374 = CARTESIAN_POINT('',(-4.807408879344,-4.147078637544));
#1375 = CARTESIAN_POINT('',(-4.804113800487,-4.019108305277));
#1376 = CARTESIAN_POINT('',(-4.800229152898,-3.894564506077));
#1377 = CARTESIAN_POINT('',(-4.795736082665,-3.774368812095));
#1378 = CARTESIAN_POINT('',(-4.789488172321,-3.634509058993));
#1379 = CARTESIAN_POINT('',(-4.788336500867,-3.609667569017));
#1380 = CARTESIAN_POINT('',(-4.78715352164,-3.585082284146));
#1381 = CARTESIAN_POINT('',(-4.785942693416,-3.56084566965));
#1382 = CARTESIAN_POINT('',(-4.784697472234,-3.536830868921));
#1383 = CARTESIAN_POINT('',(-4.783424785477,-3.513210631849));
#1384 = CARTESIAN_POINT('',(-4.782119044074,-3.489877912973));
#1385 = CARTESIAN_POINT('',(-4.78078303978,-3.466914603341));
#1386 = CARTESIAN_POINT('',(-4.779415661037,-3.444314446448));
#1387 = CARTESIAN_POINT('',(-4.775307321621,-3.379060286077));
#1388 = CARTESIAN_POINT('',(-4.77248030146,-3.337466820272));
#1389 = CARTESIAN_POINT('',(-4.769535999778,-3.297454282459));
#1390 = CARTESIAN_POINT('',(-4.766473517378,-3.259149080262));
#1391 = CARTESIAN_POINT('',(-4.763294405944,-3.222716822267));
#1392 = CARTESIAN_POINT('',(-4.760000334395,-3.188321631122));
#1393 = CARTESIAN_POINT('',(-4.756593911048,-3.156133644641));
#1394 = CARTESIAN_POINT('',(-4.753080050671,-3.12634320898));
#1395 = CARTESIAN_POINT('',(-4.74946449604,-3.099127708603));
#1396 = CARTESIAN_POINT('',(-4.742279242586,-3.051739810914));
#1397 = CARTESIAN_POINT('',(-4.738720726368,-3.031233130445));
#1398 = CARTESIAN_POINT('',(-4.735087523532,-3.013295292664));
#1399 = CARTESIAN_POINT('',(-4.731387925432,-2.998067586678));
#1400 = CARTESIAN_POINT('',(-4.727632048233,-2.985679832402));
#1401 = CARTESIAN_POINT('',(-4.723831839475,-2.976241904493));
#1402 = CARTESIAN_POINT('',(-4.720000663838,-2.969835411114));
#1403 = CARTESIAN_POINT('',(-4.716152668291,-2.96650729535));
#1404 = CARTESIAN_POINT('',(-4.712302126791,-2.96626712711));
#1405 = CARTESIAN_POINT('',(-4.704863750256,-2.971736159194));
#1406 = CARTESIAN_POINT('',(-4.70127470041,-2.977074563915));
#1407 = CARTESIAN_POINT('',(-4.697707552467,-2.985082810763));
#1408 = CARTESIAN_POINT('',(-4.694173129198,-2.995715512352));
#1409 = CARTESIAN_POINT('',(-4.690681959053,-3.008899466865));
#1410 = CARTESIAN_POINT('',(-4.687243906441,-3.024538035286));
#1411 = CARTESIAN_POINT('',(-4.683867424556,-3.042519963532));
#1412 = CARTESIAN_POINT('',(-4.680559043221,-3.062728033387));
#1413 = CARTESIAN_POINT('',(-4.677323704205,-3.085042926111));
#1414 = CARTESIAN_POINT('',(-4.671206730492,-3.132114016853));
#1415 = CARTESIAN_POINT('',(-4.668315500724,-3.156630934505));
#1416 = CARTESIAN_POINT('',(-4.665496334087,-3.182788860186));
#1417 = CARTESIAN_POINT('',(-4.662752306943,-3.21048297662));
#1418 = CARTESIAN_POINT('',(-4.660085258289,-3.239616079362));
#1419 = CARTESIAN_POINT('',(-4.657496452716,-3.27009382034));
#1420 = CARTESIAN_POINT('',(-4.654987005501,-3.301822308683));
#1421 = CARTESIAN_POINT('',(-4.652557532146,-3.334714125088));
#1422 = CARTESIAN_POINT('',(-4.650207694648,-3.36869489373));
#1423 = CARTESIAN_POINT('',(-4.64580924429,-3.436495283878));
#1424 = CARTESIAN_POINT('',(-4.643750963053,-3.470192498224));
#1425 = CARTESIAN_POINT('',(-4.641762620143,-3.504717928564));
#1426 = CARTESIAN_POINT('',(-4.639843761636,-3.540018627333));
#1427 = CARTESIAN_POINT('',(-4.63799438499,-3.576031119992));
#1428 = CARTESIAN_POINT('',(-4.636213529791,-3.612715242067));
#1429 = CARTESIAN_POINT('',(-4.634500391885,-3.650030329353));
#1430 = CARTESIAN_POINT('',(-4.632855016812,-3.687919006755));
#1431 = CARTESIAN_POINT('',(-4.631276251579,-3.726352255006));
#1432 = CARTESIAN_POINT('',(-4.628345487713,-3.801793429512));
#1433 = CARTESIAN_POINT('',(-4.626985471482,-3.838740548877));
#1434 = CARTESIAN_POINT('',(-4.625683000927,-3.876100583659));
#1435 = CARTESIAN_POINT('',(-4.624437529517,-3.913845101223));
#1436 = CARTESIAN_POINT('',(-4.623248518645,-3.951947478051));
#1437 = CARTESIAN_POINT('',(-4.622115442449,-3.990382731671));
#1438 = CARTESIAN_POINT('',(-4.621037792625,-4.029127352577));
#1439 = CARTESIAN_POINT('',(-4.620015083247,-4.068159136154));
#1440 = CARTESIAN_POINT('',(-4.619046855582,-4.107457014604));
#1441 = CARTESIAN_POINT('',(-4.61727564603,-4.184073270984));
#1442 = CARTESIAN_POINT('',(-4.616466108708,-4.221362296594));
#1443 = CARTESIAN_POINT('',(-4.615703737444,-4.258850399828));
#1444 = CARTESIAN_POINT('',(-4.614988195015,-4.29652196068));
#1445 = CARTESIAN_POINT('',(-4.614319158164,-4.334362503092));
#1446 = CARTESIAN_POINT('',(-4.613696329401,-4.372358129491));
#1447 = CARTESIAN_POINT('',(-4.613119442887,-4.41049519177));
#1448 = CARTESIAN_POINT('',(-4.612588264427,-4.44876019871));
#1449 = CARTESIAN_POINT('',(-4.612102585561,-4.487139959856));
#1450 = CARTESIAN_POINT('',(-4.61145578652,-4.543660406128));
#1451 = CARTESIAN_POINT('',(-4.611259316291,-4.561721306002));
#1452 = CARTESIAN_POINT('',(-4.611072781569,-4.579803362251));
#1453 = CARTESIAN_POINT('',(-4.610896163999,-4.597905289122));
#1454 = CARTESIAN_POINT('',(-4.610729446375,-4.616025818104));
#1455 = CARTESIAN_POINT('',(-4.610572612643,-4.634163697734));
#1456 = CARTESIAN_POINT('',(-4.610425647912,-4.652317693389));
#1457 = CARTESIAN_POINT('',(-4.61028853846,-4.670486587092));
#1458 = CARTESIAN_POINT('',(-4.610161271742,-4.688669177304));
#1459 = CARTESIAN_POINT('',(-4.60993007091,-4.724490783239));
#1460 = CARTESIAN_POINT('',(-4.609825531792,-4.742128969062));
#1461 = CARTESIAN_POINT('',(-4.609730209074,-4.759778005871));
#1462 = CARTESIAN_POINT('',(-4.609644093507,-4.777436591759));
#1463 = CARTESIAN_POINT('',(-4.609567176714,-4.795103502738));
#1464 = CARTESIAN_POINT('',(-4.609499451376,-4.812777834158));
#1465 = CARTESIAN_POINT('',(-4.60944091145,-4.830458934032));
#1466 = CARTESIAN_POINT('',(-4.609391552437,-4.848146028292));
#1467 = CARTESIAN_POINT('',(-4.609351371669,-4.865837537948));
#1468 = CARTESIAN_POINT('',(-4.609200231958,-4.952088720288));
#1469 = CARTESIAN_POINT('',(-4.609217864887,-5.02067384658));
#1470 = CARTESIAN_POINT('',(-4.609372986733,-5.089233184401));
#1471 = CARTESIAN_POINT('',(-4.609665605207,-5.157711457885));
#1472 = CARTESIAN_POINT('',(-4.610096001055,-5.226050251636));
#1473 = CARTESIAN_POINT('',(-4.610664712677,-5.294187864412));
#1474 = CARTESIAN_POINT('',(-4.611372520739,-5.362059162811));
#1475 = CARTESIAN_POINT('',(-4.612220432793,-5.429595434956));
#1476 = CARTESIAN_POINT('',(-4.613209667896,-5.496724244182));
#1477 = CARTESIAN_POINT('',(-4.614836879551,-5.592526487076));
#1478 = CARTESIAN_POINT('',(-4.615359441664,-5.621591093854));
#1479 = CARTESIAN_POINT('',(-4.615909449834,-5.650556706292));
#1480 = CARTESIAN_POINT('',(-4.616487034888,-5.679416786052));
#1481 = CARTESIAN_POINT('',(-4.617092337122,-5.708164646041));
#1482 = CARTESIAN_POINT('',(-4.617725507204,-5.73679344324));
#1483 = CARTESIAN_POINT('',(-4.618386707094,-5.765296171527));
#1484 = CARTESIAN_POINT('',(-4.619076110949,-5.7936656545));
#1485 = CARTESIAN_POINT('',(-4.619793906035,-5.821894538306));
#1486 = CARTESIAN_POINT('',(-4.62089016283,-5.863138134223));
#1487 = CARTESIAN_POINT('',(-4.621246317067,-5.876268503257));
#1488 = CARTESIAN_POINT('',(-4.621608770958,-5.889365436119));
#1489 = CARTESIAN_POINT('',(-4.621977546757,-5.902428173291));
#1490 = CARTESIAN_POINT('',(-4.622352670911,-5.915456046279));
#1491 = CARTESIAN_POINT('',(-4.622734170607,-5.928448372717));
#1492 = CARTESIAN_POINT('',(-4.623122070311,-5.941404351458));
#1493 = CARTESIAN_POINT('',(-4.623516388311,-5.954322957676));
#1494 = CARTESIAN_POINT('',(-4.623917133267,-5.967202837963));
#1495 = CARTESIAN_POINT('',(-4.625902074723,-6.029794754364));
#1496 = CARTESIAN_POINT('',(-4.627576461571,-6.078944639776));
#1497 = CARTESIAN_POINT('',(-4.629348504328,-6.127432730398));
#1498 = CARTESIAN_POINT('',(-4.631220200972,-6.175213123206));
#1499 = CARTESIAN_POINT('',(-4.633190587279,-6.222173615824));
#1500 = CARTESIAN_POINT('',(-4.63526474731,-6.268321236363));
#1501 = CARTESIAN_POINT('',(-4.63743957071,-6.313486219151));
#1502 = CARTESIAN_POINT('',(-4.639719071369,-6.357644153512));
#1503 = CARTESIAN_POINT('',(-4.642103048683,-6.400675103354));
#1504 = CARTESIAN_POINT('',(-4.646770275903,-6.479056415287));
#1505 = CARTESIAN_POINT('',(-4.649028826672,-6.51469388001));
#1506 = CARTESIAN_POINT('',(-4.651368461169,-6.549322711984));
#1507 = CARTESIAN_POINT('',(-4.653788553795,-6.582857947447));
#1508 = CARTESIAN_POINT('',(-4.656290303712,-6.615234467739));
#1509 = CARTESIAN_POINT('',(-4.658872824459,-6.646358733939));
#1510 = CARTESIAN_POINT('',(-4.661534540345,-6.676129059969));
#1511 = CARTESIAN_POINT('',(-4.66427498395,-6.704460325867));
#1512 = CARTESIAN_POINT('',(-4.667091502863,-6.731243654286));
#1513 = CARTESIAN_POINT('',(-4.671245667907,-6.767374815619));
#1514 = CARTESIAN_POINT('',(-4.672523959915,-6.778055273318));
#1515 = CARTESIAN_POINT('',(-4.673816309921,-6.788413464894));
#1516 = CARTESIAN_POINT('',(-4.675121777436,-6.798435738992));
#1517 = CARTESIAN_POINT('',(-4.676440424284,-6.808116267398));
#1518 = CARTESIAN_POINT('',(-4.677772429157,-6.817450055963));
#1519 = CARTESIAN_POINT('',(-4.679117262732,-6.826426826208));
#1520 = CARTESIAN_POINT('',(-4.680474076857,-6.835034505865));
#1521 = CARTESIAN_POINT('',(-4.68184264894,-6.843266753889));
#1522 = CARTESIAN_POINT('',(-4.685809462834,-6.865829406084));
#1523 = CARTESIAN_POINT('',(-4.688435863425,-6.87919291442));
#1524 = CARTESIAN_POINT('',(-4.691098250843,-6.891150687011));
#1525 = CARTESIAN_POINT('',(-4.693792941216,-6.901651960123));
#1526 = CARTESIAN_POINT('',(-4.696515917984,-6.910650794441));
#1527 = CARTESIAN_POINT('',(-4.699262821866,-6.918107192305));
#1528 = CARTESIAN_POINT('',(-4.702028940821,-6.92398821495));
#1529 = CARTESIAN_POINT('',(-4.704809200014,-6.928269099747));
#1530 = CARTESIAN_POINT('',(-4.707598151779,-6.930934377439));
#1531 = CARTESIAN_POINT('',(-4.712832802654,-6.932893024833));
#1532 = CARTESIAN_POINT('',(-4.715277725653,-6.932566611218));
#1533 = CARTESIAN_POINT('',(-4.717721774139,-6.930995913374));
#1534 = CARTESIAN_POINT('',(-4.720161145494,-6.928183544697));
#1535 = CARTESIAN_POINT('',(-4.722591855564,-6.92413819753));
#1536 = CARTESIAN_POINT('',(-4.725010170477,-6.918874184247));
#1537 = CARTESIAN_POINT('',(-4.727412809631,-6.912410889034));
#1538 = CARTESIAN_POINT('',(-4.729796919857,-6.904772130384));
#1539 = CARTESIAN_POINT('',(-4.732159820753,-6.895985434276));
#1540 = CARTESIAN_POINT('',(-4.736544884057,-6.877415028884));
#1541 = CARTESIAN_POINT('',(-4.738572842012,-6.867892932773));
#1542 = CARTESIAN_POINT('',(-4.740580130805,-6.857539378281));
#1543 = CARTESIAN_POINT('',(-4.742567419133,-6.846357850125));
#1544 = CARTESIAN_POINT('',(-4.744526297087,-6.834427103749));
#1545 = CARTESIAN_POINT('',(-4.746468387544,-6.821670318022));
#1546 = CARTESIAN_POINT('',(-4.748375853349,-6.808240609476));
#1547 = CARTESIAN_POINT('',(-4.750260354624,-6.794070537086));
#1548 = CARTESIAN_POINT('',(-4.752116019543,-6.779221622721));
#1549 = CARTESIAN_POINT('',(-4.757140572788,-6.736570556493));
#1550 = CARTESIAN_POINT('',(-4.760250282849,-6.707407963901));
#1551 = CARTESIAN_POINT('',(-4.763268232295,-6.676361048358));
#1552 = CARTESIAN_POINT('',(-4.766191539434,-6.643564929007));
#1553 = CARTESIAN_POINT('',(-4.769018271082,-6.609150428463));
#1554 = CARTESIAN_POINT('',(-4.771747312155,-6.573241118815));
#1555 = CARTESIAN_POINT('',(-4.774378251796,-6.535951062942));
#1556 = CARTESIAN_POINT('',(-4.776911235486,-6.497384166804));
#1557 = CARTESIAN_POINT('',(-4.779346732603,-6.457636058363));
#1558 = CARTESIAN_POINT('',(-4.782562082457,-6.401485665245));
#1559 = CARTESIAN_POINT('',(-4.783425364928,-6.386018487397));
#1560 = CARTESIAN_POINT('',(-4.784274990835,-6.370403902237));
#1561 = CARTESIAN_POINT('',(-4.785111073691,-6.35464478701));
#1562 = CARTESIAN_POINT('',(-4.785933655766,-6.338745560882));
#1563 = CARTESIAN_POINT('',(-4.786742718365,-6.322711947084));
#1564 = CARTESIAN_POINT('',(-4.787538284867,-6.30654865894));
#1565 = CARTESIAN_POINT('',(-4.788320488775,-6.290257863115));
#1566 = CARTESIAN_POINT('',(-4.789089479067,-6.273841273455));
#1567 = CARTESIAN_POINT('',(-4.795133927354,-6.141580915891));
#1568 = CARTESIAN_POINT('',(-4.799766317699,-6.020135843694));
#1569 = CARTESIAN_POINT('',(-4.803770374342,-5.894115175976));
#1570 = CARTESIAN_POINT('',(-4.80716619511,-5.764484874305));
#1571 = CARTESIAN_POINT('',(-4.809970014911,-5.632077428769));
#1572 = CARTESIAN_POINT('',(-4.812196117399,-5.497613868567));
#1573 = CARTESIAN_POINT('',(-4.813856958131,-5.361711785489));
#1574 = CARTESIAN_POINT('',(-4.814962006485,-5.224885603348));
#1575 = CARTESIAN_POINT('',(-4.815515813595,-5.087545326426));
#1576 = CARTESIAN_POINT('',(-4.815515813595,-4.95));
#1577 = ( GEOMETRIC_REPRESENTATION_CONTEXT(2) 
PARAMETRIC_REPRESENTATION_CONTEXT() REPRESENTATION_CONTEXT('2D SPACE',''
  ) );
#1578 = FACE_BOUND('',#1579,.T.);
#1579 = EDGE_LOOP('',(#1580));
#1580 = ORIENTED_EDGE('',*,*,#1581,.T.);
#1581 = EDGE_CURVE('',#1582,#1582,#1584,.T.);
#1582 = VERTEX_POINT('',#1583);
#1583 = CARTESIAN_POINT('',(-14.44122802618,-12.03706497015,14.95));
#1584 = SURFACE_CURVE('',#1585,(#1630,#1703),.PCURVE_S1.);
#1585 = B_SPLINE_CURVE_WITH_KNOTS('',7,(#1586,#1587,#1588,#1589,#1590,
    #1591,#1592,#1593,#1594,#1595,#1596,#1597,#1598,#1599,#1600,#1601,
    #1602,#1603,#1604,#1605,#1606,#1607,#1608,#1609,#1610,#1611,#1612,
    #1613,#1614,#1615,#1616,#1617,#1618,#1619,#1620,#1621,#1622,#1623,
    #1624,#1625,#1626,#1627,#1628,#1629),.UNSPECIFIED.,.T.,.F.,(8,6,6,6,
    6,6,6,8),(0.,0.152752118453,0.285783101604,0.42199939938,
    0.588685960237,0.71446986594,0.837896542025,1.),.UNSPECIFIED.);
#1586 = CARTESIAN_POINT('',(-14.44122802618,-12.03706497015,14.95));
#1587 = CARTESIAN_POINT('',(-14.44122802618,-12.03706497015,
    15.15326123159));
#1588 = CARTESIAN_POINT('',(-14.42300014451,-12.05893331004,
    15.356426344843));
#1589 = CARTESIAN_POINT('',(-14.38657052237,-12.10264004197,
    15.556998474649));
#1590 = CARTESIAN_POINT('',(-14.33122238375,-12.16861602972,
    15.752152192935));
#1591 = CARTESIAN_POINT('',(-14.25572651938,-12.25750202003,
    15.938204359225));
#1592 = CARTESIAN_POINT('',(-14.15842467075,-12.36979901826,
    16.110029948568));
#1593 = CARTESIAN_POINT('',(-13.93264019152,-12.62325248749,
    16.390369580966));
#1594 = CARTESIAN_POINT('',(-13.80605347098,-12.76302130168,
    16.508850729492));
#1595 = CARTESIAN_POINT('',(-13.65974741182,-12.9209838535,
    16.601717476835));
#1596 = CARTESIAN_POINT('',(-13.49807376716,-13.09046769953,
    16.659630981458));
#1597 = CARTESIAN_POINT('',(-13.32754380542,-13.26327871078,
    16.677581624267));
#1598 = CARTESIAN_POINT('',(-13.15607507315,-13.43166607702,
    16.655106287225));
#1599 = CARTESIAN_POINT('',(-12.82257995363,-13.75048823037,
    16.536675370394));
#1600 = CARTESIAN_POINT('',(-12.66680253516,-13.89473414354,
    16.441078586305));
#1601 = CARTESIAN_POINT('',(-12.52743176518,-14.02014367684,
    16.317916686946));
#1602 = CARTESIAN_POINT('',(-12.40655010383,-14.12648376826,
    16.17397583814));
#1603 = CARTESIAN_POINT('',(-12.30523499173,-14.21412410805,
    16.015223899901));
#1604 = CARTESIAN_POINT('',(-12.22369639834,-14.2838345057,
    15.846953880347));
#1605 = CARTESIAN_POINT('',(-12.08508033206,-14.40141794589,
    15.461968415905));
#1606 = CARTESIAN_POINT('',(-12.03654471647,-14.44177494966,
    15.240030019678));
#1607 = CARTESIAN_POINT('',(-12.01492990007,-14.45956291847,
    15.013005939683));
#1608 = CARTESIAN_POINT('',(-12.02002170447,-14.45536105411,
    14.784419035935));
#1609 = CARTESIAN_POINT('',(-12.05206797046,-14.42892645575,
    14.55803238966));
#1610 = CARTESIAN_POINT('',(-12.11146755211,-14.37933970635,
    14.33821376839));
#1611 = CARTESIAN_POINT('',(-12.26402501373,-14.24924999648,
    13.974666628128));
#1612 = CARTESIAN_POINT('',(-12.34616855202,-14.17859763209,
    13.823485659296));
#1613 = CARTESIAN_POINT('',(-12.44517123859,-14.09240311603,
    13.681571240062));
#1614 = CARTESIAN_POINT('',(-12.56066901112,-13.99016594569,
    13.553419426678));
#1615 = CARTESIAN_POINT('',(-12.69158396935,-13.87176113999,
    13.443938638487));
#1616 = CARTESIAN_POINT('',(-12.83606884759,-13.73759281462,
    13.358534448325));
#1617 = CARTESIAN_POINT('',(-13.14362249006,-13.44357077705,
    13.249315878937));
#1618 = CARTESIAN_POINT('',(-13.30228401184,-13.2880764553,
    13.225801343589));
#1619 = CARTESIAN_POINT('',(-13.46096617723,-13.12801380882,
    13.236914205374));
#1620 = CARTESIAN_POINT('',(-13.61303141963,-12.96978620558,
    13.282765156464));
#1621 = CARTESIAN_POINT('',(-13.75281562918,-12.82022262708,
    13.359734794813));
#1622 = CARTESIAN_POINT('',(-13.87629006028,-12.68516008304,
    13.460619302878));
#1623 = CARTESIAN_POINT('',(-14.11940707598,-12.41470781357,
    13.724462004352));
#1624 = CARTESIAN_POINT('',(-14.23054575292,-12.28711566383,
    13.902197970512));
#1625 = CARTESIAN_POINT('',(-14.31648307612,-12.18617707257,
    14.097648971506));
#1626 = CARTESIAN_POINT('',(-14.37932042269,-12.11133926047,
    14.304306339314));
#1627 = CARTESIAN_POINT('',(-14.4205806016,-12.06183583975,
    14.517440176847));
#1628 = CARTESIAN_POINT('',(-14.44122802618,-12.03706497015,
    14.733675578647));
#1629 = CARTESIAN_POINT('',(-14.44122802618,-12.03706497015,14.95));
#1630 = PCURVE('',#222,#1631);
#1631 = DEFINITIONAL_REPRESENTATION('',(#1632),#1702);
#1632 = B_SPLINE_CURVE_WITH_KNOTS('',3,(#1633,#1634,#1635,#1636,#1637,
    #1638,#1639,#1640,#1641,#1642,#1643,#1644,#1645,#1646,#1647,#1648,
    #1649,#1650,#1651,#1652,#1653,#1654,#1655,#1656,#1657,#1658,#1659,
    #1660,#1661,#1662,#1663,#1664,#1665,#1666,#1667,#1668,#1669,#1670,
    #1671,#1672,#1673,#1674,#1675,#1676,#1677,#1678,#1679,#1680,#1681,
    #1682,#1683,#1684,#1685,#1686,#1687,#1688,#1689,#1690,#1691,#1692,
    #1693,#1694,#1695,#1696,#1697,#1698,#1699,#1700,#1701),
  .UNSPECIFIED.,.T.,.F.,(4,1,1,1,1,1,1,1,1,1,1,1,1,1,1,1,1,1,1,1,1,1,1,1
    ,1,1,1,1,1,1,1,1,1,1,1,1,1,1,1,1,1,1,1,1,1,1,1,1,1,1,1,1,1,1,1,1,1,1
    ,1,1,1,1,1,1,1,1,4),(0.,1.515151515152E-02,3.030303030303E-02,
    4.545454545455E-02,6.060606060606E-02,7.575757575758E-02,
    9.090909090909E-02,0.106060606061,0.121212121212,0.136363636364,
    0.151515151515,0.166666666667,0.181818181818,0.19696969697,
    0.212121212121,0.227272727273,0.242424242424,0.257575757576,
    0.272727272727,0.287878787879,0.30303030303,0.318181818182,
    0.333333333333,0.348484848485,0.363636363636,0.378787878788,
    0.393939393939,0.409090909091,0.424242424242,0.439393939394,
    0.454545454545,0.469696969697,0.484848484848,0.5,0.515151515152,
    0.530303030303,0.545454545455,0.560606060606,0.575757575758,
    0.590909090909,0.606060606061,0.621212121212,0.636363636364,
    0.651515151515,0.666666666667,0.681818181818,0.69696969697,
    0.712121212121,0.727272727273,0.742424242424,0.757575757576,
    0.772727272727,0.787878787879,0.80303030303,0.818181818182,
    0.833333333333,0.848484848485,0.863636363636,0.878787878788,
    0.893939393939,0.909090909091,0.924242424242,0.939393939394,
    0.954545454545,0.969696969697,0.984848484848,1.),
  .QUASI_UNIFORM_KNOTS.);
#1633 = CARTESIAN_POINT('',(2.446743709329,-4.95));
#1634 = CARTESIAN_POINT('',(2.446743453959,-4.997040023579));
#1635 = CARTESIAN_POINT('',(2.446535341602,-5.091119899719));
#1636 = CARTESIAN_POINT('',(2.445595690161,-5.231666175087));
#1637 = CARTESIAN_POINT('',(2.444024975555,-5.371085682198));
#1638 = CARTESIAN_POINT('',(2.441815775236,-5.508755904331));
#1639 = CARTESIAN_POINT('',(2.43895867664,-5.643991687287));
#1640 = CARTESIAN_POINT('',(2.435442551282,-5.776021701578));
#1641 = CARTESIAN_POINT('',(2.431254513239,-5.903983620497));
#1642 = CARTESIAN_POINT('',(2.426382951852,-6.026866748991));
#1643 = CARTESIAN_POINT('',(2.420808886478,-6.143636687962));
#1644 = CARTESIAN_POINT('',(2.414541332229,-6.25267338842));
#1645 = CARTESIAN_POINT('',(2.407488744264,-6.35376102098));
#1646 = CARTESIAN_POINT('',(2.399590586047,-6.445072581745));
#1647 = CARTESIAN_POINT('',(2.390984616598,-6.522687325997));
#1648 = CARTESIAN_POINT('',(2.381785831366,-6.584005785502));
#1649 = CARTESIAN_POINT('',(2.372139099626,-6.626855071344));
#1650 = CARTESIAN_POINT('',(2.362200940539,-6.649747102367));
#1651 = CARTESIAN_POINT('',(2.352133667741,-6.65179106019));
#1652 = CARTESIAN_POINT('',(2.34212045219,-6.632843936511));
#1653 = CARTESIAN_POINT('',(2.332284039434,-6.593061943056));
#1654 = CARTESIAN_POINT('',(2.322982454238,-6.534682687343));
#1655 = CARTESIAN_POINT('',(2.314337622132,-6.460444070614));
#1656 = CARTESIAN_POINT('',(2.306366143987,-6.37230433697));
#1657 = CARTESIAN_POINT('',(2.299099596712,-6.272258929174));
#1658 = CARTESIAN_POINT('',(2.292554011334,-6.162141544467));
#1659 = CARTESIAN_POINT('',(2.286739225644,-6.043685324781));
#1660 = CARTESIAN_POINT('',(2.281658020768,-5.918543549013));
#1661 = CARTESIAN_POINT('',(2.277304932505,-5.788198111415));
#1662 = CARTESIAN_POINT('',(2.273675480561,-5.654344971359));
#1663 = CARTESIAN_POINT('',(2.270731561492,-5.51740740575));
#1664 = CARTESIAN_POINT('',(2.268452094538,-5.377753086987));
#1665 = CARTESIAN_POINT('',(2.266830302471,-5.236162747171));
#1666 = CARTESIAN_POINT('',(2.265859668763,-5.093256470816));
#1667 = CARTESIAN_POINT('',(2.265537311878,-4.949671788026));
#1668 = CARTESIAN_POINT('',(2.265862720559,-4.806036766486));
#1669 = CARTESIAN_POINT('',(2.266837653592,-4.662998386711));
#1670 = CARTESIAN_POINT('',(2.268466036907,-4.521225070692));
#1671 = CARTESIAN_POINT('',(2.270752715218,-4.381450805188));
#1672 = CARTESIAN_POINT('',(2.273706789861,-4.244375430768));
#1673 = CARTESIAN_POINT('',(2.277327753356,-4.111098577229));
#1674 = CARTESIAN_POINT('',(2.28165819021,-3.981488288277));
#1675 = CARTESIAN_POINT('',(2.286722262426,-3.856713555137));
#1676 = CARTESIAN_POINT('',(2.292520322287,-3.73849803093));
#1677 = CARTESIAN_POINT('',(2.299049875541,-3.628511035397));
#1678 = CARTESIAN_POINT('',(2.306299056846,-3.528539168204));
#1679 = CARTESIAN_POINT('',(2.314249189395,-3.440437036817));
#1680 = CARTESIAN_POINT('',(2.322867425728,-3.366192612347));
#1681 = CARTESIAN_POINT('',(2.332128696925,-3.307768224559));
#1682 = CARTESIAN_POINT('',(2.341928842771,-3.267739208634));
#1683 = CARTESIAN_POINT('',(2.351936634684,-3.248375204498));
#1684 = CARTESIAN_POINT('',(2.362013039888,-3.250013006044));
#1685 = CARTESIAN_POINT('',(2.371969084149,-3.272565094027));
#1686 = CARTESIAN_POINT('',(2.381633671749,-3.315148155016));
#1687 = CARTESIAN_POINT('',(2.390841587405,-3.376198963352));
#1688 = CARTESIAN_POINT('',(2.399443515188,-3.453445344196));
#1689 = CARTESIAN_POINT('',(2.407307295086,-3.54396089291));
#1690 = CARTESIAN_POINT('',(2.414331476023,-3.644020494402));
#1691 = CARTESIAN_POINT('',(2.420652854302,-3.753352631739));
#1692 = CARTESIAN_POINT('',(2.426255870913,-3.870205012179));
#1693 = CARTESIAN_POINT('',(2.431158961046,-3.993343134338));
#1694 = CARTESIAN_POINT('',(2.435372980213,-4.121604394187));
#1695 = CARTESIAN_POINT('',(2.438911291709,-4.253988775767));
#1696 = CARTESIAN_POINT('',(2.441786143734,-4.389609461977));
#1697 = CARTESIAN_POINT('',(2.44400886302,-4.527683251911));
#1698 = CARTESIAN_POINT('',(2.445588977174,-4.667513968955));
#1699 = CARTESIAN_POINT('',(2.446534139374,-4.80847230179));
#1700 = CARTESIAN_POINT('',(2.446743445773,-4.902824894635));
#1701 = CARTESIAN_POINT('',(2.446743709329,-4.95));
#1702 = ( GEOMETRIC_REPRESENTATION_CONTEXT(2) 
PARAMETRIC_REPRESENTATION_CONTEXT() REPRESENTATION_CONTEXT('2D SPACE',''
  ) );
#1703 = PCURVE('',#1704,#1709);
#1704 = CYLINDRICAL_SURFACE('',#1705,1.7);
#1705 = AXIS2_PLACEMENT_3D('',#1706,#1707,#1708);
#1706 = CARTESIAN_POINT('',(-21.21320343559,-21.21320343559,14.95));
#1707 = DIRECTION('',(0.707106781187,0.707106781187,0.));
#1708 = DIRECTION('',(-0.707106781187,0.707106781187,0.));
#1709 = DEFINITIONAL_REPRESENTATION('',(#1710),#1780);
#1710 = B_SPLINE_CURVE_WITH_KNOTS('',3,(#1711,#1712,#1713,#1714,#1715,
    #1716,#1717,#1718,#1719,#1720,#1721,#1722,#1723,#1724,#1725,#1726,
    #1727,#1728,#1729,#1730,#1731,#1732,#1733,#1734,#1735,#1736,#1737,
    #1738,#1739,#1740,#1741,#1742,#1743,#1744,#1745,#1746,#1747,#1748,
    #1749,#1750,#1751,#1752,#1753,#1754,#1755,#1756,#1757,#1758,#1759,
    #1760,#1761,#1762,#1763,#1764,#1765,#1766,#1767,#1768,#1769,#1770,
    #1771,#1772,#1773,#1774,#1775,#1776,#1777,#1778,#1779),
  .UNSPECIFIED.,.F.,.F.,(4,1,1,1,1,1,1,1,1,1,1,1,1,1,1,1,1,1,1,1,1,1,1,1
    ,1,1,1,1,1,1,1,1,1,1,1,1,1,1,1,1,1,1,1,1,1,1,1,1,1,1,1,1,1,1,1,1,1,1
    ,1,1,1,1,1,1,1,1,4),(0.,1.515151515152E-02,3.030303030303E-02,
    4.545454545455E-02,6.060606060606E-02,7.575757575758E-02,
    9.090909090909E-02,0.106060606061,0.121212121212,0.136363636364,
    0.151515151515,0.166666666667,0.181818181818,0.19696969697,
    0.212121212121,0.227272727273,0.242424242424,0.257575757576,
    0.272727272727,0.287878787879,0.30303030303,0.318181818182,
    0.333333333333,0.348484848485,0.363636363636,0.378787878788,
    0.393939393939,0.409090909091,0.424242424242,0.439393939394,
    0.454545454545,0.469696969697,0.484848484848,0.5,0.515151515152,
    0.530303030303,0.545454545455,0.560606060606,0.575757575758,
    0.590909090909,0.606060606061,0.621212121212,0.636363636364,
    0.651515151515,0.666666666667,0.681818181818,0.69696969697,
    0.712121212121,0.727272727273,0.742424242424,0.757575757576,
    0.772727272727,0.787878787879,0.80303030303,0.818181818182,
    0.833333333333,0.848484848485,0.863636363636,0.878787878788,
    0.893939393939,0.909090909091,0.924242424242,0.939393939394,
    0.954545454545,0.969696969697,0.984848484848,1.),
  .QUASI_UNIFORM_KNOTS.);
#1711 = CARTESIAN_POINT('',(0.,11.277019468044));
#1712 = CARTESIAN_POINT('',(2.767190591928E-02,11.277020907491));
#1713 = CARTESIAN_POINT('',(8.30110280647E-02,11.276663773893));
#1714 = CARTESIAN_POINT('',(0.166259026119,11.275075704435));
#1715 = CARTESIAN_POINT('',(0.250002197589,11.272455832975));
#1716 = CARTESIAN_POINT('',(0.334487739731,11.26884958132));
#1717 = CARTESIAN_POINT('',(0.419963792155,11.264320978805));
#1718 = CARTESIAN_POINT('',(0.506679915975,11.258957432096));
#1719 = CARTESIAN_POINT('',(0.59490105239,11.252871047682));
#1720 = CARTESIAN_POINT('',(0.684876442483,11.24620428133));
#1721 = CARTESIAN_POINT('',(0.776977750278,11.239122419091));
#1722 = CARTESIAN_POINT('',(0.871211606568,11.231854234478));
#1723 = CARTESIAN_POINT('',(0.969076125803,11.224552076069));
#1724 = CARTESIAN_POINT('',(1.071397249422,11.217485341574));
#1725 = CARTESIAN_POINT('',(1.17674099055,11.211127009636));
#1726 = CARTESIAN_POINT('',(1.284474592841,11.205876352707));
#1727 = CARTESIAN_POINT('',(1.393907802055,11.202087820644));
#1728 = CARTESIAN_POINT('',(1.504459004211,11.200023578064));
#1729 = CARTESIAN_POINT('',(1.61562820545,11.199837891006));
#1730 = CARTESIAN_POINT('',(1.726745147334,11.201550734689));
#1731 = CARTESIAN_POINT('',(1.837824740295,11.20508418383));
#1732 = CARTESIAN_POINT('',(1.946070759505,11.210115478275));
#1733 = CARTESIAN_POINT('',(2.050969074154,11.216250315986));
#1734 = CARTESIAN_POINT('',(2.153027631062,11.223152466605));
#1735 = CARTESIAN_POINT('',(2.252416031403,11.230485055716));
#1736 = CARTESIAN_POINT('',(2.349340473738,11.237938990408));
#1737 = CARTESIAN_POINT('',(2.443955463062,11.245235209282));
#1738 = CARTESIAN_POINT('',(2.536376723199,11.252130027739));
#1739 = CARTESIAN_POINT('',(2.62674270493,11.258421759136));
#1740 = CARTESIAN_POINT('',(2.71497448393,11.263938565674));
#1741 = CARTESIAN_POINT('',(2.801731703447,11.268593956339));
#1742 = CARTESIAN_POINT('',(2.887555208802,11.272309987491));
#1743 = CARTESIAN_POINT('',(2.97266089695,11.275013047719));
#1744 = CARTESIAN_POINT('',(3.057324654306,11.276654337334));
#1745 = CARTESIAN_POINT('',(3.141785494178,11.277203324567));
#1746 = CARTESIAN_POINT('',(3.226277296758,11.276649149446));
#1747 = CARTESIAN_POINT('',(3.311023815796,11.275000665667));
#1748 = CARTESIAN_POINT('',(3.396249815957,11.272286950815));
#1749 = CARTESIAN_POINT('',(3.48216351559,11.26855983581));
#1750 = CARTESIAN_POINT('',(3.569037719938,11.263889982378));
#1751 = CARTESIAN_POINT('',(3.656925837685,11.258388405023));
#1752 = CARTESIAN_POINT('',(3.74679431888,11.252130414504));
#1753 = CARTESIAN_POINT('',(3.83893033911,11.245257896319));
#1754 = CARTESIAN_POINT('',(3.933316734592,11.237979914394));
#1755 = CARTESIAN_POINT('',(4.030058771147,11.230539111279));
#1756 = CARTESIAN_POINT('',(4.12926744525,11.223216252646));
#1757 = CARTESIAN_POINT('',(4.231112108351,11.216321133998));
#1758 = CARTESIAN_POINT('',(4.335745436812,11.210189285052));
#1759 = CARTESIAN_POINT('',(4.443578819318,11.205156867257));
#1760 = CARTESIAN_POINT('',(4.554298333263,11.201603102442));
#1761 = CARTESIAN_POINT('',(4.665380608022,11.199853002886));
#1762 = CARTESIAN_POINT('',(4.776647847909,11.200001823204));
#1763 = CARTESIAN_POINT('',(4.887370724127,11.202035915355));
#1764 = CARTESIAN_POINT('',(4.996959873125,11.20580250823));
#1765 = CARTESIAN_POINT('',(5.104736256595,11.211033409611));
#1766 = CARTESIAN_POINT('',(5.209946996723,11.217366637073));
#1767 = CARTESIAN_POINT('',(5.311702933549,11.224379552939));
#1768 = CARTESIAN_POINT('',(5.408953394099,11.231623873989));
#1769 = CARTESIAN_POINT('',(5.503741588023,11.238931278057));
#1770 = CARTESIAN_POINT('',(5.596090707816,11.246036099704));
#1771 = CARTESIAN_POINT('',(5.68639408855,11.252735519187));
#1772 = CARTESIAN_POINT('',(5.774914192822,11.258853394738));
#1773 = CARTESIAN_POINT('',(5.861925497341,11.264246955654));
#1774 = CARTESIAN_POINT('',(5.947683341387,11.268801702195));
#1775 = CARTESIAN_POINT('',(6.032438434843,11.272429121216));
#1776 = CARTESIAN_POINT('',(6.116438983246,11.275064389821));
#1777 = CARTESIAN_POINT('',(6.199934417194,11.276661722825));
#1778 = CARTESIAN_POINT('',(6.255433900568,11.277020922672));
#1779 = CARTESIAN_POINT('',(6.28318530718,11.277019468044));
#1780 = ( GEOMETRIC_REPRESENTATION_CONTEXT(2) 
PARAMETRIC_REPRESENTATION_CONTEXT() REPRESENTATION_CONTEXT('2D SPACE',''
  ) );
#1781 = FACE_BOUND('',#1782,.T.);
#1782 = EDGE_LOOP('',(#1783));
#1783 = ORIENTED_EDGE('',*,*,#1784,.T.);
#1784 = EDGE_CURVE('',#1785,#1785,#1787,.T.);
#1785 = VERTEX_POINT('',#1786);
#1786 = CARTESIAN_POINT('',(-1.935349749399,18.700118217474,14.95));
#1787 = SURFACE_CURVE('',#1788,(#1945,#2105),.PCURVE_S1.);
#1788 = B_SPLINE_CURVE_WITH_KNOTS('',8,(#1789,#1790,#1791,#1792,#1793,
    #1794,#1795,#1796,#1797,#1798,#1799,#1800,#1801,#1802,#1803,#1804,
    #1805,#1806,#1807,#1808,#1809,#1810,#1811,#1812,#1813,#1814,#1815,
    #1816,#1817,#1818,#1819,#1820,#1821,#1822,#1823,#1824,#1825,#1826,
    #1827,#1828,#1829,#1830,#1831,#1832,#1833,#1834,#1835,#1836,#1837,
    #1838,#1839,#1840,#1841,#1842,#1843,#1844,#1845,#1846,#1847,#1848,
    #1849,#1850,#1851,#1852,#1853,#1854,#1855,#1856,#1857,#1858,#1859,
    #1860,#1861,#1862,#1863,#1864,#1865,#1866,#1867,#1868,#1869,#1870,
    #1871,#1872,#1873,#1874,#1875,#1876,#1877,#1878,#1879,#1880,#1881,
    #1882,#1883,#1884,#1885,#1886,#1887,#1888,#1889,#1890,#1891,#1892,
    #1893,#1894,#1895,#1896,#1897,#1898,#1899,#1900,#1901,#1902,#1903,
    #1904,#1905,#1906,#1907,#1908,#1909,#1910,#1911,#1912,#1913,#1914,
    #1915,#1916,#1917,#1918,#1919,#1920,#1921,#1922,#1923,#1924,#1925,
    #1926,#1927,#1928,#1929,#1930,#1931,#1932,#1933,#1934,#1935,#1936,
    #1937,#1938,#1939,#1940,#1941,#1942,#1943,#1944),.UNSPECIFIED.,.T.,
  .F.,(1,8,7,7,7,7,7,7,7,7,7,7,7,7,7,7,7,7,7,7,7,7,7,8,1),(
    -0.128122495386,0.,0.128092895467,0.169260925536,0.200564270408,
    0.216910227135,0.227224598318,0.249776258748,0.282641408321,
    0.298987738091,0.330291797359,0.371460766953,0.404277829382,
    0.429957336712,0.499517049137,0.594921056213,0.627556790168,
    0.668873298957,0.700419917639,0.749582959465,0.799014018395,
    0.8305607924,0.871877504614,1.,1.128092895467),.UNSPECIFIED.);
#1789 = CARTESIAN_POINT('',(-1.935349749399,18.700118217474,14.95));
#1790 = CARTESIAN_POINT('',(-1.935349749399,18.700118217474,
    14.77618370703));
#1791 = CARTESIAN_POINT('',(-1.918337297994,18.701878834293,
    14.602805079188));
#1792 = CARTESIAN_POINT('',(-1.88446350736,18.705384847961,
    14.430476191084));
#1793 = CARTESIAN_POINT('',(-1.83337533924,18.710584021689,
    14.260180046444));
#1794 = CARTESIAN_POINT('',(-1.764568457135,18.717359202553,
    14.093201281884));
#1795 = CARTESIAN_POINT('',(-1.677356192986,18.725497014218,
    13.931204519836));
#1796 = CARTESIAN_POINT('',(-1.571020422073,18.734674463534,
    13.776178923956));
#1797 = CARTESIAN_POINT('',(-1.403681912114,18.747569001145,
    13.583974379394));
#1798 = CARTESIAN_POINT('',(-1.360903525563,18.750763725756,
    13.538236471553));
#1799 = CARTESIAN_POINT('',(-1.316018572058,18.754001160922,
    13.493601767136));
#1800 = CARTESIAN_POINT('',(-1.269003159245,18.757263314361,
    13.450177071985));
#1801 = CARTESIAN_POINT('',(-1.219840140392,18.760530036317,
    13.408082312454));
#1802 = CARTESIAN_POINT('',(-1.168521116226,18.763779079288,
    13.367449531703));
#1803 = CARTESIAN_POINT('',(-1.115048436763,18.766986157755,
    13.328421885974));
#1804 = CARTESIAN_POINT('',(-1.01715153579,18.772511726653,
    13.262813853972));
#1805 = CARTESIAN_POINT('',(-0.97363198548,18.774858850502,
    13.235493533912));
#1806 = CARTESIAN_POINT('',(-0.928887361245,18.777154850065,
    13.20925975532));
#1807 = CARTESIAN_POINT('',(-0.882933692252,18.779387353861,
    13.184185879731));
#1808 = CARTESIAN_POINT('',(-0.835795562917,18.78154338362,
    13.160349102118));
#1809 = CARTESIAN_POINT('',(-0.787507448017,18.783609589583,
    13.137828997387));
#1810 = CARTESIAN_POINT('',(-0.738115047804,18.785572485803,
    13.116706066892));
#1811 = CARTESIAN_POINT('',(-0.661338725026,18.788382732557,
    13.086801665508));
#1812 = CARTESIAN_POINT('',(-0.634715918059,18.789314973466,
    13.076945796894));
#1813 = CARTESIAN_POINT('',(-0.607816710406,18.790213467243,
    13.067504324273));
#1814 = CARTESIAN_POINT('',(-0.580650663855,18.791076324795,
    13.058488593684));
#1815 = CARTESIAN_POINT('',(-0.553228393805,18.791901708851,
    13.049909652025));
#1816 = CARTESIAN_POINT('',(-0.525561569256,18.792687833973,
    13.041778247054));
#1817 = CARTESIAN_POINT('',(-0.497662912817,18.793432966549,
    13.034104827389));
#1818 = CARTESIAN_POINT('',(-0.45180443067,18.794578679058,
    13.022352975793));
#1819 = CARTESIAN_POINT('',(-0.433975843687,18.795004951381,
    13.017992747434));
#1820 = CARTESIAN_POINT('',(-0.416063930854,18.795413824426,
    13.013821377828));
#1821 = CARTESIAN_POINT('',(-0.398072341992,18.795804899604,
    13.009841275401));
#1822 = CARTESIAN_POINT('',(-0.380004885643,18.796177797071,
    13.00605473661));
#1823 = CARTESIAN_POINT('',(-0.361865529065,18.796532155728,
    13.002463945938));
#1824 = CARTESIAN_POINT('',(-0.343658398235,18.796867633223,
    12.999070975899));
#1825 = CARTESIAN_POINT('',(-0.285440327879,18.797875414423,
    12.988896100059));
#1826 = CARTESIAN_POINT('',(-0.245188070955,18.798475148355,
    12.982869192998));
#1827 = CARTESIAN_POINT('',(-0.20467732686,18.798979722817,
    12.977817662917));
#1828 = CARTESIAN_POINT('',(-0.163956344549,18.799386329633,
    12.973758563423));
#1829 = CARTESIAN_POINT('',(-0.123075256915,18.799692789104,
    12.970705110675));
#1830 = CARTESIAN_POINT('',(-8.208603554631E-02,18.799897601742,
    12.968666389385));
#1831 = CARTESIAN_POINT('',(-4.104244548761E-02,18.8,12.967647058824));
#1832 = CARTESIAN_POINT('',(5.981227475161E-02,18.8,12.967647058824));
#1833 = CARTESIAN_POINT('',(0.119630702453,18.799782533994,
    12.969812019207));
#1834 = CARTESIAN_POINT('',(0.179278609762,18.799347484526,
    12.974142296862));
#1835 = CARTESIAN_POINT('',(0.238590292403,18.798698392074,
    12.980616433859));
#1836 = CARTESIAN_POINT('',(0.297411043609,18.797842008533,
    12.989193668958));
#1837 = CARTESIAN_POINT('',(0.355597182555,18.796787850703,
    12.999816449118));
#1838 = CARTESIAN_POINT('',(0.413016082796,18.79554775377,
    13.012412941005));
#1839 = CARTESIAN_POINT('',(0.497662912815,18.793432966549,
    13.034104827388));
#1840 = CARTESIAN_POINT('',(0.525561569255,18.792687833973,
    13.041778247053));
#1841 = CARTESIAN_POINT('',(0.553228393803,18.791901708851,
    13.049909652024));
#1842 = CARTESIAN_POINT('',(0.580650663854,18.791076324795,
    13.058488593683));
#1843 = CARTESIAN_POINT('',(0.607816710404,18.790213467244,
    13.067504324273));
#1844 = CARTESIAN_POINT('',(0.634715918058,18.789314973466,
    13.076945796894));
#1845 = CARTESIAN_POINT('',(0.661338725024,18.788382732557,
    13.086801665507));
#1846 = CARTESIAN_POINT('',(0.738115047802,18.785572485803,
    13.116706066892));
#1847 = CARTESIAN_POINT('',(0.787507448015,18.783609589583,
    13.137828997386));
#1848 = CARTESIAN_POINT('',(0.835795562916,18.78154338362,
    13.160349102117));
#1849 = CARTESIAN_POINT('',(0.882933692251,18.779387353861,
    13.184185879731));
#1850 = CARTESIAN_POINT('',(0.928887361243,18.777154850065,
    13.209259755319));
#1851 = CARTESIAN_POINT('',(0.973631985479,18.774858850502,
    13.235493533911));
#1852 = CARTESIAN_POINT('',(1.017151535789,18.772511726653,
    13.262813853971));
#1853 = CARTESIAN_POINT('',(1.115048436762,18.766986157755,
    13.328421885973));
#1854 = CARTESIAN_POINT('',(1.168521116225,18.763779079288,
    13.367449531702));
#1855 = CARTESIAN_POINT('',(1.219840140391,18.760530036317,
    13.408082312453));
#1856 = CARTESIAN_POINT('',(1.269003159244,18.757263314361,
    13.450177071983));
#1857 = CARTESIAN_POINT('',(1.316018572057,18.754001160922,
    13.493601767135));
#1858 = CARTESIAN_POINT('',(1.360903525561,18.750763725756,
    13.538236471552));
#1859 = CARTESIAN_POINT('',(1.403681912112,18.747569001145,
    13.583974379392));
#1860 = CARTESIAN_POINT('',(1.476825963374,18.741932768814,
    13.667987432117));
#1861 = CARTESIAN_POINT('',(1.507947341138,18.739470102751,
    13.705891966604));
#1862 = CARTESIAN_POINT('',(1.537760303636,18.737052876237,
    13.744388249259));
#1863 = CARTESIAN_POINT('',(1.566278892562,18.734688511176,
    13.783431347201));
#1864 = CARTESIAN_POINT('',(1.593517282773,18.732383773171,
    13.822979537369));
#1865 = CARTESIAN_POINT('',(1.61948967624,18.730144805566,
    13.862994285971));
#1866 = CARTESIAN_POINT('',(1.644210195993,18.727977163505,
    13.903440227945));
#1867 = CARTESIAN_POINT('',(1.686068013735,18.724249383628,
    13.976246489236));
#1868 = CARTESIAN_POINT('',(1.703684971251,18.722659688154,
    14.008451654917));
#1869 = CARTESIAN_POINT('',(1.720550194735,18.721119153873,
    14.040885001346));
#1870 = CARTESIAN_POINT('',(1.736669935797,18.71963000492,
    14.073531609418));
#1871 = CARTESIAN_POINT('',(1.752050155547,18.718194297245,
    14.106377283024));
#1872 = CARTESIAN_POINT('',(1.766696524597,18.716813918607,
    14.139408549054));
#1873 = CARTESIAN_POINT('',(1.780614423056,18.71549058858,
    14.172612657394));
#1874 = CARTESIAN_POINT('',(1.829549768032,18.710800003996,
    14.296355268321));
#1875 = CARTESIAN_POINT('',(1.859979979836,18.707804464398,
    14.387905445148));
#1876 = CARTESIAN_POINT('',(1.885205152886,18.705269979479,
    14.480396501404));
#1877 = CARTESIAN_POINT('',(1.90530436944,18.703220157879,
    14.573614749302));
#1878 = CARTESIAN_POINT('',(1.920336862967,18.701671963389,
    14.667361986977));
#1879 = CARTESIAN_POINT('',(1.930344434658,18.700636233275,
    14.761453808992));
#1880 = CARTESIAN_POINT('',(1.935349640568,18.700118228737,
    14.855718663656));
#1881 = CARTESIAN_POINT('',(1.935349898663,18.700118202026,
    15.07930517509));
#1882 = CARTESIAN_POINT('',(1.925935109846,18.701092562535,
    15.208384838155));
#1883 = CARTESIAN_POINT('',(1.907162149468,18.703035425926,
    15.336953565561));
#1884 = CARTESIAN_POINT('',(1.878951729154,18.705928329229,
    15.464631692433));
#1885 = CARTESIAN_POINT('',(1.84114375502,18.709734571678,15.59095268463
    ));
#1886 = CARTESIAN_POINT('',(1.79352440044,18.714393984473,
    15.715362366771));
#1887 = CARTESIAN_POINT('',(1.735825002206,18.719818118207,
    15.83720766344));
#1888 = CARTESIAN_POINT('',(1.644386158655,18.727961492595,
    15.996253707758));
#1889 = CARTESIAN_POINT('',(1.619860076607,18.730112324887,
    16.03639955524));
#1890 = CARTESIAN_POINT('',(1.594100914025,18.732333454701,
    16.076120884882));
#1891 = CARTESIAN_POINT('',(1.567094869046,18.734619454522,
    16.115383136935));
#1892 = CARTESIAN_POINT('',(1.538828059077,18.736964326658,
    16.154148682995));
#1893 = CARTESIAN_POINT('',(1.509286622012,18.739361470429,
    16.192376805941));
#1894 = CARTESIAN_POINT('',(1.478456817453,18.741803649366,
    16.230023679871));
#1895 = CARTESIAN_POINT('',(1.405646734293,18.747421738522,
    16.313907611705));
#1896 = CARTESIAN_POINT('',(1.36288469552,18.750619769542,
    16.359762582508));
#1897 = CARTESIAN_POINT('',(1.318010163059,18.753861255216,
    16.404514440795));
#1898 = CARTESIAN_POINT('',(1.270999004173,18.757128173987,
    16.448056189011));
#1899 = CARTESIAN_POINT('',(1.221833804175,18.760400336818,
    16.49026765193));
#1900 = CARTESIAN_POINT('',(1.170505868654,18.763655445028,
    16.531016474876));
#1901 = CARTESIAN_POINT('',(1.117017225703,18.766869148128,
    16.570159121951));
#1902 = CARTESIAN_POINT('',(1.018903641272,18.772417148677,
    16.63608493045));
#1903 = CARTESIAN_POINT('',(0.975176209568,18.774779548974,
    16.663600160841));
#1904 = CARTESIAN_POINT('',(0.93020909714,18.777090594408,
    16.690018441553));
#1905 = CARTESIAN_POINT('',(0.884018421741,18.779337711991,
    16.715265219641));
#1906 = CARTESIAN_POINT('',(0.836629026205,18.781507705156,
    16.73926200391));
#1907 = CARTESIAN_POINT('',(0.788075849862,18.78358699503,
    16.761927855719));
#1908 = CARTESIAN_POINT('',(0.738405299968,18.785561861691,16.7831808798
    ));
#1909 = CARTESIAN_POINT('',(0.608619780716,18.790312406144,
    16.833732379549));
#1910 = CARTESIAN_POINT('',(0.52695069462,18.792921023263,
    16.860912989058));
#1911 = CARTESIAN_POINT('',(0.44294521772,18.795190725216,
    16.884145489318));
#1912 = CARTESIAN_POINT('',(0.356939476339,18.797070713486,
    16.903125360733));
#1913 = CARTESIAN_POINT('',(0.269333440767,18.798517033274,
    16.917590725594));
#1914 = CARTESIAN_POINT('',(0.180594589171,18.799496488642,
    16.927340528597));
#1915 = CARTESIAN_POINT('',(9.126166488574E-02,18.799990642157,
    16.932259790655));
#1916 = CARTESIAN_POINT('',(-8.78515099491E-02,18.800009206353,
    16.932444583721));
#1917 = CARTESIAN_POINT('',(-0.177690549025,18.7995283224,
    16.927657398736));
#1918 = CARTESIAN_POINT('',(-0.266943686703,18.798556342562,
    16.917983827996));
#1919 = CARTESIAN_POINT('',(-0.355062309767,18.797111668447,
    16.903538760133));
#1920 = CARTESIAN_POINT('',(-0.441570253098,18.795227843713,
    16.884525385383));
#1921 = CARTESIAN_POINT('',(-0.526060037289,18.792949464893,
    16.861209334447));
#1922 = CARTESIAN_POINT('',(-0.608189186013,18.790328167218,
    16.833900096319));
#1923 = CARTESIAN_POINT('',(-0.738405299966,18.785561861691,
    16.783180879801));
#1924 = CARTESIAN_POINT('',(-0.788075849861,18.78358699503,
    16.76192785572));
#1925 = CARTESIAN_POINT('',(-0.836629026204,18.781507705156,
    16.739262003911));
#1926 = CARTESIAN_POINT('',(-0.88401842174,18.779337711991,
    16.715265219642));
#1927 = CARTESIAN_POINT('',(-0.930209097138,18.777090594408,
    16.690018441553));
#1928 = CARTESIAN_POINT('',(-0.975176209567,18.774779548975,
    16.663600160842));
#1929 = CARTESIAN_POINT('',(-1.018903641271,18.772417148678,
    16.636084930451));
#1930 = CARTESIAN_POINT('',(-1.117017225702,18.766869148128,
    16.570159121952));
#1931 = CARTESIAN_POINT('',(-1.170505868653,18.763655445028,
    16.531016474877));
#1932 = CARTESIAN_POINT('',(-1.221833804174,18.760400336819,
    16.490267651931));
#1933 = CARTESIAN_POINT('',(-1.270999004171,18.757128173987,
    16.448056189012));
#1934 = CARTESIAN_POINT('',(-1.318010163057,18.753861255216,
    16.404514440796));
#1935 = CARTESIAN_POINT('',(-1.362884695519,18.750619769542,
    16.35976258251));
#1936 = CARTESIAN_POINT('',(-1.405646734292,18.747421738522,
    16.313907611707));
#1937 = CARTESIAN_POINT('',(-1.572468207134,18.734549649012,
    16.121713887308));
#1938 = CARTESIAN_POINT('',(-1.678363857181,18.725402737116,
    15.966914150673));
#1939 = CARTESIAN_POINT('',(-1.765238531852,18.717293490668,
    15.805180448472));
#1940 = CARTESIAN_POINT('',(-1.833786178676,18.710542309549,
    15.63847737159));
#1941 = CARTESIAN_POINT('',(-1.884684452403,18.705361982246,
    15.468459591937));
#1942 = CARTESIAN_POINT('',(-1.918422442517,18.70187003587,
    15.296425112904));
#1943 = CARTESIAN_POINT('',(-1.935349749399,18.700118217474,
    15.123380464875));
#1944 = CARTESIAN_POINT('',(-1.935349749399,18.700118217474,14.95));
#1945 = PCURVE('',#222,#1946);
#1946 = DEFINITIONAL_REPRESENTATION('',(#1947),#2104);
#1947 = B_SPLINE_CURVE_WITH_KNOTS('',8,(#1948,#1949,#1950,#1951,#1952,
    #1953,#1954,#1955,#1956,#1957,#1958,#1959,#1960,#1961,#1962,#1963,
    #1964,#1965,#1966,#1967,#1968,#1969,#1970,#1971,#1972,#1973,#1974,
    #1975,#1976,#1977,#1978,#1979,#1980,#1981,#1982,#1983,#1984,#1985,
    #1986,#1987,#1988,#1989,#1990,#1991,#1992,#1993,#1994,#1995,#1996,
    #1997,#1998,#1999,#2000,#2001,#2002,#2003,#2004,#2005,#2006,#2007,
    #2008,#2009,#2010,#2011,#2012,#2013,#2014,#2015,#2016,#2017,#2018,
    #2019,#2020,#2021,#2022,#2023,#2024,#2025,#2026,#2027,#2028,#2029,
    #2030,#2031,#2032,#2033,#2034,#2035,#2036,#2037,#2038,#2039,#2040,
    #2041,#2042,#2043,#2044,#2045,#2046,#2047,#2048,#2049,#2050,#2051,
    #2052,#2053,#2054,#2055,#2056,#2057,#2058,#2059,#2060,#2061,#2062,
    #2063,#2064,#2065,#2066,#2067,#2068,#2069,#2070,#2071,#2072,#2073,
    #2074,#2075,#2076,#2077,#2078,#2079,#2080,#2081,#2082,#2083,#2084,
    #2085,#2086,#2087,#2088,#2089,#2090,#2091,#2092,#2093,#2094,#2095,
    #2096,#2097,#2098,#2099,#2100,#2101,#2102,#2103),.UNSPECIFIED.,.T.,
  .F.,(1,8,7,7,7,7,7,7,7,7,7,7,7,7,7,7,7,7,7,7,7,7,7,8,1),(
    -0.128122495386,0.,0.128092895467,0.169260925536,0.200564270408,
    0.216910227135,0.227224598318,0.249776258748,0.282641408321,
    0.298987738091,0.330291797359,0.371460766953,0.404277829382,
    0.429957336712,0.499517049137,0.594921056213,0.627556790168,
    0.668873298957,0.700419917639,0.749582959465,0.799014018395,
    0.8305607924,0.871877504614,1.,1.128092895467),.UNSPECIFIED.);
#1948 = CARTESIAN_POINT('',(4.609262147174,-4.95));
#1949 = CARTESIAN_POINT('',(4.609262147174,-4.77618370703));
#1950 = CARTESIAN_POINT('',(4.610171898066,-4.602805079195));
#1951 = CARTESIAN_POINT('',(4.611983319731,-4.430476191067));
#1952 = CARTESIAN_POINT('',(4.614714809546,-4.260180046462));
#1953 = CARTESIAN_POINT('',(4.618392401815,-4.093201281874));
#1954 = CARTESIAN_POINT('',(4.623051366306,-3.931204519839));
#1955 = CARTESIAN_POINT('',(4.62872831142,-3.776178923956));
#1956 = CARTESIAN_POINT('',(4.637655682661,-3.583974379394));
#1957 = CARTESIAN_POINT('',(4.639937458905,-3.538236471553));
#1958 = CARTESIAN_POINT('',(4.642331145539,-3.493601767136));
#1959 = CARTESIAN_POINT('',(4.644837958373,-3.450177071985));
#1960 = CARTESIAN_POINT('',(4.647458755111,-3.408082312454));
#1961 = CARTESIAN_POINT('',(4.650193931275,-3.367449531703));
#1962 = CARTESIAN_POINT('',(4.653043316121,-3.328421885974));
#1963 = CARTESIAN_POINT('',(4.658258886126,-3.262813853972));
#1964 = CARTESIAN_POINT('',(4.660577112866,-3.235493533912));
#1965 = CARTESIAN_POINT('',(4.662960263569,-3.20925975532));
#1966 = CARTESIAN_POINT('',(4.665407471729,-3.184185879731));
#1967 = CARTESIAN_POINT('',(4.667917419382,-3.160349102118));
#1968 = CARTESIAN_POINT('',(4.670488266965,-3.137828997387));
#1969 = CARTESIAN_POINT('',(4.673117583157,-3.116706066892));
#1970 = CARTESIAN_POINT('',(4.677204164931,-3.086801665508));
#1971 = CARTESIAN_POINT('',(4.678621137802,-3.076945796894));
#1972 = CARTESIAN_POINT('',(4.68005274156,-3.067504324273));
#1973 = CARTESIAN_POINT('',(4.681498468849,-3.058488593684));
#1974 = CARTESIAN_POINT('',(4.682957756744,-3.049909652025));
#1975 = CARTESIAN_POINT('',(4.684429986753,-3.041778247054));
#1976 = CARTESIAN_POINT('',(4.685914484811,-3.034104827389));
#1977 = CARTESIAN_POINT('',(4.688354526936,-3.022352975793));
#1978 = CARTESIAN_POINT('',(4.689303126503,-3.017992747434));
#1979 = CARTESIAN_POINT('',(4.690256135085,-3.013821377828));
#1980 = CARTESIAN_POINT('',(4.691213359409,-3.009841275401));
#1981 = CARTESIAN_POINT('',(4.692174597829,-3.00605473661));
#1982 = CARTESIAN_POINT('',(4.693139640326,-3.002463945938));
#1983 = CARTESIAN_POINT('',(4.694108268509,-2.999070975899));
#1984 = CARTESIAN_POINT('',(4.697205438311,-2.988896100059));
#1985 = CARTESIAN_POINT('',(4.699346747237,-2.982869192998));
#1986 = CARTESIAN_POINT('',(4.70150173041,-2.977817662917));
#1987 = CARTESIAN_POINT('',(4.70366783479,-2.973758563423));
#1988 = CARTESIAN_POINT('',(4.70584240831,-2.970705110675));
#1989 = CARTESIAN_POINT('',(4.708022701912,-2.968666389385));
#1990 = CARTESIAN_POINT('',(4.710205871583,-2.967647058824));
#1991 = CARTESIAN_POINT('',(4.715570484361,-2.967647058823));
#1992 = CARTESIAN_POINT('',(4.718752315456,-2.969812019207));
#1993 = CARTESIAN_POINT('',(4.721925125746,-2.974142296862));
#1994 = CARTESIAN_POINT('',(4.725080149909,-2.980616433859));
#1995 = CARTESIAN_POINT('',(4.728209204682,-2.989193668958));
#1996 = CARTESIAN_POINT('',(4.731304688315,-2.999816449118));
#1997 = CARTESIAN_POINT('',(4.734359580031,-3.012412941005));
#1998 = CARTESIAN_POINT('',(4.73886347596,-3.034104827388));
#1999 = CARTESIAN_POINT('',(4.740347974017,-3.041778247053));
#2000 = CARTESIAN_POINT('',(4.741820204026,-3.049909652024));
#2001 = CARTESIAN_POINT('',(4.743279491921,-3.058488593683));
#2002 = CARTESIAN_POINT('',(4.74472521921,-3.067504324273));
#2003 = CARTESIAN_POINT('',(4.746156822968,-3.076945796894));
#2004 = CARTESIAN_POINT('',(4.747573795839,-3.086801665507));
#2005 = CARTESIAN_POINT('',(4.751660377613,-3.116706066892));
#2006 = CARTESIAN_POINT('',(4.754289693805,-3.137828997386));
#2007 = CARTESIAN_POINT('',(4.756860541388,-3.160349102117));
#2008 = CARTESIAN_POINT('',(4.759370489042,-3.184185879731));
#2009 = CARTESIAN_POINT('',(4.761817697201,-3.209259755319));
#2010 = CARTESIAN_POINT('',(4.764200847905,-3.235493533911));
#2011 = CARTESIAN_POINT('',(4.766519074644,-3.262813853971));
#2012 = CARTESIAN_POINT('',(4.771734644649,-3.328421885973));
#2013 = CARTESIAN_POINT('',(4.774584029495,-3.367449531701));
#2014 = CARTESIAN_POINT('',(4.777319205659,-3.408082312453));
#2015 = CARTESIAN_POINT('',(4.779940002398,-3.450177071983));
#2016 = CARTESIAN_POINT('',(4.782446815231,-3.493601767135));
#2017 = CARTESIAN_POINT('',(4.784840501865,-3.538236471552));
#2018 = CARTESIAN_POINT('',(4.78712227811,-3.583974379392));
#2019 = CARTESIAN_POINT('',(4.791024452808,-3.667987432117));
#2020 = CARTESIAN_POINT('',(4.792685016441,-3.705891966604));
#2021 = CARTESIAN_POINT('',(4.794276011392,-3.744388249259));
#2022 = CARTESIAN_POINT('',(4.795798157273,-3.783431347201));
#2023 = CARTESIAN_POINT('',(4.797252181271,-3.822979537369));
#2024 = CARTESIAN_POINT('',(4.798638812818,-3.862994285971));
#2025 = CARTESIAN_POINT('',(4.799958778261,-3.903440227945));
#2026 = CARTESIAN_POINT('',(4.80219406999,-3.976246489236));
#2027 = CARTESIAN_POINT('',(4.803134949029,-4.008451654917));
#2028 = CARTESIAN_POINT('',(4.804035769238,-4.040885001346));
#2029 = CARTESIAN_POINT('',(4.804896852295,-4.073531609418));
#2030 = CARTESIAN_POINT('',(4.805718504957,-4.106377283024));
#2031 = CARTESIAN_POINT('',(4.80650101906,-4.139408549054));
#2032 = CARTESIAN_POINT('',(4.807244671518,-4.172612657394));
#2033 = CARTESIAN_POINT('',(4.809859545643,-4.296355268321));
#2034 = CARTESIAN_POINT('',(4.811485992258,-4.387905445148));
#2035 = CARTESIAN_POINT('',(4.812834508811,-4.480396501404));
#2036 = CARTESIAN_POINT('',(4.813909160447,-4.573614749302));
#2037 = CARTESIAN_POINT('',(4.814712990544,-4.667361986977));
#2038 = CARTESIAN_POINT('',(4.815248151386,-4.761453808992));
#2039 = CARTESIAN_POINT('',(4.815515807776,-4.855718663656));
#2040 = CARTESIAN_POINT('',(4.815515821578,-5.07930517509));
#2041 = CARTESIAN_POINT('',(4.815012359416,-5.208384838155));
#2042 = CARTESIAN_POINT('',(4.814008465405,-5.336953565561));
#2043 = CARTESIAN_POINT('',(4.812500042646,-5.464631692433));
#2044 = CARTESIAN_POINT('',(4.810478821627,-5.59095268463));
#2045 = CARTESIAN_POINT('',(4.807933804825,-5.715362366771));
#2046 = CARTESIAN_POINT('',(4.804851193336,-5.83720766344));
#2047 = CARTESIAN_POINT('',(4.799968175022,-5.996253707758));
#2048 = CARTESIAN_POINT('',(4.798658590553,-6.03639955524));
#2049 = CARTESIAN_POINT('',(4.797283340595,-6.076120884882));
#2050 = CARTESIAN_POINT('',(4.795841715321,-6.115383136935));
#2051 = CARTESIAN_POINT('',(4.79433300169,-6.154148682995));
#2052 = CARTESIAN_POINT('',(4.792756488532,-6.192376805941));
#2053 = CARTESIAN_POINT('',(4.79111147164,-6.230023679871));
#2054 = CARTESIAN_POINT('',(4.78722708282,-6.313907611705));
#2055 = CARTESIAN_POINT('',(4.784946160603,-6.359762582508));
#2056 = CARTESIAN_POINT('',(4.782553011314,-6.404514440795));
#2057 = CARTESIAN_POINT('',(4.780046406641,-6.448056189011));
#2058 = CARTESIAN_POINT('',(4.777425474941,-6.49026765193));
#2059 = CARTESIAN_POINT('',(4.774689805336,-6.531016474876));
#2060 = CARTESIAN_POINT('',(4.771839551803,-6.570159121951));
#2061 = CARTESIAN_POINT('',(4.766612407131,-6.63608493045));
#2062 = CARTESIAN_POINT('',(4.764283095242,-6.663600160841));
#2063 = CARTESIAN_POINT('',(4.761888084791,-6.690018441553));
#2064 = CARTESIAN_POINT('',(4.759428247324,-6.715265219641));
#2065 = CARTESIAN_POINT('',(4.756904914805,-6.73926200391));
#2066 = CARTESIAN_POINT('',(4.754319951672,-6.761927855719));
#2067 = CARTESIAN_POINT('',(4.751675826897,-6.7831808798));
#2068 = CARTESIAN_POINT('',(4.744767718794,-6.833732379549));
#2069 = CARTESIAN_POINT('',(4.740421450123,-6.860912989058));
#2070 = CARTESIAN_POINT('',(4.735951534365,-6.884145489318));
#2071 = CARTESIAN_POINT('',(4.731375792704,-6.903125360733));
#2072 = CARTESIAN_POINT('',(4.726715398692,-6.917590725594));
#2073 = CARTESIAN_POINT('',(4.721995078275,-6.927340528597));
#2074 = CARTESIAN_POINT('',(4.717243324288,-6.932259790655));
#2075 = CARTESIAN_POINT('',(4.707716027703,-6.932444583721));
#2076 = CARTESIAN_POINT('',(4.70293735809,-6.927657398736));
#2077 = CARTESIAN_POINT('',(4.698189690107,-6.917983827996));
#2078 = CARTESIAN_POINT('',(4.693502038374,-6.903538760133));
#2079 = CARTESIAN_POINT('',(4.688899587961,-6.884525385383));
#2080 = CARTESIAN_POINT('',(4.684403909673,-6.861209334447));
#2081 = CARTESIAN_POINT('',(4.680033161288,-6.833900096319));
#2082 = CARTESIAN_POINT('',(4.673102133873,-6.783180879801));
#2083 = CARTESIAN_POINT('',(4.670458009098,-6.76192785572));
#2084 = CARTESIAN_POINT('',(4.667873045966,-6.739262003911));
#2085 = CARTESIAN_POINT('',(4.665349713447,-6.715265219642));
#2086 = CARTESIAN_POINT('',(4.662889875979,-6.690018441553));
#2087 = CARTESIAN_POINT('',(4.660494865528,-6.663600160842));
#2088 = CARTESIAN_POINT('',(4.658165553639,-6.636084930451));
#2089 = CARTESIAN_POINT('',(4.652938408967,-6.570159121952));
#2090 = CARTESIAN_POINT('',(4.650088155434,-6.531016474877));
#2091 = CARTESIAN_POINT('',(4.647352485829,-6.490267651931));
#2092 = CARTESIAN_POINT('',(4.644731554129,-6.448056189012));
#2093 = CARTESIAN_POINT('',(4.642224949456,-6.404514440796));
#2094 = CARTESIAN_POINT('',(4.639831800168,-6.35976258251));
#2095 = CARTESIAN_POINT('',(4.637550877951,-6.313907611707));
#2096 = CARTESIAN_POINT('',(4.628651019086,-6.121713887308));
#2097 = CARTESIAN_POINT('',(4.622997534834,-5.966914150673));
#2098 = CARTESIAN_POINT('',(4.618356588795,-5.805180448472));
#2099 = CARTESIAN_POINT('',(4.61469284414,-5.63847737159));
#2100 = CARTESIAN_POINT('',(4.611971504651,-5.468459591937));
#2101 = CARTESIAN_POINT('',(4.610167344914,-5.296425112904));
#2102 = CARTESIAN_POINT('',(4.609262147174,-5.123380464875));
#2103 = CARTESIAN_POINT('',(4.609262147174,-4.95));
#2104 = ( GEOMETRIC_REPRESENTATION_CONTEXT(2) 
PARAMETRIC_REPRESENTATION_CONTEXT() REPRESENTATION_CONTEXT('2D SPACE',''
  ) );
#2105 = PCURVE('',#2106,#2111);
#2106 = CYLINDRICAL_SURFACE('',#2107,18.8);
#2107 = AXIS2_PLACEMENT_3D('',#2108,#2109,#2110);
#2108 = CARTESIAN_POINT('',(0.,0.,10.));
#2109 = DIRECTION('',(-0.,-0.,-1.));
#2110 = DIRECTION('',(1.,0.,0.));
#2111 = DEFINITIONAL_REPRESENTATION('',(#2112),#2295);
#2112 = B_SPLINE_CURVE_WITH_KNOTS('',10,(#2113,#2114,#2115,#2116,#2117,
    #2118,#2119,#2120,#2121,#2122,#2123,#2124,#2125,#2126,#2127,#2128,
    #2129,#2130,#2131,#2132,#2133,#2134,#2135,#2136,#2137,#2138,#2139,
    #2140,#2141,#2142,#2143,#2144,#2145,#2146,#2147,#2148,#2149,#2150,
    #2151,#2152,#2153,#2154,#2155,#2156,#2157,#2158,#2159,#2160,#2161,
    #2162,#2163,#2164,#2165,#2166,#2167,#2168,#2169,#2170,#2171,#2172,
    #2173,#2174,#2175,#2176,#2177,#2178,#2179,#2180,#2181,#2182,#2183,
    #2184,#2185,#2186,#2187,#2188,#2189,#2190,#2191,#2192,#2193,#2194,
    #2195,#2196,#2197,#2198,#2199,#2200,#2201,#2202,#2203,#2204,#2205,
    #2206,#2207,#2208,#2209,#2210,#2211,#2212,#2213,#2214,#2215,#2216,
    #2217,#2218,#2219,#2220,#2221,#2222,#2223,#2224,#2225,#2226,#2227,
    #2228,#2229,#2230,#2231,#2232,#2233,#2234,#2235,#2236,#2237,#2238,
    #2239,#2240,#2241,#2242,#2243,#2244,#2245,#2246,#2247,#2248,#2249,
    #2250,#2251,#2252,#2253,#2254,#2255,#2256,#2257,#2258,#2259,#2260,
    #2261,#2262,#2263,#2264,#2265,#2266,#2267,#2268,#2269,#2270,#2271,
    #2272,#2273,#2274,#2275,#2276,#2277,#2278,#2279,#2280,#2281,#2282,
    #2283,#2284,#2285,#2286,#2287,#2288,#2289,#2290,#2291,#2292,#2293,
    #2294),.UNSPECIFIED.,.T.,.F.,(11,9,9,9,9,9,9,9,9,9,9,9,9,9,9,9,9,9,9
    ,9,11),(0.,0.125,0.15234375,0.205322265625,0.254989624023,
    0.301552772522,0.345205724239,0.386130366474,0.42449721857,
    0.496435066249,0.504303268338,0.566265359796,0.593373774809,
    0.644202052958,0.688676796338,0.708134496567,0.781100872425,
    0.808463263372,0.856347447529,0.874304016588,1.),.UNSPECIFIED.);
#2113 = CARTESIAN_POINT('',(-1.673923160006,-4.95));
#2114 = CARTESIAN_POINT('',(-1.673923160006,-4.81430450156));
#2115 = CARTESIAN_POINT('',(-1.673384140334,-4.67886789333));
#2116 = CARTESIAN_POINT('',(-1.672309394385,-4.543957870873));
#2117 = CARTESIAN_POINT('',(-1.67069480481,-4.409947905881));
#2118 = CARTESIAN_POINT('',(-1.668531371599,-4.277316226392));
#2119 = CARTESIAN_POINT('',(-1.665807145914,-4.146642951658));
#2120 = CARTESIAN_POINT('',(-1.662508318975,-4.018610274273));
#2121 = CARTESIAN_POINT('',(-1.658619215318,-3.894010582192));
#2122 = CARTESIAN_POINT('',(-1.654120939721,-3.773767413291));
#2123 = CARTESIAN_POINT('',(-1.64786568998,-3.633863105451));
#2124 = CARTESIAN_POINT('',(-1.646712657341,-3.609014034009));
#2125 = CARTESIAN_POINT('',(-1.645528298162,-3.584422213637));
#2126 = CARTESIAN_POINT('',(-1.644316074584,-3.560179995489));
#2127 = CARTESIAN_POINT('',(-1.643069312442,-3.536158242496));
#2128 = CARTESIAN_POINT('',(-1.64179520664,-3.512534761336));
#2129 = CARTESIAN_POINT('',(-1.640487878642,-3.4891970522));
#2130 = CARTESIAN_POINT('',(-1.639150312902,-3.466230750018));
#2131 = CARTESIAN_POINT('',(-1.63778131951,-3.443628089068));
#2132 = CARTESIAN_POINT('',(-1.633668137205,-3.378369253154));
#2133 = CARTESIAN_POINT('',(-1.630837788519,-3.336775983877));
#2134 = CARTESIAN_POINT('',(-1.627890025552,-3.296767224941));
#2135 = CARTESIAN_POINT('',(-1.624823956429,-3.258469729769));
#2136 = CARTESIAN_POINT('',(-1.621641146488,-3.222049628013));
#2137 = CARTESIAN_POINT('',(-1.618343288721,-3.187671467528));
#2138 = CARTESIAN_POINT('',(-1.614933009246,-3.155505710566));
#2139 = CARTESIAN_POINT('',(-1.611415239945,-3.125743076932));
#2140 = CARTESIAN_POINT('',(-1.607795778172,-3.098561342788));
#2141 = CARTESIAN_POINT('',(-1.600603036002,-3.051250795466));
#2142 = CARTESIAN_POINT('',(-1.597040930996,-3.030786924317));
#2143 = CARTESIAN_POINT('',(-1.593404220731,-3.012897438799));
#2144 = CARTESIAN_POINT('',(-1.58970122422,-2.99772369962));
#2145 = CARTESIAN_POINT('',(-1.585942102737,-2.985395448718));
#2146 = CARTESIAN_POINT('',(-1.582138862743,-2.976022305773));
#2147 = CARTESIAN_POINT('',(-1.578304920002,-2.96968544738));
#2148 = CARTESIAN_POINT('',(-1.574454447058,-2.966431231987));
#2149 = CARTESIAN_POINT('',(-1.570601726197,-2.96626853374));
#2150 = CARTESIAN_POINT('',(-1.563159796193,-2.971893124529));
#2151 = CARTESIAN_POINT('',(-1.559569331746,-2.97730924159));
#2152 = CARTESIAN_POINT('',(-1.556001049566,-2.985397161253));
#2153 = CARTESIAN_POINT('',(-1.552465807024,-2.996110738638));
#2154 = CARTESIAN_POINT('',(-1.548974142977,-3.009376091161));
#2155 = CARTESIAN_POINT('',(-1.545535895939,-3.02509606419));
#2156 = CARTESIAN_POINT('',(-1.542159482577,-3.043158993982));
#2157 = CARTESIAN_POINT('',(-1.538851415659,-3.063447268476));
#2158 = CARTESIAN_POINT('',(-1.535616640555,-3.085841186487));
#2159 = CARTESIAN_POINT('',(-1.52950117145,-3.133062768396));
#2160 = CARTESIAN_POINT('',(-1.526610855442,-3.157651333917));
#2161 = CARTESIAN_POINT('',(-1.523792776026,-3.183879544447));
#2162 = CARTESIAN_POINT('',(-1.521049989478,-3.211642462084));
#2163 = CARTESIAN_POINT('',(-1.518384318457,-3.240842835109));
#2164 = CARTESIAN_POINT('',(-1.515797016909,-3.271386255993));
#2165 = CARTESIAN_POINT('',(-1.513289190164,-3.303178775755));
#2166 = CARTESIAN_POINT('',(-1.510861438555,-3.336133030129));
#2167 = CARTESIAN_POINT('',(-1.508513406145,-3.37017483398));
#2168 = CARTESIAN_POINT('',(-1.504118620106,-3.438090539668));
#2169 = CARTESIAN_POINT('',(-1.50206218717,-3.471842214133));
#2170 = CARTESIAN_POINT('',(-1.500075752237,-3.506420997025));
#2171 = CARTESIAN_POINT('',(-1.498158885226,-3.541773367635));
#2172 = CARTESIAN_POINT('',(-1.496311538016,-3.577836712233));
#2173 = CARTESIAN_POINT('',(-1.494532759083,-3.614570696707));
#2174 = CARTESIAN_POINT('',(-1.492821767304,-3.65193418055));
#2175 = CARTESIAN_POINT('',(-1.491178579454,-3.689870317452));
#2176 = CARTESIAN_POINT('',(-1.489602048283,-3.72835001915));
#2177 = CARTESIAN_POINT('',(-1.486675702873,-3.803879244621));
#2178 = CARTESIAN_POINT('',(-1.485317865142,-3.840868089322));
#2179 = CARTESIAN_POINT('',(-1.484017612251,-3.878269009158));
#2180 = CARTESIAN_POINT('',(-1.482774396832,-3.916053601544));
#2181 = CARTESIAN_POINT('',(-1.481587679882,-3.954195265634));
#2182 = CARTESIAN_POINT('',(-1.480456935467,-3.992669036502));
#2183 = CARTESIAN_POINT('',(-1.479381655433,-4.031451419329));
#2184 = CARTESIAN_POINT('',(-1.478361354122,-4.070520223575));
#2185 = CARTESIAN_POINT('',(-1.477395573073,-4.10985439717));
#2186 = CARTESIAN_POINT('',(-1.474774471999,-4.223645354785));
#2187 = CARTESIAN_POINT('',(-1.47325518957,-4.298721153064));
#2188 = CARTESIAN_POINT('',(-1.471923419134,-4.374518464677));
#2189 = CARTESIAN_POINT('',(-1.470776320032,-4.450932895903));
#2190 = CARTESIAN_POINT('',(-1.469811826811,-4.527855216688));
#2191 = CARTESIAN_POINT('',(-1.469028402142,-4.605176624409));
#2192 = CARTESIAN_POINT('',(-1.46842470744,-4.682799366853));
#2193 = CARTESIAN_POINT('',(-1.467999686343,-4.760633973949));
#2194 = CARTESIAN_POINT('',(-1.467752890043,-4.83858873542));
#2195 = CARTESIAN_POINT('',(-1.467676695085,-4.925111902124));
#2196 = CARTESIAN_POINT('',(-1.467671313618,-4.933642507577));
#2197 = CARTESIAN_POINT('',(-1.467668062981,-4.942174137324));
#2198 = CARTESIAN_POINT('',(-1.467666943344,-4.950706237455));
#2199 = CARTESIAN_POINT('',(-1.467667954621,-4.959237828999));
#2200 = CARTESIAN_POINT('',(-1.467671096339,-4.967768156384));
#2201 = CARTESIAN_POINT('',(-1.467676367682,-4.976296983622));
#2202 = CARTESIAN_POINT('',(-1.46768376771,-4.984824538213));
#2203 = CARTESIAN_POINT('',(-1.467693295753,-4.993351102772));
#2204 = CARTESIAN_POINT('',(-1.467796744747,-5.069011823191));
#2205 = CARTESIAN_POINT('',(-1.468020491919,-5.136064381291));
#2206 = CARTESIAN_POINT('',(-1.468376062861,-5.202994406285));
#2207 = CARTESIAN_POINT('',(-1.468863667274,-5.269757091556));
#2208 = CARTESIAN_POINT('',(-1.469483822976,-5.336302292846));
#2209 = CARTESIAN_POINT('',(-1.470237323683,-5.402574474849));
#2210 = CARTESIAN_POINT('',(-1.471125206792,-5.468512657805));
#2211 = CARTESIAN_POINT('',(-1.472148721165,-5.53405036409));
#2212 = CARTESIAN_POINT('',(-1.47330929491,-5.599115564809));
#2213 = CARTESIAN_POINT('',(-1.475176906773,-5.691855965828));
#2214 = CARTESIAN_POINT('',(-1.475771848749,-5.719975985431));
#2215 = CARTESIAN_POINT('',(-1.476393464455,-5.74798416018));
#2216 = CARTESIAN_POINT('',(-1.477041896086,-5.775873749717));
#2217 = CARTESIAN_POINT('',(-1.477717293029,-5.80363779144));
#2218 = CARTESIAN_POINT('',(-1.478419812217,-5.831269093607));
#2219 = CARTESIAN_POINT('',(-1.479149618494,-5.858760228428));
#2220 = CARTESIAN_POINT('',(-1.47990688497,-5.886103525172));
#2221 = CARTESIAN_POINT('',(-1.480691793384,-5.913291063261));
#2222 = CARTESIAN_POINT('',(-1.483028423987,-5.990983919323));
#2223 = CARTESIAN_POINT('',(-1.484650215136,-6.04107832897));
#2224 = CARTESIAN_POINT('',(-1.486370478779,-6.090523190825));
#2225 = CARTESIAN_POINT('',(-1.488192152116,-6.139307894278));
#2226 = CARTESIAN_POINT('',(-1.490113491047,-6.187280433136));
#2227 = CARTESIAN_POINT('',(-1.49213933319,-6.23447031423));
#2228 = CARTESIAN_POINT('',(-1.49426834067,-6.280722091906));
#2229 = CARTESIAN_POINT('',(-1.496502585716,-6.325982804687));
#2230 = CARTESIAN_POINT('',(-1.498843153455,-6.370154046746));
#2231 = CARTESIAN_POINT('',(-1.503432229878,-6.450736171803));
#2232 = CARTESIAN_POINT('',(-1.505655701376,-6.487427207649));
#2233 = CARTESIAN_POINT('',(-1.507961348754,-6.523132661125));
#2234 = CARTESIAN_POINT('',(-1.51035044287,-6.557787593454));
#2235 = CARTESIAN_POINT('',(-1.512820122065,-6.591279073851));
#2236 = CARTESIAN_POINT('',(-1.515375460585,-6.623583031353));
#2237 = CARTESIAN_POINT('',(-1.518010402346,-6.654540089716));
#2238 = CARTESIAN_POINT('',(-1.520727108991,-6.684094564407));
#2239 = CARTESIAN_POINT('',(-1.523522492497,-6.712127088361));
#2240 = CARTESIAN_POINT('',(-1.527650596665,-6.750090315741));
#2241 = CARTESIAN_POINT('',(-1.528921603266,-6.761333680311));
#2242 = CARTESIAN_POINT('',(-1.53020687577,-6.772256676068));
#2243 = CARTESIAN_POINT('',(-1.531506567635,-6.782853069795));
#2244 = CARTESIAN_POINT('',(-1.532819990508,-6.793111055328));
#2245 = CARTESIAN_POINT('',(-1.534146660966,-6.803020571829));
#2246 = CARTESIAN_POINT('',(-1.535486791082,-6.812576556316));
#2247 = CARTESIAN_POINT('',(-1.536840384294,-6.821772519507));
#2248 = CARTESIAN_POINT('',(-1.538206218914,-6.830593654467));
#2249 = CARTESIAN_POINT('',(-1.544751260723,-6.870682958674));
#2250 = CARTESIAN_POINT('',(-1.550087228357,-6.896965243286));
#2251 = CARTESIAN_POINT('',(-1.555568046853,-6.917410733178));
#2252 = CARTESIAN_POINT('',(-1.561150823109,-6.931606550817));
#2253 = CARTESIAN_POINT('',(-1.566830944124,-6.939261160325));
#2254 = CARTESIAN_POINT('',(-1.572510018363,-6.940108848386));
#2255 = CARTESIAN_POINT('',(-1.578190573069,-6.934191304084));
#2256 = CARTESIAN_POINT('',(-1.583789420627,-6.921715045828));
#2257 = CARTESIAN_POINT('',(-1.589286667311,-6.902986384393));
#2258 = CARTESIAN_POINT('',(-1.596656819363,-6.86918470325));
#2259 = CARTESIAN_POINT('',(-1.598647601598,-6.859143069375));
#2260 = CARTESIAN_POINT('',(-1.600617752139,-6.848296772081));
#2261 = CARTESIAN_POINT('',(-1.602564515056,-6.836678790965));
#2262 = CARTESIAN_POINT('',(-1.604488987188,-6.824292409641));
#2263 = CARTESIAN_POINT('',(-1.606387439408,-6.811181422538));
#2264 = CARTESIAN_POINT('',(-1.608257673553,-6.797381301537));
#2265 = CARTESIAN_POINT('',(-1.610102980183,-6.782885540636));
#2266 = CARTESIAN_POINT('',(-1.611919751035,-6.767739408125));
#2267 = CARTESIAN_POINT('',(-1.616837884296,-6.724350292321));
#2268 = CARTESIAN_POINT('',(-1.61988041581,-6.694806939282));
#2269 = CARTESIAN_POINT('',(-1.622832502311,-6.663459080213));
#2270 = CARTESIAN_POINT('',(-1.62569010412,-6.630455395905));
#2271 = CARTESIAN_POINT('',(-1.628455460857,-6.595873540733));
#2272 = CARTESIAN_POINT('',(-1.631121735001,-6.559900606866));
#2273 = CARTESIAN_POINT('',(-1.633694253876,-6.522581981146));
#2274 = CARTESIAN_POINT('',(-1.636170202019,-6.484047941718));
#2275 = CARTESIAN_POINT('',(-1.638550867521,-6.444383360138));
#2276 = CARTESIAN_POINT('',(-1.641693904216,-6.388409822872));
#2277 = CARTESIAN_POINT('',(-1.642537748784,-6.372997897363));
#2278 = CARTESIAN_POINT('',(-1.643368398002,-6.357441435304));
#2279 = CARTESIAN_POINT('',(-1.644185486712,-6.341753739573));
#2280 = CARTESIAN_POINT('',(-1.644989767796,-6.32592332788));
#2281 = CARTESIAN_POINT('',(-1.645780727341,-6.309966561262));
#2282 = CARTESIAN_POINT('',(-1.64655817876,-6.293892654557));
#2283 = CARTESIAN_POINT('',(-1.647323209977,-6.277682600919));
#2284 = CARTESIAN_POINT('',(-1.648074851835,-6.261362247506));
#2285 = CARTESIAN_POINT('',(-1.653983624909,-6.129897722649));
#2286 = CARTESIAN_POINT('',(-1.658513583056,-6.009365373965));
#2287 = CARTESIAN_POINT('',(-1.662429986557,-5.88442471915));
#2288 = CARTESIAN_POINT('',(-1.665752080794,-5.756003047105));
#2289 = CARTESIAN_POINT('',(-1.66849549845,-5.624900829718));
#2290 = CARTESIAN_POINT('',(-1.670673986319,-5.491811917283));
#2291 = CARTESIAN_POINT('',(-1.672299499235,-5.357331036733));
#2292 = CARTESIAN_POINT('',(-1.67338110697,-5.221954177494));
#2293 = CARTESIAN_POINT('',(-1.673923160006,-5.086077449764));
#2294 = CARTESIAN_POINT('',(-1.673923160006,-4.95));
#2295 = ( GEOMETRIC_REPRESENTATION_CONTEXT(2) 
PARAMETRIC_REPRESENTATION_CONTEXT() REPRESENTATION_CONTEXT('2D SPACE',''
  ) );
#2296 = FACE_BOUND('',#2297,.T.);
#2297 = EDGE_LOOP('',(#2298));
#2298 = ORIENTED_EDGE('',*,*,#2299,.T.);
#2299 = EDGE_CURVE('',#2300,#2300,#2302,.T.);
#2300 = VERTEX_POINT('',#2301);
#2301 = CARTESIAN_POINT('',(12.037064970153,14.441228026187,14.95));
#2302 = SURFACE_CURVE('',#2303,(#2348,#2421),.PCURVE_S1.);
#2303 = B_SPLINE_CURVE_WITH_KNOTS('',7,(#2304,#2305,#2306,#2307,#2308,
    #2309,#2310,#2311,#2312,#2313,#2314,#2315,#2316,#2317,#2318,#2319,
    #2320,#2321,#2322,#2323,#2324,#2325,#2326,#2327,#2328,#2329,#2330,
    #2331,#2332,#2333,#2334,#2335,#2336,#2337,#2338,#2339,#2340,#2341,
    #2342,#2343,#2344,#2345,#2346,#2347),.UNSPECIFIED.,.T.,.F.,(8,6,6,6,
    6,6,6,8),(0.499964486731,0.662067944265,0.785494620015,0.91127852537
    ,1.077965088638,1.214181385999,1.347212368743,1.499964486731),
  .UNSPECIFIED.);
#2304 = CARTESIAN_POINT('',(12.037064970153,14.441228026187,14.95));
#2305 = CARTESIAN_POINT('',(12.037064970153,14.441228026187,
    14.733675578647));
#2306 = CARTESIAN_POINT('',(12.061835839759,14.420580601609,
    14.517440176847));
#2307 = CARTESIAN_POINT('',(12.11133926047,14.379320422691,
    14.304306339314));
#2308 = CARTESIAN_POINT('',(12.18617707257,14.316483076124,
    14.097648971506));
#2309 = CARTESIAN_POINT('',(12.287115663831,14.230545752927,
    13.902197970512));
#2310 = CARTESIAN_POINT('',(12.414707813572,14.119407075986,
    13.724462004352));
#2311 = CARTESIAN_POINT('',(12.685160083048,13.876290060286,
    13.460619302878));
#2312 = CARTESIAN_POINT('',(12.820222627087,13.75281562918,
    13.359734794813));
#2313 = CARTESIAN_POINT('',(12.969786205589,13.613031419635,
    13.282765156464));
#2314 = CARTESIAN_POINT('',(13.128013808823,13.460966177235,
    13.236914205374));
#2315 = CARTESIAN_POINT('',(13.288076455309,13.302284011847,
    13.225801343589));
#2316 = CARTESIAN_POINT('',(13.443570777053,13.143622490061,
    13.249315878937));
#2317 = CARTESIAN_POINT('',(13.737592814612,12.836068847604,
    13.358534448322));
#2318 = CARTESIAN_POINT('',(13.871761139994,12.691583969355,
    13.443938638483));
#2319 = CARTESIAN_POINT('',(13.990165945699,12.560669011115,
    13.553419426681));
#2320 = CARTESIAN_POINT('',(14.092403116042,12.445171238585,
    13.68157124007));
#2321 = CARTESIAN_POINT('',(14.178597632091,12.346168552026,
    13.823485659297));
#2322 = CARTESIAN_POINT('',(14.24924999648,12.264025013741,
    13.974666628118));
#2323 = CARTESIAN_POINT('',(14.37933970764,12.111467550609,
    14.338213771972));
#2324 = CARTESIAN_POINT('',(14.428926452894,12.052067973811,
    14.558032375385));
#2325 = CARTESIAN_POINT('',(14.45536105613,12.020021702117,
    14.784419061986));
#2326 = CARTESIAN_POINT('',(14.459562919402,12.014929898963,
    15.01300591347));
#2327 = CARTESIAN_POINT('',(14.441774947406,12.036544719141,
    15.240030034232));
#2328 = CARTESIAN_POINT('',(14.401417947025,12.085080330733,
    15.461968412195));
#2329 = CARTESIAN_POINT('',(14.283834505707,12.22369639834,
    15.846953880347));
#2330 = CARTESIAN_POINT('',(14.214124108056,12.305234991731,
    16.015223899901));
#2331 = CARTESIAN_POINT('',(14.126483768268,12.406550103838,
    16.17397583814));
#2332 = CARTESIAN_POINT('',(14.020143676847,12.527431765182,
    16.317916686946));
#2333 = CARTESIAN_POINT('',(13.894734143549,12.666802535163,
    16.441078586305));
#2334 = CARTESIAN_POINT('',(13.750488230378,12.822579953634,
    16.536675370394));
#2335 = CARTESIAN_POINT('',(13.431666077029,13.156075073157,
    16.655106287225));
#2336 = CARTESIAN_POINT('',(13.263278710788,13.327543805427,
    16.677581624267));
#2337 = CARTESIAN_POINT('',(13.090467699535,13.498073767169,
    16.659630981458));
#2338 = CARTESIAN_POINT('',(12.920983853503,13.659747411825,
    16.601717476835));
#2339 = CARTESIAN_POINT('',(12.763021301685,13.806053470989,
    16.508850729492));
#2340 = CARTESIAN_POINT('',(12.623252487492,13.932640191526,
    16.390369580966));
#2341 = CARTESIAN_POINT('',(12.369799018264,14.158424670759,
    16.110029948568));
#2342 = CARTESIAN_POINT('',(12.25750202003,14.255726519383,
    15.938204359225));
#2343 = CARTESIAN_POINT('',(12.168616029724,14.33122238375,
    15.752152192934));
#2344 = CARTESIAN_POINT('',(12.102640041979,14.386570522372,
    15.556998474649));
#2345 = CARTESIAN_POINT('',(12.058933310046,14.423000144518,
    15.356426344843));
#2346 = CARTESIAN_POINT('',(12.037064970153,14.441228026187,
    15.15326123159));
#2347 = CARTESIAN_POINT('',(12.037064970153,14.441228026187,14.95));
#2348 = PCURVE('',#222,#2349);
#2349 = DEFINITIONAL_REPRESENTATION('',(#2350),#2420);
#2350 = B_SPLINE_CURVE_WITH_KNOTS('',3,(#2351,#2352,#2353,#2354,#2355,
    #2356,#2357,#2358,#2359,#2360,#2361,#2362,#2363,#2364,#2365,#2366,
    #2367,#2368,#2369,#2370,#2371,#2372,#2373,#2374,#2375,#2376,#2377,
    #2378,#2379,#2380,#2381,#2382,#2383,#2384,#2385,#2386,#2387,#2388,
    #2389,#2390,#2391,#2392,#2393,#2394,#2395,#2396,#2397,#2398,#2399,
    #2400,#2401,#2402,#2403,#2404,#2405,#2406,#2407,#2408,#2409,#2410,
    #2411,#2412,#2413,#2414,#2415,#2416,#2417,#2418,#2419),
  .UNSPECIFIED.,.T.,.F.,(4,1,1,1,1,1,1,1,1,1,1,1,1,1,1,1,1,1,1,1,1,1,1,1
    ,1,1,1,1,1,1,1,1,1,1,1,1,1,1,1,1,1,1,1,1,1,1,1,1,1,1,1,1,1,1,1,1,1,1
    ,1,1,1,1,1,1,1,1,4),(0.499964486731,0.515116001882,0.530267517034,
    0.545419032185,0.560570547337,0.575722062488,0.59087357764,
    0.606025092791,0.621176607943,0.636328123094,0.651479638246,
    0.666631153397,0.681782668549,0.6969341837,0.712085698852,
    0.727237214003,0.742388729155,0.757540244306,0.772691759458,
    0.787843274609,0.802994789761,0.818146304913,0.833297820064,
    0.848449335216,0.863600850367,0.878752365519,0.89390388067,
    0.909055395822,0.924206910973,0.939358426125,0.954509941276,
    0.969661456428,0.984812971579,0.999964486731,1.015116001882,
    1.030267517034,1.045419032185,1.060570547337,1.075722062488,
    1.09087357764,1.106025092791,1.121176607943,1.136328123094,
    1.151479638246,1.166631153397,1.181782668549,1.1969341837,
    1.212085698852,1.227237214003,1.242388729155,1.257540244306,
    1.272691759458,1.287843274609,1.302994789761,1.318146304913,
    1.333297820064,1.348449335216,1.363600850367,1.378752365519,
    1.39390388067,1.409055395822,1.424206910973,1.439358426125,
    1.454509941276,1.469661456428,1.484812971579,1.499964486731),
  .QUASI_UNIFORM_KNOTS.);
#2351 = CARTESIAN_POINT('',(5.407237924646,-4.95));
#2352 = CARTESIAN_POINT('',(5.407238188201,-4.902824894507));
#2353 = CARTESIAN_POINT('',(5.407447494602,-4.808472301406));
#2354 = CARTESIAN_POINT('',(5.408392656807,-4.667513968191));
#2355 = CARTESIAN_POINT('',(5.409972770969,-4.527683250777));
#2356 = CARTESIAN_POINT('',(5.412195490268,-4.389609460487));
#2357 = CARTESIAN_POINT('',(5.415070342308,-4.253988773942));
#2358 = CARTESIAN_POINT('',(5.418608653824,-4.121604392057));
#2359 = CARTESIAN_POINT('',(5.422822673014,-3.993343131941));
#2360 = CARTESIAN_POINT('',(5.427725763175,-3.870205009562));
#2361 = CARTESIAN_POINT('',(5.433328779818,-3.753352628962));
#2362 = CARTESIAN_POINT('',(5.439650158132,-3.644020491545));
#2363 = CARTESIAN_POINT('',(5.44667433911,-3.543960890045));
#2364 = CARTESIAN_POINT('',(5.454538119055,-3.453445341429));
#2365 = CARTESIAN_POINT('',(5.463140046884,-3.376198960882));
#2366 = CARTESIAN_POINT('',(5.472347962585,-3.315148153017));
#2367 = CARTESIAN_POINT('',(5.482012550226,-3.272565092674));
#2368 = CARTESIAN_POINT('',(5.491968594523,-3.250013005495));
#2369 = CARTESIAN_POINT('',(5.502044999756,-3.248375204891));
#2370 = CARTESIAN_POINT('',(5.512052791689,-3.26773921007));
#2371 = CARTESIAN_POINT('',(5.521852937545,-3.307768227115));
#2372 = CARTESIAN_POINT('',(5.531114208732,-3.366192615953));
#2373 = CARTESIAN_POINT('',(5.539732445054,-3.440437041462));
#2374 = CARTESIAN_POINT('',(5.547682577585,-3.528539173845));
#2375 = CARTESIAN_POINT('',(5.554931758867,-3.62851104199));
#2376 = CARTESIAN_POINT('',(5.561461312091,-3.738498038402));
#2377 = CARTESIAN_POINT('',(5.56725937192,-3.85671356346));
#2378 = CARTESIAN_POINT('',(5.572323444096,-3.981488297218));
#2379 = CARTESIAN_POINT('',(5.576653880918,-4.111098587285));
#2380 = CARTESIAN_POINT('',(5.580274844341,-4.244375439696));
#2381 = CARTESIAN_POINT('',(5.583228918873,-4.381450811209));
#2382 = CARTESIAN_POINT('',(5.585515597117,-4.521225075192));
#2383 = CARTESIAN_POINT('',(5.587143980399,-4.662998389674));
#2384 = CARTESIAN_POINT('',(5.588118913423,-4.806036767338));
#2385 = CARTESIAN_POINT('',(5.588444322102,-4.949671786339));
#2386 = CARTESIAN_POINT('',(5.588121965223,-5.093256466846));
#2387 = CARTESIAN_POINT('',(5.58715133154,-5.236162741546));
#2388 = CARTESIAN_POINT('',(5.585529539531,-5.377753079889));
#2389 = CARTESIAN_POINT('',(5.583250072674,-5.517407396268));
#2390 = CARTESIAN_POINT('',(5.580306153703,-5.654344959198));
#2391 = CARTESIAN_POINT('',(5.576676701796,-5.788198100678));
#2392 = CARTESIAN_POINT('',(5.572323613582,-5.918543538826));
#2393 = CARTESIAN_POINT('',(5.567242408747,-6.043685315492));
#2394 = CARTESIAN_POINT('',(5.561427623094,-6.162141536086));
#2395 = CARTESIAN_POINT('',(5.554882037748,-6.272258921792));
#2396 = CARTESIAN_POINT('',(5.5476154905,-6.372304330647));
#2397 = CARTESIAN_POINT('',(5.539644012376,-6.460444065405));
#2398 = CARTESIAN_POINT('',(5.530999180283,-6.534682683298));
#2399 = CARTESIAN_POINT('',(5.5216975951,-6.593061940189));
#2400 = CARTESIAN_POINT('',(5.51186118233,-6.63284393492));
#2401 = CARTESIAN_POINT('',(5.501847966756,-6.651791059771));
#2402 = CARTESIAN_POINT('',(5.491780693924,-6.649747103001));
#2403 = CARTESIAN_POINT('',(5.481842534797,-6.626855072877));
#2404 = CARTESIAN_POINT('',(5.472195803011,-6.584005787758));
#2405 = CARTESIAN_POINT('',(5.46299701773,-6.522687328785));
#2406 = CARTESIAN_POINT('',(5.454391048229,-6.445072584866));
#2407 = CARTESIAN_POINT('',(5.446492889961,-6.353761024248));
#2408 = CARTESIAN_POINT('',(5.439440301946,-6.252673391616));
#2409 = CARTESIAN_POINT('',(5.433172747659,-6.143636691081));
#2410 = CARTESIAN_POINT('',(5.427598682249,-6.026866751923));
#2411 = CARTESIAN_POINT('',(5.422727120832,-5.903983623183));
#2412 = CARTESIAN_POINT('',(5.418539082763,-5.776021703964));
#2413 = CARTESIAN_POINT('',(5.415022957382,-5.64399168933));
#2414 = CARTESIAN_POINT('',(5.412165858769,-5.508755905999));
#2415 = CARTESIAN_POINT('',(5.409956658436,-5.371085683468));
#2416 = CARTESIAN_POINT('',(5.408385943821,-5.231666175943));
#2417 = CARTESIAN_POINT('',(5.407446292374,-5.09111990015));
#2418 = CARTESIAN_POINT('',(5.407238180016,-4.997040023723));
#2419 = CARTESIAN_POINT('',(5.407237924646,-4.95));
#2420 = ( GEOMETRIC_REPRESENTATION_CONTEXT(2) 
PARAMETRIC_REPRESENTATION_CONTEXT() REPRESENTATION_CONTEXT('2D SPACE',''
  ) );
#2421 = PCURVE('',#2422,#2427);
#2422 = CYLINDRICAL_SURFACE('',#2423,1.7);
#2423 = AXIS2_PLACEMENT_3D('',#2424,#2425,#2426);
#2424 = CARTESIAN_POINT('',(-21.21320343559,-21.21320343559,14.95));
#2425 = DIRECTION('',(0.707106781187,0.707106781187,0.));
#2426 = DIRECTION('',(-0.707106781187,0.707106781187,0.));
#2427 = DEFINITIONAL_REPRESENTATION('',(#2428),#2498);
#2428 = B_SPLINE_CURVE_WITH_KNOTS('',3,(#2429,#2430,#2431,#2432,#2433,
    #2434,#2435,#2436,#2437,#2438,#2439,#2440,#2441,#2442,#2443,#2444,
    #2445,#2446,#2447,#2448,#2449,#2450,#2451,#2452,#2453,#2454,#2455,
    #2456,#2457,#2458,#2459,#2460,#2461,#2462,#2463,#2464,#2465,#2466,
    #2467,#2468,#2469,#2470,#2471,#2472,#2473,#2474,#2475,#2476,#2477,
    #2478,#2479,#2480,#2481,#2482,#2483,#2484,#2485,#2486,#2487,#2488,
    #2489,#2490,#2491,#2492,#2493,#2494,#2495,#2496,#2497),
  .UNSPECIFIED.,.F.,.F.,(4,1,1,1,1,1,1,1,1,1,1,1,1,1,1,1,1,1,1,1,1,1,1,1
    ,1,1,1,1,1,1,1,1,1,1,1,1,1,1,1,1,1,1,1,1,1,1,1,1,1,1,1,1,1,1,1,1,1,1
    ,1,1,1,1,1,1,1,1,4),(0.499964486731,0.515116001882,0.530267517034,
    0.545419032185,0.560570547337,0.575722062488,0.59087357764,
    0.606025092791,0.621176607943,0.636328123094,0.651479638246,
    0.666631153397,0.681782668549,0.6969341837,0.712085698852,
    0.727237214003,0.742388729155,0.757540244306,0.772691759458,
    0.787843274609,0.802994789761,0.818146304913,0.833297820064,
    0.848449335216,0.863600850367,0.878752365519,0.89390388067,
    0.909055395822,0.924206910973,0.939358426125,0.954509941276,
    0.969661456428,0.984812971579,0.999964486731,1.015116001882,
    1.030267517034,1.045419032185,1.060570547337,1.075722062488,
    1.09087357764,1.106025092791,1.121176607943,1.136328123094,
    1.151479638246,1.166631153397,1.181782668549,1.1969341837,
    1.212085698852,1.227237214003,1.242388729155,1.257540244306,
    1.272691759458,1.287843274609,1.302994789761,1.318146304913,
    1.333297820064,1.348449335216,1.363600850367,1.378752365519,
    1.39390388067,1.409055395822,1.424206910973,1.439358426125,
    1.454509941276,1.469661456428,1.484812971579,1.499964486731),
  .QUASI_UNIFORM_KNOTS.);
#2429 = CARTESIAN_POINT('',(6.28318530718,48.722980531956));
#2430 = CARTESIAN_POINT('',(6.255433900493,48.722979077328));
#2431 = CARTESIAN_POINT('',(6.199934416968,48.723338277177));
#2432 = CARTESIAN_POINT('',(6.116438982792,48.724935610189));
#2433 = CARTESIAN_POINT('',(6.032438434156,48.727570878809));
#2434 = CARTESIAN_POINT('',(5.947683340463,48.731198297849));
#2435 = CARTESIAN_POINT('',(5.86192549617,48.735753044413));
#2436 = CARTESIAN_POINT('',(5.774914191394,48.741146605355));
#2437 = CARTESIAN_POINT('',(5.686394086853,48.747264480935));
#2438 = CARTESIAN_POINT('',(5.596090705835,48.753963900446));
#2439 = CARTESIAN_POINT('',(5.503741585739,48.761068722119));
#2440 = CARTESIAN_POINT('',(5.408953391497,48.76837612621));
#2441 = CARTESIAN_POINT('',(5.311702930585,48.775620447276));
#2442 = CARTESIAN_POINT('',(5.209946993345,48.782633363148));
#2443 = CARTESIAN_POINT('',(5.104736252833,48.788966590597));
#2444 = CARTESIAN_POINT('',(4.99695986899,48.794197491944));
#2445 = CARTESIAN_POINT('',(4.887370719636,48.797964084766));
#2446 = CARTESIAN_POINT('',(4.776647843082,48.799998176846));
#2447 = CARTESIAN_POINT('',(4.665380602883,48.800146997079));
#2448 = CARTESIAN_POINT('',(4.554298327841,48.798396897429));
#2449 = CARTESIAN_POINT('',(4.443578813645,48.794843132518));
#2450 = CARTESIAN_POINT('',(4.335745431048,48.789810714643));
#2451 = CARTESIAN_POINT('',(4.23111210245,48.783678865628));
#2452 = CARTESIAN_POINT('',(4.129267439228,48.776783746925));
#2453 = CARTESIAN_POINT('',(4.030058765003,48.769460888256));
#2454 = CARTESIAN_POINT('',(3.933316728341,48.762020085121));
#2455 = CARTESIAN_POINT('',(3.838930332734,48.754742103195));
#2456 = CARTESIAN_POINT('',(3.746794312482,48.74786958503));
#2457 = CARTESIAN_POINT('',(3.656925830917,48.741611594532));
#2458 = CARTESIAN_POINT('',(3.569037714125,48.736110017269));
#2459 = CARTESIAN_POINT('',(3.482163511834,48.731440164002));
#2460 = CARTESIAN_POINT('',(3.396249813264,48.727713049102));
#2461 = CARTESIAN_POINT('',(3.311023814045,48.724999334304));
#2462 = CARTESIAN_POINT('',(3.226277296249,48.723350850542));
#2463 = CARTESIAN_POINT('',(3.141785495172,48.722796675425));
#2464 = CARTESIAN_POINT('',(3.057324656646,48.723345662646));
#2465 = CARTESIAN_POINT('',(2.972660900277,48.724986952217));
#2466 = CARTESIAN_POINT('',(2.887555213095,48.727690012351));
#2467 = CARTESIAN_POINT('',(2.801731709401,48.731406043354));
#2468 = CARTESIAN_POINT('',(2.714974491758,48.736061433875));
#2469 = CARTESIAN_POINT('',(2.62674271219,48.741578240378));
#2470 = CARTESIAN_POINT('',(2.536376730473,48.747869971734));
#2471 = CARTESIAN_POINT('',(2.443955470187,48.754764790174));
#2472 = CARTESIAN_POINT('',(2.349340480751,48.762061009049));
#2473 = CARTESIAN_POINT('',(2.252416038289,48.769514943762));
#2474 = CARTESIAN_POINT('',(2.15302763782,48.776847532914));
#2475 = CARTESIAN_POINT('',(2.050969080785,48.783749683594));
#2476 = CARTESIAN_POINT('',(1.946070765992,48.789884521383));
#2477 = CARTESIAN_POINT('',(1.837824746698,48.794915815918));
#2478 = CARTESIAN_POINT('',(1.726745153429,48.798449265167));
#2479 = CARTESIAN_POINT('',(1.615628211219,48.800162108956));
#2480 = CARTESIAN_POINT('',(1.504459009623,48.799976421994));
#2481 = CARTESIAN_POINT('',(1.393907807089,48.797912179493));
#2482 = CARTESIAN_POINT('',(1.28447459748,48.794123647489));
#2483 = CARTESIAN_POINT('',(1.176740994777,48.788872990598));
#2484 = CARTESIAN_POINT('',(1.071397253222,48.782514658675));
#2485 = CARTESIAN_POINT('',(0.96907612917,48.775447924175));
#2486 = CARTESIAN_POINT('',(0.871211609468,48.768145765744));
#2487 = CARTESIAN_POINT('',(0.776977752838,48.760877581107));
#2488 = CARTESIAN_POINT('',(0.684876444699,48.753795718838));
#2489 = CARTESIAN_POINT('',(0.594901054289,48.747128952454));
#2490 = CARTESIAN_POINT('',(0.506679917573,48.741042568008));
#2491 = CARTESIAN_POINT('',(0.419963793466,48.735679021269));
#2492 = CARTESIAN_POINT('',(0.334487740766,48.731150418729));
#2493 = CARTESIAN_POINT('',(0.250002198357,48.727544167053));
#2494 = CARTESIAN_POINT('',(0.166259026628,48.724924295577));
#2495 = CARTESIAN_POINT('',(8.301102831783E-02,48.723336226109));
#2496 = CARTESIAN_POINT('',(2.767190600366E-02,48.722979092509));
#2497 = CARTESIAN_POINT('',(-8.881784197001E-16,48.722980531956));
#2498 = ( GEOMETRIC_REPRESENTATION_CONTEXT(2) 
PARAMETRIC_REPRESENTATION_CONTEXT() REPRESENTATION_CONTEXT('2D SPACE',''
  ) );
#2499 = FACE_BOUND('',#2500,.T.);
#2500 = EDGE_LOOP('',(#2501));
#2501 = ORIENTED_EDGE('',*,*,#2502,.T.);
#2502 = EDGE_CURVE('',#2503,#2503,#2505,.T.);
#2503 = VERTEX_POINT('',#2504);
#2504 = CARTESIAN_POINT('',(14.441228026187,-12.03706497015,14.95));
#2505 = SURFACE_CURVE('',#2506,(#2551,#2624),.PCURVE_S1.);
#2506 = B_SPLINE_CURVE_WITH_KNOTS('',7,(#2507,#2508,#2509,#2510,#2511,
    #2512,#2513,#2514,#2515,#2516,#2517,#2518,#2519,#2520,#2521,#2522,
    #2523,#2524,#2525,#2526,#2527,#2528,#2529,#2530,#2531,#2532,#2533,
    #2534,#2535,#2536,#2537,#2538,#2539,#2540,#2541,#2542,#2543,#2544,
    #2545,#2546,#2547,#2548,#2549,#2550),.UNSPECIFIED.,.T.,.F.,(8,6,6,6,
    6,6,6,8),(0.,0.152752117988,0.285783100732,0.421999398094,
    0.58868596136,0.714469866715,0.837896542466,1.),.UNSPECIFIED.);
#2507 = CARTESIAN_POINT('',(14.441228026187,-12.03706497015,14.95));
#2508 = CARTESIAN_POINT('',(14.441228026187,-12.03706497015,
    14.74673876841));
#2509 = CARTESIAN_POINT('',(14.423000144518,-12.05893331004,
    14.543573655157));
#2510 = CARTESIAN_POINT('',(14.386570522372,-12.10264004197,
    14.343001525351));
#2511 = CARTESIAN_POINT('',(14.33122238375,-12.16861602972,
    14.147847807066));
#2512 = CARTESIAN_POINT('',(14.255726519383,-12.25750202003,
    13.961795640775));
#2513 = CARTESIAN_POINT('',(14.158424670759,-12.36979901826,
    13.789970051432));
#2514 = CARTESIAN_POINT('',(13.932640191526,-12.62325248749,
    13.509630419034));
#2515 = CARTESIAN_POINT('',(13.806053470989,-12.76302130168,
    13.391149270508));
#2516 = CARTESIAN_POINT('',(13.659747411825,-12.9209838535,
    13.298282523166));
#2517 = CARTESIAN_POINT('',(13.498073767169,-13.09046769953,
    13.240369018542));
#2518 = CARTESIAN_POINT('',(13.327543805428,-13.26327871078,
    13.222418375733));
#2519 = CARTESIAN_POINT('',(13.156075073157,-13.43166607702,
    13.244893712775));
#2520 = CARTESIAN_POINT('',(12.822579953634,-13.75048823037,
    13.363324629606));
#2521 = CARTESIAN_POINT('',(12.666802535163,-13.89473414354,
    13.458921413695));
#2522 = CARTESIAN_POINT('',(12.527431765182,-14.02014367684,
    13.582083313054));
#2523 = CARTESIAN_POINT('',(12.406550103838,-14.12648376826,
    13.72602416186));
#2524 = CARTESIAN_POINT('',(12.305234991731,-14.21412410805,
    13.884776100099));
#2525 = CARTESIAN_POINT('',(12.22369639834,-14.2838345057,
    14.053046119653));
#2526 = CARTESIAN_POINT('',(12.085080330733,-14.40141794702,
    14.438031587804));
#2527 = CARTESIAN_POINT('',(12.036544719141,-14.4417749474,
    14.659969965768));
#2528 = CARTESIAN_POINT('',(12.014929898963,-14.4595629194,
    14.886994086529));
#2529 = CARTESIAN_POINT('',(12.020021702116,-14.45536105613,
    15.115580938014));
#2530 = CARTESIAN_POINT('',(12.052067973812,-14.42892645289,
    15.341967624616));
#2531 = CARTESIAN_POINT('',(12.111467550609,-14.37933970763,
    15.561786228029));
#2532 = CARTESIAN_POINT('',(12.264025013741,-14.24924999648,
    15.925333371882));
#2533 = CARTESIAN_POINT('',(12.346168552026,-14.17859763209,
    16.076514340703));
#2534 = CARTESIAN_POINT('',(12.445171238585,-14.09240311604,
    16.21842875993));
#2535 = CARTESIAN_POINT('',(12.560669011115,-13.99016594569,
    16.34658057332));
#2536 = CARTESIAN_POINT('',(12.691583969355,-13.87176113999,
    16.456061361517));
#2537 = CARTESIAN_POINT('',(12.836068847604,-13.73759281461,
    16.541465551678));
#2538 = CARTESIAN_POINT('',(13.143622490061,-13.44357077705,
    16.650684121063));
#2539 = CARTESIAN_POINT('',(13.302284011847,-13.2880764553,
    16.674198656411));
#2540 = CARTESIAN_POINT('',(13.460966177235,-13.12801380882,
    16.663085794626));
#2541 = CARTESIAN_POINT('',(13.613031419635,-12.96978620558,
    16.617234843536));
#2542 = CARTESIAN_POINT('',(13.75281562918,-12.82022262708,
    16.540265205187));
#2543 = CARTESIAN_POINT('',(13.876290060286,-12.68516008304,
    16.439380697122));
#2544 = CARTESIAN_POINT('',(14.119407075986,-12.41470781357,
    16.175537995648));
#2545 = CARTESIAN_POINT('',(14.230545752927,-12.28711566383,
    15.997802029488));
#2546 = CARTESIAN_POINT('',(14.316483076124,-12.18617707257,
    15.802351028494));
#2547 = CARTESIAN_POINT('',(14.379320422691,-12.11133926047,
    15.595693660686));
#2548 = CARTESIAN_POINT('',(14.420580601609,-12.06183583975,
    15.382559823153));
#2549 = CARTESIAN_POINT('',(14.441228026187,-12.03706497015,
    15.166324421353));
#2550 = CARTESIAN_POINT('',(14.441228026187,-12.03706497015,14.95));
#2551 = PCURVE('',#222,#2552);
#2552 = DEFINITIONAL_REPRESENTATION('',(#2553),#2623);
#2553 = B_SPLINE_CURVE_WITH_KNOTS('',3,(#2554,#2555,#2556,#2557,#2558,
    #2559,#2560,#2561,#2562,#2563,#2564,#2565,#2566,#2567,#2568,#2569,
    #2570,#2571,#2572,#2573,#2574,#2575,#2576,#2577,#2578,#2579,#2580,
    #2581,#2582,#2583,#2584,#2585,#2586,#2587,#2588,#2589,#2590,#2591,
    #2592,#2593,#2594,#2595,#2596,#2597,#2598,#2599,#2600,#2601,#2602,
    #2603,#2604,#2605,#2606,#2607,#2608,#2609,#2610,#2611,#2612,#2613,
    #2614,#2615,#2616,#2617,#2618,#2619,#2620,#2621,#2622),
  .UNSPECIFIED.,.T.,.F.,(4,1,1,1,1,1,1,1,1,1,1,1,1,1,1,1,1,1,1,1,1,1,1,1
    ,1,1,1,1,1,1,1,1,1,1,1,1,1,1,1,1,1,1,1,1,1,1,1,1,1,1,1,1,1,1,1,1,1,1
    ,1,1,1,1,1,1,1,1,4),(0.,1.515151515152E-02,3.030303030303E-02,
    4.545454545455E-02,6.060606060606E-02,7.575757575758E-02,
    9.090909090909E-02,0.106060606061,0.121212121212,0.136363636364,
    0.151515151515,0.166666666667,0.181818181818,0.19696969697,
    0.212121212121,0.227272727273,0.242424242424,0.257575757576,
    0.272727272727,0.287878787879,0.30303030303,0.318181818182,
    0.333333333333,0.348484848485,0.363636363636,0.378787878788,
    0.393939393939,0.409090909091,0.424242424242,0.439393939394,
    0.454545454545,0.469696969697,0.484848484848,0.5,0.515151515152,
    0.530303030303,0.545454545455,0.560606060606,0.575757575758,
    0.590909090909,0.606060606061,0.621212121212,0.636363636364,
    0.651515151515,0.666666666667,0.681818181818,0.69696969697,
    0.712121212121,0.727272727273,0.742424242424,0.757575757576,
    0.772727272727,0.787878787879,0.80303030303,0.818181818182,
    0.833333333333,0.848484848485,0.863636363636,0.878787878788,
    0.893939393939,0.909090909091,0.924242424242,0.939393939394,
    0.954545454545,0.969696969697,0.984848484848,1.),
  .QUASI_UNIFORM_KNOTS.);
#2554 = CARTESIAN_POINT('',(0.694848944261,-4.95));
#2555 = CARTESIAN_POINT('',(0.694849199631,-4.902959976277));
#2556 = CARTESIAN_POINT('',(0.695057311989,-4.80888009985));
#2557 = CARTESIAN_POINT('',(0.695996963436,-4.668333824058));
#2558 = CARTESIAN_POINT('',(0.697567678051,-4.528914316533));
#2559 = CARTESIAN_POINT('',(0.699776878384,-4.391244094002));
#2560 = CARTESIAN_POINT('',(0.702633976997,-4.256008310671));
#2561 = CARTESIAN_POINT('',(0.706150102378,-4.123978296038));
#2562 = CARTESIAN_POINT('',(0.710338140447,-3.996016376818));
#2563 = CARTESIAN_POINT('',(0.715209701865,-3.873133248078));
#2564 = CARTESIAN_POINT('',(0.720783767274,-3.756363308921));
#2565 = CARTESIAN_POINT('',(0.727051321561,-3.647326608386));
#2566 = CARTESIAN_POINT('',(0.734103909576,-3.546238975754));
#2567 = CARTESIAN_POINT('',(0.742002067844,-3.454927415135));
#2568 = CARTESIAN_POINT('',(0.750608037345,-3.377312671217));
#2569 = CARTESIAN_POINT('',(0.759806822626,-3.315994212243));
#2570 = CARTESIAN_POINT('',(0.769453554412,-3.273144927124));
#2571 = CARTESIAN_POINT('',(0.779391713539,-3.250252896999));
#2572 = CARTESIAN_POINT('',(0.789458986371,-3.248208940229));
#2573 = CARTESIAN_POINT('',(0.799472201945,-3.267156065079));
#2574 = CARTESIAN_POINT('',(0.809308614715,-3.30693805981));
#2575 = CARTESIAN_POINT('',(0.818610199898,-3.365317316701));
#2576 = CARTESIAN_POINT('',(0.827255031991,-3.439555934593));
#2577 = CARTESIAN_POINT('',(0.835226510115,-3.52769566935));
#2578 = CARTESIAN_POINT('',(0.842493057363,-3.627741078205));
#2579 = CARTESIAN_POINT('',(0.849038642709,-3.737858463911));
#2580 = CARTESIAN_POINT('',(0.854853428362,-3.856314684505));
#2581 = CARTESIAN_POINT('',(0.859934633197,-3.981456461171));
#2582 = CARTESIAN_POINT('',(0.864287721412,-4.111801899318));
#2583 = CARTESIAN_POINT('',(0.867917173318,-4.245655040798));
#2584 = CARTESIAN_POINT('',(0.870861092289,-4.382592603728));
#2585 = CARTESIAN_POINT('',(0.873140559146,-4.522246920108));
#2586 = CARTESIAN_POINT('',(0.874762351156,-4.663837258451));
#2587 = CARTESIAN_POINT('',(0.875732984839,-4.806743533152));
#2588 = CARTESIAN_POINT('',(0.876055341718,-4.95032821366));
#2589 = CARTESIAN_POINT('',(0.875729933038,-5.093963232661));
#2590 = CARTESIAN_POINT('',(0.874755000015,-5.237001610326));
#2591 = CARTESIAN_POINT('',(0.873126616732,-5.378774924809));
#2592 = CARTESIAN_POINT('',(0.870839938488,-5.518549188792));
#2593 = CARTESIAN_POINT('',(0.867885863956,-5.655624560305));
#2594 = CARTESIAN_POINT('',(0.864264900534,-5.788901412716));
#2595 = CARTESIAN_POINT('',(0.859934463712,-5.918511702783));
#2596 = CARTESIAN_POINT('',(0.854870391535,-6.043286436542));
#2597 = CARTESIAN_POINT('',(0.849072331706,-6.161501961599));
#2598 = CARTESIAN_POINT('',(0.842542778482,-6.271488958011));
#2599 = CARTESIAN_POINT('',(0.8352935972,-6.371460826156));
#2600 = CARTESIAN_POINT('',(0.827343464669,-6.459562958539));
#2601 = CARTESIAN_POINT('',(0.818725228348,-6.533807384048));
#2602 = CARTESIAN_POINT('',(0.80946395716,-6.592231772885));
#2603 = CARTESIAN_POINT('',(0.799663811304,-6.63226078993));
#2604 = CARTESIAN_POINT('',(0.789656019371,-6.651624795109));
#2605 = CARTESIAN_POINT('',(0.779579614139,-6.649986994505));
#2606 = CARTESIAN_POINT('',(0.769623569841,-6.627434907326));
#2607 = CARTESIAN_POINT('',(0.7599589822,-6.584851846983));
#2608 = CARTESIAN_POINT('',(0.750751066499,-6.523801039118));
#2609 = CARTESIAN_POINT('',(0.74214913867,-6.44655465857));
#2610 = CARTESIAN_POINT('',(0.734285358725,-6.356039109954));
#2611 = CARTESIAN_POINT('',(0.727261177748,-6.255979508454));
#2612 = CARTESIAN_POINT('',(0.720939799433,-6.146647371038));
#2613 = CARTESIAN_POINT('',(0.71533678279,-6.029794990438));
#2614 = CARTESIAN_POINT('',(0.71043369263,-5.906656868059));
#2615 = CARTESIAN_POINT('',(0.706219673439,-5.778395607943));
#2616 = CARTESIAN_POINT('',(0.702681361924,-5.646011226058));
#2617 = CARTESIAN_POINT('',(0.699806509883,-5.510390539513));
#2618 = CARTESIAN_POINT('',(0.697583790585,-5.372316749223));
#2619 = CARTESIAN_POINT('',(0.696003676423,-5.232486031809));
#2620 = CARTESIAN_POINT('',(0.695058514217,-5.091527698594));
#2621 = CARTESIAN_POINT('',(0.694849207816,-4.997175105493));
#2622 = CARTESIAN_POINT('',(0.694848944261,-4.95));
#2623 = ( GEOMETRIC_REPRESENTATION_CONTEXT(2) 
PARAMETRIC_REPRESENTATION_CONTEXT() REPRESENTATION_CONTEXT('2D SPACE',''
  ) );
#2624 = PCURVE('',#2625,#2630);
#2625 = CYLINDRICAL_SURFACE('',#2626,1.7);
#2626 = AXIS2_PLACEMENT_3D('',#2627,#2628,#2629);
#2627 = CARTESIAN_POINT('',(21.213203435596,-21.21320343559,14.95));
#2628 = DIRECTION('',(-0.707106781187,0.707106781187,0.));
#2629 = DIRECTION('',(0.707106781187,0.707106781187,0.));
#2630 = DEFINITIONAL_REPRESENTATION('',(#2631),#2701);
#2631 = B_SPLINE_CURVE_WITH_KNOTS('',3,(#2632,#2633,#2634,#2635,#2636,
    #2637,#2638,#2639,#2640,#2641,#2642,#2643,#2644,#2645,#2646,#2647,
    #2648,#2649,#2650,#2651,#2652,#2653,#2654,#2655,#2656,#2657,#2658,
    #2659,#2660,#2661,#2662,#2663,#2664,#2665,#2666,#2667,#2668,#2669,
    #2670,#2671,#2672,#2673,#2674,#2675,#2676,#2677,#2678,#2679,#2680,
    #2681,#2682,#2683,#2684,#2685,#2686,#2687,#2688,#2689,#2690,#2691,
    #2692,#2693,#2694,#2695,#2696,#2697,#2698,#2699,#2700),
  .UNSPECIFIED.,.F.,.F.,(4,1,1,1,1,1,1,1,1,1,1,1,1,1,1,1,1,1,1,1,1,1,1,1
    ,1,1,1,1,1,1,1,1,1,1,1,1,1,1,1,1,1,1,1,1,1,1,1,1,1,1,1,1,1,1,1,1,1,1
    ,1,1,1,1,1,1,1,1,4),(0.,1.515151515152E-02,3.030303030303E-02,
    4.545454545455E-02,6.060606060606E-02,7.575757575758E-02,
    9.090909090909E-02,0.106060606061,0.121212121212,0.136363636364,
    0.151515151515,0.166666666667,0.181818181818,0.19696969697,
    0.212121212121,0.227272727273,0.242424242424,0.257575757576,
    0.272727272727,0.287878787879,0.30303030303,0.318181818182,
    0.333333333333,0.348484848485,0.363636363636,0.378787878788,
    0.393939393939,0.409090909091,0.424242424242,0.439393939394,
    0.454545454545,0.469696969697,0.484848484848,0.5,0.515151515152,
    0.530303030303,0.545454545455,0.560606060606,0.575757575758,
    0.590909090909,0.606060606061,0.621212121212,0.636363636364,
    0.651515151515,0.666666666667,0.681818181818,0.69696969697,
    0.712121212121,0.727272727273,0.742424242424,0.757575757576,
    0.772727272727,0.787878787879,0.80303030303,0.818181818182,
    0.833333333333,0.848484848485,0.863636363636,0.878787878788,
    0.893939393939,0.909090909091,0.924242424242,0.939393939394,
    0.954545454545,0.969696969697,0.984848484848,1.),
  .QUASI_UNIFORM_KNOTS.);
#2632 = CARTESIAN_POINT('',(0.,11.277019468044));
#2633 = CARTESIAN_POINT('',(2.767190600362E-02,11.277020907491));
#2634 = CARTESIAN_POINT('',(8.301102831769E-02,11.276663773891));
#2635 = CARTESIAN_POINT('',(0.166259026627,11.275075704423));
#2636 = CARTESIAN_POINT('',(0.250002198357,11.272455832947));
#2637 = CARTESIAN_POINT('',(0.334487740765,11.268849581271));
#2638 = CARTESIAN_POINT('',(0.419963793465,11.264320978731));
#2639 = CARTESIAN_POINT('',(0.506679917572,11.258957431992));
#2640 = CARTESIAN_POINT('',(0.594901054288,11.252871047546));
#2641 = CARTESIAN_POINT('',(0.684876444697,11.246204281162));
#2642 = CARTESIAN_POINT('',(0.776977752836,11.239122418893));
#2643 = CARTESIAN_POINT('',(0.871211609466,11.231854234256));
#2644 = CARTESIAN_POINT('',(0.969076129168,11.224552075825));
#2645 = CARTESIAN_POINT('',(1.07139725322,11.217485341325));
#2646 = CARTESIAN_POINT('',(1.176740994775,11.211127009403));
#2647 = CARTESIAN_POINT('',(1.284474597478,11.205876352511));
#2648 = CARTESIAN_POINT('',(1.393907807087,11.202087820507));
#2649 = CARTESIAN_POINT('',(1.504459009621,11.200023578006));
#2650 = CARTESIAN_POINT('',(1.615628211217,11.199837891044));
#2651 = CARTESIAN_POINT('',(1.726745153426,11.201550734832));
#2652 = CARTESIAN_POINT('',(1.837824746695,11.205084184082));
#2653 = CARTESIAN_POINT('',(1.94607076599,11.210115478617));
#2654 = CARTESIAN_POINT('',(2.050969080783,11.216250316406));
#2655 = CARTESIAN_POINT('',(2.153027637818,11.223152467085));
#2656 = CARTESIAN_POINT('',(2.252416038286,11.230485056238));
#2657 = CARTESIAN_POINT('',(2.349340480748,11.237938990951));
#2658 = CARTESIAN_POINT('',(2.443955470185,11.245235209826));
#2659 = CARTESIAN_POINT('',(2.53637673047,11.252130028266));
#2660 = CARTESIAN_POINT('',(2.626742712187,11.258421759621));
#2661 = CARTESIAN_POINT('',(2.714974491755,11.263938566124));
#2662 = CARTESIAN_POINT('',(2.801731709399,11.268593956646));
#2663 = CARTESIAN_POINT('',(2.887555213093,11.272309987649));
#2664 = CARTESIAN_POINT('',(2.972660900275,11.275013047783));
#2665 = CARTESIAN_POINT('',(3.057324656645,11.276654337354));
#2666 = CARTESIAN_POINT('',(3.141785495171,11.277203324575));
#2667 = CARTESIAN_POINT('',(3.226277296248,11.276649149458));
#2668 = CARTESIAN_POINT('',(3.311023814045,11.275000665696));
#2669 = CARTESIAN_POINT('',(3.396249813265,11.272286950898));
#2670 = CARTESIAN_POINT('',(3.482163511835,11.268559835998));
#2671 = CARTESIAN_POINT('',(3.569037714126,11.26388998273));
#2672 = CARTESIAN_POINT('',(3.656925830918,11.258388405468));
#2673 = CARTESIAN_POINT('',(3.746794312483,11.25213041497));
#2674 = CARTESIAN_POINT('',(3.838930332735,11.245257896805));
#2675 = CARTESIAN_POINT('',(3.933316728342,11.237979914879));
#2676 = CARTESIAN_POINT('',(4.030058765004,11.230539111744));
#2677 = CARTESIAN_POINT('',(4.129267439229,11.223216253074));
#2678 = CARTESIAN_POINT('',(4.231112102451,11.216321134372));
#2679 = CARTESIAN_POINT('',(4.335745431049,11.210189285357));
#2680 = CARTESIAN_POINT('',(4.443578813646,11.205156867482));
#2681 = CARTESIAN_POINT('',(4.554298327843,11.201603102571));
#2682 = CARTESIAN_POINT('',(4.665380602884,11.199853002921));
#2683 = CARTESIAN_POINT('',(4.776647843083,11.200001823154));
#2684 = CARTESIAN_POINT('',(4.887370719637,11.202035915234));
#2685 = CARTESIAN_POINT('',(4.99695986899,11.205802508056));
#2686 = CARTESIAN_POINT('',(5.104736252834,11.211033409403));
#2687 = CARTESIAN_POINT('',(5.209946993346,11.217366636852));
#2688 = CARTESIAN_POINT('',(5.311702930586,11.224379552724));
#2689 = CARTESIAN_POINT('',(5.408953391497,11.23162387379));
#2690 = CARTESIAN_POINT('',(5.503741585739,11.238931277881));
#2691 = CARTESIAN_POINT('',(5.596090705835,11.246036099554));
#2692 = CARTESIAN_POINT('',(5.686394086853,11.252735519065));
#2693 = CARTESIAN_POINT('',(5.774914191394,11.258853394645));
#2694 = CARTESIAN_POINT('',(5.86192549617,11.264246955587));
#2695 = CARTESIAN_POINT('',(5.947683340463,11.268801702151));
#2696 = CARTESIAN_POINT('',(6.032438434156,11.272429121191));
#2697 = CARTESIAN_POINT('',(6.116438982792,11.275064389811));
#2698 = CARTESIAN_POINT('',(6.199934416968,11.276661722823));
#2699 = CARTESIAN_POINT('',(6.255433900493,11.277020922672));
#2700 = CARTESIAN_POINT('',(6.28318530718,11.277019468044));
#2701 = ( GEOMETRIC_REPRESENTATION_CONTEXT(2) 
PARAMETRIC_REPRESENTATION_CONTEXT() REPRESENTATION_CONTEXT('2D SPACE',''
  ) );
#2702 = FACE_BOUND('',#2703,.T.);
#2703 = EDGE_LOOP('',(#2704));
#2704 = ORIENTED_EDGE('',*,*,#2705,.T.);
#2705 = EDGE_CURVE('',#2706,#2706,#2708,.T.);
#2706 = VERTEX_POINT('',#2707);
#2707 = CARTESIAN_POINT('',(-18.70011821747,1.935349749399,14.95));
#2708 = SURFACE_CURVE('',#2709,(#2845,#2984),.PCURVE_S1.);
#2709 = B_SPLINE_CURVE_WITH_KNOTS('',8,(#2710,#2711,#2712,#2713,#2714,
    #2715,#2716,#2717,#2718,#2719,#2720,#2721,#2722,#2723,#2724,#2725,
    #2726,#2727,#2728,#2729,#2730,#2731,#2732,#2733,#2734,#2735,#2736,
    #2737,#2738,#2739,#2740,#2741,#2742,#2743,#2744,#2745,#2746,#2747,
    #2748,#2749,#2750,#2751,#2752,#2753,#2754,#2755,#2756,#2757,#2758,
    #2759,#2760,#2761,#2762,#2763,#2764,#2765,#2766,#2767,#2768,#2769,
    #2770,#2771,#2772,#2773,#2774,#2775,#2776,#2777,#2778,#2779,#2780,
    #2781,#2782,#2783,#2784,#2785,#2786,#2787,#2788,#2789,#2790,#2791,
    #2792,#2793,#2794,#2795,#2796,#2797,#2798,#2799,#2800,#2801,#2802,
    #2803,#2804,#2805,#2806,#2807,#2808,#2809,#2810,#2811,#2812,#2813,
    #2814,#2815,#2816,#2817,#2818,#2819,#2820,#2821,#2822,#2823,#2824,
    #2825,#2826,#2827,#2828,#2829,#2830,#2831,#2832,#2833,#2834,#2835,
    #2836,#2837,#2838,#2839,#2840,#2841,#2842,#2843,#2844),
  .UNSPECIFIED.,.T.,.F.,(1,8,7,7,7,7,7,7,7,7,7,7,7,7,7,7,7,7,7,7,8,1),(
    -0.127993660213,0.,0.127956077631,0.169233545206,0.200750354539,
    0.249866940727,0.299251290762,0.330768255271,0.37204592608,
    0.404650982081,0.499996847134,0.5691498314,0.595328388463,
    0.627931305141,0.669206267589,0.700721164168,0.749834769472,
    0.799216122372,0.830731174118,0.872006339787,1.,1.127956077631),
  .UNSPECIFIED.);
#2710 = CARTESIAN_POINT('',(-18.70011821747,1.935349749399,14.95));
#2711 = CARTESIAN_POINT('',(-18.70011821747,1.935349749399,
    15.123638988388));
#2712 = CARTESIAN_POINT('',(-18.70187521904,1.918372051384,
    15.296705763913));
#2713 = CARTESIAN_POINT('',(-18.70536937513,1.88461303707,
    15.468670909726));
#2714 = CARTESIAN_POINT('',(-18.7105481939,1.833725576217,
    15.638600013058));
#2715 = CARTESIAN_POINT('',(-18.71729675449,1.765198803291,
    15.80524539865));
#2716 = CARTESIAN_POINT('',(-18.72540511942,1.678341517121,
    15.966962494113));
#2717 = CARTESIAN_POINT('',(-18.73455304962,1.572424135452,
    16.12176466195));
#2718 = CARTESIAN_POINT('',(-18.74742173852,1.405646734293,
    16.313907611705));
#2719 = CARTESIAN_POINT('',(-18.75061976954,1.36288469552,
    16.359762582508));
#2720 = CARTESIAN_POINT('',(-18.75386125521,1.318010163059,
    16.404514440795));
#2721 = CARTESIAN_POINT('',(-18.75712817398,1.270999004173,
    16.448056189011));
#2722 = CARTESIAN_POINT('',(-18.76040033681,1.221833804175,
    16.49026765193));
#2723 = CARTESIAN_POINT('',(-18.76365544502,1.170505868654,
    16.531016474876));
#2724 = CARTESIAN_POINT('',(-18.76686914812,1.117017225703,
    16.570159121951));
#2725 = CARTESIAN_POINT('',(-18.77241714867,1.018903641272,
    16.63608493045));
#2726 = CARTESIAN_POINT('',(-18.77477954897,0.975176209568,
    16.663600160841));
#2727 = CARTESIAN_POINT('',(-18.7770905944,0.93020909714,16.690018441553
    ));
#2728 = CARTESIAN_POINT('',(-18.77933771199,0.884018421741,
    16.715265219641));
#2729 = CARTESIAN_POINT('',(-18.78150770515,0.836629026205,
    16.73926200391));
#2730 = CARTESIAN_POINT('',(-18.78358699503,0.788075849862,
    16.761927855719));
#2731 = CARTESIAN_POINT('',(-18.78556186169,0.738405299968,16.7831808798
    ));
#2732 = CARTESIAN_POINT('',(-18.79031240614,0.608619780716,
    16.833732379549));
#2733 = CARTESIAN_POINT('',(-18.79292102326,0.52695069462,
    16.860912989058));
#2734 = CARTESIAN_POINT('',(-18.79519072521,0.44294521772,
    16.884145489318));
#2735 = CARTESIAN_POINT('',(-18.79707071348,0.356939476339,
    16.903125360733));
#2736 = CARTESIAN_POINT('',(-18.79851703327,0.269333440767,
    16.917590725594));
#2737 = CARTESIAN_POINT('',(-18.79949648864,0.180594589171,
    16.927340528597));
#2738 = CARTESIAN_POINT('',(-18.79999064215,9.126166488566E-02,
    16.932259790655));
#2739 = CARTESIAN_POINT('',(-18.80000920635,-8.785150994914E-02,
    16.932444583721));
#2740 = CARTESIAN_POINT('',(-18.7995283224,-0.177690549025,
    16.927657398736));
#2741 = CARTESIAN_POINT('',(-18.79855634256,-0.266943686703,
    16.917983827996));
#2742 = CARTESIAN_POINT('',(-18.79711166844,-0.355062309767,
    16.903538760133));
#2743 = CARTESIAN_POINT('',(-18.79522784371,-0.441570253098,
    16.884525385383));
#2744 = CARTESIAN_POINT('',(-18.79294946489,-0.526060037289,
    16.861209334447));
#2745 = CARTESIAN_POINT('',(-18.79032816721,-0.608189186013,
    16.833900096319));
#2746 = CARTESIAN_POINT('',(-18.78556186169,-0.738405299966,
    16.783180879801));
#2747 = CARTESIAN_POINT('',(-18.78358699503,-0.788075849861,
    16.76192785572));
#2748 = CARTESIAN_POINT('',(-18.78150770515,-0.836629026204,
    16.739262003911));
#2749 = CARTESIAN_POINT('',(-18.77933771199,-0.88401842174,
    16.715265219642));
#2750 = CARTESIAN_POINT('',(-18.7770905944,-0.930209097138,
    16.690018441553));
#2751 = CARTESIAN_POINT('',(-18.77477954897,-0.975176209567,
    16.663600160842));
#2752 = CARTESIAN_POINT('',(-18.77241714867,-1.018903641271,
    16.636084930451));
#2753 = CARTESIAN_POINT('',(-18.76686914812,-1.117017225702,
    16.570159121952));
#2754 = CARTESIAN_POINT('',(-18.76365544502,-1.170505868653,
    16.531016474877));
#2755 = CARTESIAN_POINT('',(-18.76040033681,-1.221833804174,
    16.490267651931));
#2756 = CARTESIAN_POINT('',(-18.75712817398,-1.270999004171,
    16.448056189012));
#2757 = CARTESIAN_POINT('',(-18.75386125521,-1.318010163057,
    16.404514440796));
#2758 = CARTESIAN_POINT('',(-18.75061976954,-1.362884695519,
    16.35976258251));
#2759 = CARTESIAN_POINT('',(-18.74742173852,-1.405646734292,
    16.313907611707));
#2760 = CARTESIAN_POINT('',(-18.74180364936,-1.478456817452,
    16.230023679873));
#2761 = CARTESIAN_POINT('',(-18.73936147042,-1.50928662201,
    16.192376805943));
#2762 = CARTESIAN_POINT('',(-18.73696432665,-1.538828059075,
    16.154148682997));
#2763 = CARTESIAN_POINT('',(-18.73461945452,-1.567094869045,
    16.115383136937));
#2764 = CARTESIAN_POINT('',(-18.7323334547,-1.594100914023,
    16.076120884884));
#2765 = CARTESIAN_POINT('',(-18.73011232488,-1.619860076606,
    16.036399555242));
#2766 = CARTESIAN_POINT('',(-18.72796149259,-1.644386158654,
    15.99625370776));
#2767 = CARTESIAN_POINT('',(-18.71981611044,-1.735847546655,
    15.837168450286));
#2768 = CARTESIAN_POINT('',(-18.71439155337,-1.793549531821,
    15.715304384962));
#2769 = CARTESIAN_POINT('',(-18.70973129205,-1.841178110205,
    15.590866126058));
#2770 = CARTESIAN_POINT('',(-18.70592388029,-1.878996158184,
    15.464495766903));
#2771 = CARTESIAN_POINT('',(-18.70303078605,-1.907206685761,
    15.336759546183));
#2772 = CARTESIAN_POINT('',(-18.70108971209,-1.925963045288,
    15.208155394361));
#2773 = CARTESIAN_POINT('',(-18.70011823275,-1.935349601766,
    15.079113678846));
#2774 = CARTESIAN_POINT('',(-18.70011820639,-1.935349856474,
    14.856359710146));
#2775 = CARTESIAN_POINT('',(-18.70062921929,-1.930412214356,
    14.762735066127));
#2776 = CARTESIAN_POINT('',(-18.70165091714,-1.920540213808,
    14.669281949137));
#2777 = CARTESIAN_POINT('',(-18.7031781662,-1.905712071903,
    14.576166908188));
#2778 = CARTESIAN_POINT('',(-18.70520044402,-1.885886904,14.483569613784
    ));
#2779 = CARTESIAN_POINT('',(-18.70770127821,-1.86100676659,
    14.39168373082));
#2780 = CARTESIAN_POINT('',(-18.71065771803,-1.830994670995,
    14.30071853149));
#2781 = CARTESIAN_POINT('',(-18.71532017432,-1.782405801461,
    14.176900013067));
#2782 = CARTESIAN_POINT('',(-18.71666147034,-1.76831330674,
    14.143064189016));
#2783 = CARTESIAN_POINT('',(-18.71806210289,-1.753465739079,
    14.10940641975));
#2784 = CARTESIAN_POINT('',(-18.71952026775,-1.737857440037,
    14.075940123578));
#2785 = CARTESIAN_POINT('',(-18.72103398016,-1.721482437425,
    14.042679493392));
#2786 = CARTESIAN_POINT('',(-18.7226010749,-1.704334445308,
    14.009639496667));
#2787 = CARTESIAN_POINT('',(-18.72421920624,-1.686406864003,
    13.976835875459));
#2788 = CARTESIAN_POINT('',(-18.72796149259,-1.644386158656,
    13.903746292244));
#2789 = CARTESIAN_POINT('',(-18.73011232488,-1.619860076609,
    13.863600444762));
#2790 = CARTESIAN_POINT('',(-18.7323334547,-1.594100914026,
    13.82387911512));
#2791 = CARTESIAN_POINT('',(-18.73461945452,-1.567094869047,
    13.784616863067));
#2792 = CARTESIAN_POINT('',(-18.73696432665,-1.538828059078,
    13.745851317006));
#2793 = CARTESIAN_POINT('',(-18.73936147042,-1.509286622013,
    13.70762319406));
#2794 = CARTESIAN_POINT('',(-18.74180364936,-1.478456817455,
    13.66997632013));
#2795 = CARTESIAN_POINT('',(-18.74742173852,-1.405646734295,
    13.586092388296));
#2796 = CARTESIAN_POINT('',(-18.75061976954,-1.362884695522,
    13.540237417493));
#2797 = CARTESIAN_POINT('',(-18.75386125521,-1.31801016306,
    13.495485559206));
#2798 = CARTESIAN_POINT('',(-18.75712817398,-1.270999004174,
    13.45194381099));
#2799 = CARTESIAN_POINT('',(-18.76040033681,-1.221833804176,
    13.409732348071));
#2800 = CARTESIAN_POINT('',(-18.76365544502,-1.170505868656,
    13.368983525125));
#2801 = CARTESIAN_POINT('',(-18.76686914812,-1.117017225705,
    13.32984087805));
#2802 = CARTESIAN_POINT('',(-18.77241714867,-1.018903641273,
    13.263915069551));
#2803 = CARTESIAN_POINT('',(-18.77477954897,-0.97517620957,
    13.236399839159));
#2804 = CARTESIAN_POINT('',(-18.7770905944,-0.930209097141,
    13.209981558448));
#2805 = CARTESIAN_POINT('',(-18.77933771199,-0.884018421743,
    13.18473478036));
#2806 = CARTESIAN_POINT('',(-18.78150770515,-0.836629026206,
    13.160737996091));
#2807 = CARTESIAN_POINT('',(-18.78358699503,-0.788075849864,
    13.138072144281));
#2808 = CARTESIAN_POINT('',(-18.78556186169,-0.738405299969,
    13.1168191202));
#2809 = CARTESIAN_POINT('',(-18.79031240614,-0.608619780717,
    13.066267620451));
#2810 = CARTESIAN_POINT('',(-18.79292102326,-0.526950694622,
    13.039087010943));
#2811 = CARTESIAN_POINT('',(-18.79519072521,-0.442945217721,
    13.015854510682));
#2812 = CARTESIAN_POINT('',(-18.79707071348,-0.356939476341,
    12.996874639267));
#2813 = CARTESIAN_POINT('',(-18.79851703327,-0.269333440769,
    12.982409274406));
#2814 = CARTESIAN_POINT('',(-18.79949648864,-0.180594589172,
    12.972659471403));
#2815 = CARTESIAN_POINT('',(-18.79999064215,-9.126166488688E-02,
    12.967740209345));
#2816 = CARTESIAN_POINT('',(-18.80000920635,8.785150994756E-02,
    12.967555416279));
#2817 = CARTESIAN_POINT('',(-18.7995283224,0.177690549024,
    12.972342601264));
#2818 = CARTESIAN_POINT('',(-18.79855634256,0.266943686702,
    12.982016172004));
#2819 = CARTESIAN_POINT('',(-18.79711166844,0.355062309766,
    12.996461239867));
#2820 = CARTESIAN_POINT('',(-18.79522784371,0.441570253096,
    13.015474614617));
#2821 = CARTESIAN_POINT('',(-18.79294946489,0.526060037288,
    13.038790665553));
#2822 = CARTESIAN_POINT('',(-18.79032816721,0.608189186011,
    13.066099903681));
#2823 = CARTESIAN_POINT('',(-18.78556186169,0.738405299965,
    13.116819120198));
#2824 = CARTESIAN_POINT('',(-18.78358699503,0.78807584986,
    13.138072144279));
#2825 = CARTESIAN_POINT('',(-18.78150770515,0.836629026202,
    13.160737996089));
#2826 = CARTESIAN_POINT('',(-18.77933771199,0.884018421739,
    13.184734780357));
#2827 = CARTESIAN_POINT('',(-18.7770905944,0.930209097137,
    13.209981558446));
#2828 = CARTESIAN_POINT('',(-18.77477954897,0.975176209566,
    13.236399839157));
#2829 = CARTESIAN_POINT('',(-18.77241714867,1.018903641269,
    13.263915069548));
#2830 = CARTESIAN_POINT('',(-18.76686914812,1.117017225701,
    13.329840878047));
#2831 = CARTESIAN_POINT('',(-18.76365544502,1.170505868652,
    13.368983525122));
#2832 = CARTESIAN_POINT('',(-18.76040033681,1.221833804172,
    13.409732348068));
#2833 = CARTESIAN_POINT('',(-18.75712817398,1.27099900417,
    13.451943810986));
#2834 = CARTESIAN_POINT('',(-18.75386125521,1.318010163056,
    13.495485559202));
#2835 = CARTESIAN_POINT('',(-18.75061976954,1.362884695518,
    13.540237417489));
#2836 = CARTESIAN_POINT('',(-18.74742173852,1.405646734291,
    13.586092388292));
#2837 = CARTESIAN_POINT('',(-18.73454964901,1.572468207164,
    13.778286112726));
#2838 = CARTESIAN_POINT('',(-18.72540273711,1.678363857199,
    13.933085849363));
#2839 = CARTESIAN_POINT('',(-18.71729349066,1.765238531884,
    14.094819551583));
#2840 = CARTESIAN_POINT('',(-18.71054230954,1.833786178714,
    14.261522628489));
#2841 = CARTESIAN_POINT('',(-18.70536198224,1.884684452459,
    14.431540408221));
#2842 = CARTESIAN_POINT('',(-18.70187003586,1.918422442554,14.6035748873
    ));
#2843 = CARTESIAN_POINT('',(-18.70011821747,1.935349749399,
    14.776619535317));
#2844 = CARTESIAN_POINT('',(-18.70011821747,1.935349749399,14.95));
#2845 = PCURVE('',#222,#2846);
#2846 = DEFINITIONAL_REPRESENTATION('',(#2847),#2983);
#2847 = B_SPLINE_CURVE_WITH_KNOTS('',8,(#2848,#2849,#2850,#2851,#2852,
    #2853,#2854,#2855,#2856,#2857,#2858,#2859,#2860,#2861,#2862,#2863,
    #2864,#2865,#2866,#2867,#2868,#2869,#2870,#2871,#2872,#2873,#2874,
    #2875,#2876,#2877,#2878,#2879,#2880,#2881,#2882,#2883,#2884,#2885,
    #2886,#2887,#2888,#2889,#2890,#2891,#2892,#2893,#2894,#2895,#2896,
    #2897,#2898,#2899,#2900,#2901,#2902,#2903,#2904,#2905,#2906,#2907,
    #2908,#2909,#2910,#2911,#2912,#2913,#2914,#2915,#2916,#2917,#2918,
    #2919,#2920,#2921,#2922,#2923,#2924,#2925,#2926,#2927,#2928,#2929,
    #2930,#2931,#2932,#2933,#2934,#2935,#2936,#2937,#2938,#2939,#2940,
    #2941,#2942,#2943,#2944,#2945,#2946,#2947,#2948,#2949,#2950,#2951,
    #2952,#2953,#2954,#2955,#2956,#2957,#2958,#2959,#2960,#2961,#2962,
    #2963,#2964,#2965,#2966,#2967,#2968,#2969,#2970,#2971,#2972,#2973,
    #2974,#2975,#2976,#2977,#2978,#2979,#2980,#2981,#2982),
  .UNSPECIFIED.,.T.,.F.,(1,8,7,7,7,7,7,7,7,7,7,7,7,7,7,7,7,7,7,7,8,1),(
    -0.127993660213,0.,0.127956077631,0.169233545206,0.200750354539,
    0.249866940727,0.299251290762,0.330768255271,0.37204592608,
    0.404650982081,0.499996847134,0.5691498314,0.595328388463,
    0.627931305141,0.669206267589,0.700721164168,0.749834769472,
    0.799216122372,0.830731174118,0.872006339787,1.,1.127956077631),
  .UNSPECIFIED.);
#2848 = CARTESIAN_POINT('',(3.244719486801,-4.95));
#2849 = CARTESIAN_POINT('',(3.244719486801,-5.123638988388));
#2850 = CARTESIAN_POINT('',(3.243811594376,-5.296705763908));
#2851 = CARTESIAN_POINT('',(3.242006310497,-5.468670909735));
#2852 = CARTESIAN_POINT('',(3.239285551368,-5.638600013048));
#2853 = CARTESIAN_POINT('',(3.23562292468,-5.805245398655));
#2854 = CARTESIAN_POINT('',(3.230982904559,-5.966962494112));
#2855 = CARTESIAN_POINT('',(3.225328263682,-6.12176466195));
#2856 = CARTESIAN_POINT('',(3.216430756025,-6.313907611705));
#2857 = CARTESIAN_POINT('',(3.214149833808,-6.359762582508));
#2858 = CARTESIAN_POINT('',(3.211756684519,-6.404514440795));
#2859 = CARTESIAN_POINT('',(3.209250079846,-6.448056189011));
#2860 = CARTESIAN_POINT('',(3.206629148146,-6.49026765193));
#2861 = CARTESIAN_POINT('',(3.203893478541,-6.531016474876));
#2862 = CARTESIAN_POINT('',(3.201043225008,-6.570159121951));
#2863 = CARTESIAN_POINT('',(3.195816080336,-6.63608493045));
#2864 = CARTESIAN_POINT('',(3.193486768448,-6.663600160841));
#2865 = CARTESIAN_POINT('',(3.191091757996,-6.690018441553));
#2866 = CARTESIAN_POINT('',(3.188631920529,-6.715265219641));
#2867 = CARTESIAN_POINT('',(3.18610858801,-6.73926200391));
#2868 = CARTESIAN_POINT('',(3.183523624877,-6.761927855719));
#2869 = CARTESIAN_POINT('',(3.180879500102,-6.7831808798));
#2870 = CARTESIAN_POINT('',(3.173971391999,-6.833732379549));
#2871 = CARTESIAN_POINT('',(3.169625123328,-6.860912989058));
#2872 = CARTESIAN_POINT('',(3.16515520757,-6.884145489318));
#2873 = CARTESIAN_POINT('',(3.160579465909,-6.903125360733));
#2874 = CARTESIAN_POINT('',(3.155919071897,-6.917590725594));
#2875 = CARTESIAN_POINT('',(3.15119875148,-6.927340528597));
#2876 = CARTESIAN_POINT('',(3.146446997493,-6.932259790655));
#2877 = CARTESIAN_POINT('',(3.136919700908,-6.932444583721));
#2878 = CARTESIAN_POINT('',(3.132141031295,-6.927657398736));
#2879 = CARTESIAN_POINT('',(3.127393363312,-6.917983827996));
#2880 = CARTESIAN_POINT('',(3.122705711579,-6.903538760133));
#2881 = CARTESIAN_POINT('',(3.118103261166,-6.884525385383));
#2882 = CARTESIAN_POINT('',(3.113607582878,-6.861209334447));
#2883 = CARTESIAN_POINT('',(3.109236834493,-6.833900096319));
#2884 = CARTESIAN_POINT('',(3.102305807079,-6.783180879801));
#2885 = CARTESIAN_POINT('',(3.099661682303,-6.76192785572));
#2886 = CARTESIAN_POINT('',(3.097076719171,-6.739262003911));
#2887 = CARTESIAN_POINT('',(3.094553386652,-6.715265219642));
#2888 = CARTESIAN_POINT('',(3.092093549184,-6.690018441553));
#2889 = CARTESIAN_POINT('',(3.089698538733,-6.663600160842));
#2890 = CARTESIAN_POINT('',(3.087369226844,-6.636084930451));
#2891 = CARTESIAN_POINT('',(3.082142082173,-6.570159121952));
#2892 = CARTESIAN_POINT('',(3.079291828639,-6.531016474877));
#2893 = CARTESIAN_POINT('',(3.076556159034,-6.490267651931));
#2894 = CARTESIAN_POINT('',(3.073935227335,-6.448056189012));
#2895 = CARTESIAN_POINT('',(3.071428622662,-6.404514440796));
#2896 = CARTESIAN_POINT('',(3.069035473373,-6.35976258251));
#2897 = CARTESIAN_POINT('',(3.066754551156,-6.313907611707));
#2898 = CARTESIAN_POINT('',(3.062870162336,-6.230023679873));
#2899 = CARTESIAN_POINT('',(3.061225145443,-6.192376805943));
#2900 = CARTESIAN_POINT('',(3.059648632285,-6.154148682997));
#2901 = CARTESIAN_POINT('',(3.058139918654,-6.115383136937));
#2902 = CARTESIAN_POINT('',(3.05669829338,-6.076120884884));
#2903 = CARTESIAN_POINT('',(3.055323043422,-6.036399555242));
#2904 = CARTESIAN_POINT('',(3.054013458954,-5.99625370776));
#2905 = CARTESIAN_POINT('',(3.04912923672,-5.837168450286));
#2906 = CARTESIAN_POINT('',(3.046046486338,-5.715304384962));
#2907 = CARTESIAN_POINT('',(3.043500976189,-5.590866126058));
#2908 = CARTESIAN_POINT('',(3.04147921655,-5.464495766903));
#2909 = CARTESIAN_POINT('',(3.039970787326,-5.336759546183));
#2910 = CARTESIAN_POINT('',(3.038967780072,-5.208155394361));
#2911 = CARTESIAN_POINT('',(3.038465828274,-5.079113678846));
#2912 = CARTESIAN_POINT('',(3.038465814654,-4.856359710146));
#2913 = CARTESIAN_POINT('',(3.038729858033,-4.762735066127));
#2914 = CARTESIAN_POINT('',(3.039257769122,-4.669281949137));
#2915 = CARTESIAN_POINT('',(3.040050672509,-4.576166908188));
#2916 = CARTESIAN_POINT('',(3.041110673707,-4.483569613784));
#2917 = CARTESIAN_POINT('',(3.042440750448,-4.39168373082));
#2918 = CARTESIAN_POINT('',(3.044044860294,-4.30071853149));
#2919 = CARTESIAN_POINT('',(3.046641246213,-4.176900013067));
#2920 = CARTESIAN_POINT('',(3.047394234468,-4.143064189016));
#2921 = CARTESIAN_POINT('',(3.048187504482,-4.10940641975));
#2922 = CARTESIAN_POINT('',(3.049021347497,-4.075940123578));
#2923 = CARTESIAN_POINT('',(3.049896070869,-4.042679493392));
#2924 = CARTESIAN_POINT('',(3.050811998073,-4.009639496667));
#2925 = CARTESIAN_POINT('',(3.051769468699,-3.976835875459));
#2926 = CARTESIAN_POINT('',(3.054013458954,-3.903746292244));
#2927 = CARTESIAN_POINT('',(3.055323043422,-3.863600444762));
#2928 = CARTESIAN_POINT('',(3.05669829338,-3.82387911512));
#2929 = CARTESIAN_POINT('',(3.058139918654,-3.784616863067));
#2930 = CARTESIAN_POINT('',(3.059648632285,-3.745851317006));
#2931 = CARTESIAN_POINT('',(3.061225145443,-3.70762319406));
#2932 = CARTESIAN_POINT('',(3.062870162336,-3.66997632013));
#2933 = CARTESIAN_POINT('',(3.066754551156,-3.586092388296));
#2934 = CARTESIAN_POINT('',(3.069035473373,-3.540237417493));
#2935 = CARTESIAN_POINT('',(3.071428622661,-3.495485559206));
#2936 = CARTESIAN_POINT('',(3.073935227334,-3.45194381099));
#2937 = CARTESIAN_POINT('',(3.076556159034,-3.409732348071));
#2938 = CARTESIAN_POINT('',(3.079291828639,-3.368983525125));
#2939 = CARTESIAN_POINT('',(3.082142082172,-3.32984087805));
#2940 = CARTESIAN_POINT('',(3.087369226844,-3.263915069551));
#2941 = CARTESIAN_POINT('',(3.089698538733,-3.236399839159));
#2942 = CARTESIAN_POINT('',(3.092093549184,-3.209981558448));
#2943 = CARTESIAN_POINT('',(3.094553386651,-3.18473478036));
#2944 = CARTESIAN_POINT('',(3.097076719171,-3.160737996091));
#2945 = CARTESIAN_POINT('',(3.099661682303,-3.138072144281));
#2946 = CARTESIAN_POINT('',(3.102305807078,-3.1168191202));
#2947 = CARTESIAN_POINT('',(3.109213915181,-3.066267620451));
#2948 = CARTESIAN_POINT('',(3.113560183853,-3.039087010943));
#2949 = CARTESIAN_POINT('',(3.11803009961,-3.015854510682));
#2950 = CARTESIAN_POINT('',(3.122605841272,-2.996874639267));
#2951 = CARTESIAN_POINT('',(3.127266235283,-2.982409274406));
#2952 = CARTESIAN_POINT('',(3.1319865557,-2.972659471403));
#2953 = CARTESIAN_POINT('',(3.136738309688,-2.967740209345));
#2954 = CARTESIAN_POINT('',(3.146265606272,-2.967555416279));
#2955 = CARTESIAN_POINT('',(3.151044275886,-2.972342601264));
#2956 = CARTESIAN_POINT('',(3.155791943868,-2.982016172004));
#2957 = CARTESIAN_POINT('',(3.160479595601,-2.996461239867));
#2958 = CARTESIAN_POINT('',(3.165082046015,-3.015474614617));
#2959 = CARTESIAN_POINT('',(3.169577724302,-3.038790665553));
#2960 = CARTESIAN_POINT('',(3.173948472687,-3.066099903681));
#2961 = CARTESIAN_POINT('',(3.180879500102,-3.116819120198));
#2962 = CARTESIAN_POINT('',(3.183523624877,-3.138072144279));
#2963 = CARTESIAN_POINT('',(3.18610858801,-3.160737996089));
#2964 = CARTESIAN_POINT('',(3.188631920529,-3.184734780357));
#2965 = CARTESIAN_POINT('',(3.191091757996,-3.209981558446));
#2966 = CARTESIAN_POINT('',(3.193486768447,-3.236399839157));
#2967 = CARTESIAN_POINT('',(3.195816080336,-3.263915069548));
#2968 = CARTESIAN_POINT('',(3.201043225008,-3.329840878048));
#2969 = CARTESIAN_POINT('',(3.203893478541,-3.368983525122));
#2970 = CARTESIAN_POINT('',(3.206629148146,-3.409732348068));
#2971 = CARTESIAN_POINT('',(3.209250079846,-3.451943810986));
#2972 = CARTESIAN_POINT('',(3.211756684519,-3.495485559202));
#2973 = CARTESIAN_POINT('',(3.214149833808,-3.540237417489));
#2974 = CARTESIAN_POINT('',(3.216430756025,-3.586092388292));
#2975 = CARTESIAN_POINT('',(3.225330614891,-3.778286112726));
#2976 = CARTESIAN_POINT('',(3.230984099143,-3.933085849363));
#2977 = CARTESIAN_POINT('',(3.235625045182,-4.094819551584));
#2978 = CARTESIAN_POINT('',(3.239288789838,-4.261522628487));
#2979 = CARTESIAN_POINT('',(3.242010129328,-4.431540408222));
#2980 = CARTESIAN_POINT('',(3.243814289064,-4.603574887299));
#2981 = CARTESIAN_POINT('',(3.244719486801,-4.776619535317));
#2982 = CARTESIAN_POINT('',(3.244719486801,-4.95));
#2983 = ( GEOMETRIC_REPRESENTATION_CONTEXT(2) 
PARAMETRIC_REPRESENTATION_CONTEXT() REPRESENTATION_CONTEXT('2D SPACE',''
  ) );
#2984 = PCURVE('',#2985,#2990);
#2985 = CYLINDRICAL_SURFACE('',#2986,18.8);
#2986 = AXIS2_PLACEMENT_3D('',#2987,#2988,#2989);
#2987 = CARTESIAN_POINT('',(0.,0.,10.));
#2988 = DIRECTION('',(-0.,-0.,-1.));
#2989 = DIRECTION('',(1.,0.,0.));
#2990 = DEFINITIONAL_REPRESENTATION('',(#2991),#3201);
#2991 = B_SPLINE_CURVE_WITH_KNOTS('',10,(#2992,#2993,#2994,#2995,#2996,
    #2997,#2998,#2999,#3000,#3001,#3002,#3003,#3004,#3005,#3006,#3007,
    #3008,#3009,#3010,#3011,#3012,#3013,#3014,#3015,#3016,#3017,#3018,
    #3019,#3020,#3021,#3022,#3023,#3024,#3025,#3026,#3027,#3028,#3029,
    #3030,#3031,#3032,#3033,#3034,#3035,#3036,#3037,#3038,#3039,#3040,
    #3041,#3042,#3043,#3044,#3045,#3046,#3047,#3048,#3049,#3050,#3051,
    #3052,#3053,#3054,#3055,#3056,#3057,#3058,#3059,#3060,#3061,#3062,
    #3063,#3064,#3065,#3066,#3067,#3068,#3069,#3070,#3071,#3072,#3073,
    #3074,#3075,#3076,#3077,#3078,#3079,#3080,#3081,#3082,#3083,#3084,
    #3085,#3086,#3087,#3088,#3089,#3090,#3091,#3092,#3093,#3094,#3095,
    #3096,#3097,#3098,#3099,#3100,#3101,#3102,#3103,#3104,#3105,#3106,
    #3107,#3108,#3109,#3110,#3111,#3112,#3113,#3114,#3115,#3116,#3117,
    #3118,#3119,#3120,#3121,#3122,#3123,#3124,#3125,#3126,#3127,#3128,
    #3129,#3130,#3131,#3132,#3133,#3134,#3135,#3136,#3137,#3138,#3139,
    #3140,#3141,#3142,#3143,#3144,#3145,#3146,#3147,#3148,#3149,#3150,
    #3151,#3152,#3153,#3154,#3155,#3156,#3157,#3158,#3159,#3160,#3161,
    #3162,#3163,#3164,#3165,#3166,#3167,#3168,#3169,#3170,#3171,#3172,
    #3173,#3174,#3175,#3176,#3177,#3178,#3179,#3180,#3181,#3182,#3183,
    #3184,#3185,#3186,#3187,#3188,#3189,#3190,#3191,#3192,#3193,#3194,
    #3195,#3196,#3197,#3198,#3199,#3200),.UNSPECIFIED.,.T.,.F.,(11,9,9,9
    ,9,9,9,9,9,9,9,9,9,9,9,9,9,9,9,9,9,9,9,11),(0.,0.125,0.15234375,
    0.178833007813,0.204494476318,0.254213571549,0.300825223327,
    0.344523646869,0.38549091894,0.404694327723,0.479107536757,
    0.495385426234,0.511154631664,0.572260302706,0.625727764868,
    0.672511794259,0.692979807118,0.712168569173,0.748147498027,
    0.779629060773,0.807175428177,0.855381571132,0.873458874741,1.),
  .UNSPECIFIED.);
#2992 = CARTESIAN_POINT('',(-3.038465820379,-4.95));
#2993 = CARTESIAN_POINT('',(-3.038465820379,-5.085702024947));
#2994 = CARTESIAN_POINT('',(-3.039004893208,-5.221064732825));
#2995 = CARTESIAN_POINT('',(-3.040078663961,-5.355855419365));
#2996 = CARTESIAN_POINT('',(-3.041690890603,-5.489725113482));
#2997 = CARTESIAN_POINT('',(-3.043850536477,-5.622213447653));
#2998 = CARTESIAN_POINT('',(-3.046569672193,-5.752753036415));
#2999 = CARTESIAN_POINT('',(-3.049862320039,-5.880669340938));
#3000 = CARTESIAN_POINT('',(-3.053744354097,-6.005171997681));
#3001 = CARTESIAN_POINT('',(-3.058234569207,-6.125333589081));
#3002 = CARTESIAN_POINT('',(-3.06447757069,-6.265146450408));
#3003 = CARTESIAN_POINT('',(-3.065628326189,-6.28997977735));
#3004 = CARTESIAN_POINT('',(-3.066810155666,-6.314552910801));
#3005 = CARTESIAN_POINT('',(-3.068020153209,-6.338785853353));
#3006 = CARTESIAN_POINT('',(-3.069264200982,-6.362789903767));
#3007 = CARTESIAN_POINT('',(-3.070535824925,-6.386404026882));
#3008 = CARTESIAN_POINT('',(-3.07184045561,-6.409730113402));
#3009 = CARTESIAN_POINT('',(-3.073175298505,-6.43268726315));
#3010 = CARTESIAN_POINT('',(-3.074541491548,-6.455282001565));
#3011 = CARTESIAN_POINT('',(-3.077292552288,-6.499006727704));
#3012 = CARTESIAN_POINT('',(-3.078675535974,-6.52016104581));
#3013 = CARTESIAN_POINT('',(-3.080087812138,-6.540937674511));
#3014 = CARTESIAN_POINT('',(-3.081529421087,-6.561320066174));
#3015 = CARTESIAN_POINT('',(-3.08300038236,-6.581291111775));
#3016 = CARTESIAN_POINT('',(-3.084500657058,-6.600832732004));
#3017 = CARTESIAN_POINT('',(-3.086030128237,-6.619925739318));
#3018 = CARTESIAN_POINT('',(-3.087588599367,-6.638549970925));
#3019 = CARTESIAN_POINT('',(-3.089175810852,-6.656684692718));
#3020 = CARTESIAN_POINT('',(-3.092356648885,-6.691383087402));
#3021 = CARTESIAN_POINT('',(-3.093948465378,-6.707977661664));
#3022 = CARTESIAN_POINT('',(-3.095566956615,-6.724076139147));
#3023 = CARTESIAN_POINT('',(-3.097211055362,-6.739653745422));
#3024 = CARTESIAN_POINT('',(-3.098880883938,-6.754694420043));
#3025 = CARTESIAN_POINT('',(-3.100576258907,-6.769180126951));
#3026 = CARTESIAN_POINT('',(-3.10229591865,-6.783085502109));
#3027 = CARTESIAN_POINT('',(-3.104038784297,-6.796387237745));
#3028 = CARTESIAN_POINT('',(-3.105805367516,-6.809074344515));
#3029 = CARTESIAN_POINT('',(-3.111060185247,-6.844464845982));
#3030 = CARTESIAN_POINT('',(-3.114609748626,-6.865408657342));
#3031 = CARTESIAN_POINT('',(-3.118235777735,-6.883795766511));
#3032 = CARTESIAN_POINT('',(-3.121928630142,-6.899483729754));
#3033 = CARTESIAN_POINT('',(-3.125678427814,-6.912343719308));
#3034 = CARTESIAN_POINT('',(-3.129474723598,-6.922264726503));
#3035 = CARTESIAN_POINT('',(-3.133305176915,-6.92916090331));
#3036 = CARTESIAN_POINT('',(-3.137154834217,-6.932979194977));
#3037 = CARTESIAN_POINT('',(-3.141007609739,-6.933704416416));
#3038 = CARTESIAN_POINT('',(-3.148455267442,-6.929160026779));
#3039 = CARTESIAN_POINT('',(-3.152050773435,-6.92426121475));
#3040 = CARTESIAN_POINT('',(-3.155625046929,-6.916686065902));
#3041 = CARTESIAN_POINT('',(-3.159170310362,-6.906452775002));
#3042 = CARTESIAN_POINT('',(-3.162666763179,-6.893710260629));
#3043 = CARTESIAN_POINT('',(-3.166122965398,-6.87840326014));
#3044 = CARTESIAN_POINT('',(-3.169507377694,-6.860826039803));
#3045 = CARTESIAN_POINT('',(-3.172834466051,-6.840920079121));
#3046 = CARTESIAN_POINT('',(-3.176082855241,-6.818932650607));
#3047 = CARTESIAN_POINT('',(-3.182227276401,-6.772450798729));
#3048 = CARTESIAN_POINT('',(-3.185132259221,-6.748201754331));
#3049 = CARTESIAN_POINT('',(-3.187965548221,-6.722294594972));
#3050 = CARTESIAN_POINT('',(-3.190723962152,-6.694834273336));
#3051 = CARTESIAN_POINT('',(-3.193405548239,-6.665918925612));
#3052 = CARTESIAN_POINT('',(-3.196008971612,-6.635643630175));
#3053 = CARTESIAN_POINT('',(-3.198533085484,-6.604102574853));
#3054 = CARTESIAN_POINT('',(-3.200977213061,-6.571384047416));
#3055 = CARTESIAN_POINT('',(-3.203341571779,-6.537564487004));
#3056 = CARTESIAN_POINT('',(-3.207767980903,-6.470052629504));
#3057 = CARTESIAN_POINT('',(-3.20983967959,-6.436484803843));
#3058 = CARTESIAN_POINT('',(-3.211841432733,-6.402076335967));
#3059 = CARTESIAN_POINT('',(-3.213773323658,-6.366888638953));
#3060 = CARTESIAN_POINT('',(-3.215635833028,-6.330974644793));
#3061 = CARTESIAN_POINT('',(-3.217429616181,-6.294381812417));
#3062 = CARTESIAN_POINT('',(-3.219155256002,-6.257156274745));
#3063 = CARTESIAN_POINT('',(-3.220813282834,-6.219342818861));
#3064 = CARTESIAN_POINT('',(-3.222404365642,-6.180981695042));
#3065 = CARTESIAN_POINT('',(-3.224643953305,-6.123888234919));
#3066 = CARTESIAN_POINT('',(-3.225344155076,-6.105554675473));
#3067 = CARTESIAN_POINT('',(-3.226029863607,-6.087112755743));
#3068 = CARTESIAN_POINT('',(-3.226701146505,-6.068566218978));
#3069 = CARTESIAN_POINT('',(-3.227358071721,-6.049918675619));
#3070 = CARTESIAN_POINT('',(-3.22800070729,-6.031173609351));
#3071 = CARTESIAN_POINT('',(-3.228629121078,-6.01233438314));
#3072 = CARTESIAN_POINT('',(-3.22924338052,-5.993404245289));
#3073 = CARTESIAN_POINT('',(-3.22984355237,-5.974386335475));
#3074 = CARTESIAN_POINT('',(-3.232701033957,-5.881260942694));
#3075 = CARTESIAN_POINT('',(-3.23476134026,-5.805981591951));
#3076 = CARTESIAN_POINT('',(-3.236614959884,-5.729610411471));
#3077 = CARTESIAN_POINT('',(-3.238265492856,-5.652299862937));
#3078 = CARTESIAN_POINT('',(-3.239715973158,-5.574191445007));
#3079 = CARTESIAN_POINT('',(-3.240968987355,-5.495416762978));
#3080 = CARTESIAN_POINT('',(-3.242026739406,-5.416098319892));
#3081 = CARTESIAN_POINT('',(-3.242891061654,-5.336350029118));
#3082 = CARTESIAN_POINT('',(-3.24356337198,-5.256277448382));
#3083 = CARTESIAN_POINT('',(-3.244149840775,-5.158412173019));
#3084 = CARTESIAN_POINT('',(-3.244245959846,-5.140835743588));
#3085 = CARTESIAN_POINT('',(-3.244332943937,-5.123249465147));
#3086 = CARTESIAN_POINT('',(-3.244410801506,-5.105654337128));
#3087 = CARTESIAN_POINT('',(-3.244479539848,-5.088051340358));
#3088 = CARTESIAN_POINT('',(-3.244539165051,-5.070441437177));
#3089 = CARTESIAN_POINT('',(-3.244589681947,-5.052825571575));
#3090 = CARTESIAN_POINT('',(-3.244631094071,-5.035204669314));
#3091 = CARTESIAN_POINT('',(-3.244663403614,-5.017579638062));
#3092 = CARTESIAN_POINT('',(-3.244709093905,-4.982873980425));
#3093 = CARTESIAN_POINT('',(-3.244723034701,-4.96579407929));
#3094 = CARTESIAN_POINT('',(-3.244728434752,-4.948710062507));
#3095 = CARTESIAN_POINT('',(-3.244725291569,-4.931625331085));
#3096 = CARTESIAN_POINT('',(-3.24471360452,-4.91454264772));
#3097 = CARTESIAN_POINT('',(-3.244693374863,-4.897462766265));
#3098 = CARTESIAN_POINT('',(-3.244664603166,-4.880385505115));
#3099 = CARTESIAN_POINT('',(-3.244627286809,-4.863311437948));
#3100 = CARTESIAN_POINT('',(-3.244581420241,-4.846242375342));
#3101 = CARTESIAN_POINT('',(-3.244316124912,-4.763057497762));
#3102 = CARTESIAN_POINT('',(-3.24397682181,-4.697019896375));
#3103 = CARTESIAN_POINT('',(-3.243508794831,-4.631117111394));
#3104 = CARTESIAN_POINT('',(-3.242911649693,-4.56540864983));
#3105 = CARTESIAN_POINT('',(-3.242184618079,-4.499949312614));
#3106 = CARTESIAN_POINT('',(-3.241326785653,-4.43479873129));
#3107 = CARTESIAN_POINT('',(-3.240337177765,-4.370025267699));
#3108 = CARTESIAN_POINT('',(-3.239214542827,-4.305697333153));
#3109 = CARTESIAN_POINT('',(-3.237957160004,-4.241876521914));
#3110 = CARTESIAN_POINT('',(-3.235344018471,-4.123323591235));
#3111 = CARTESIAN_POINT('',(-3.234020191321,-4.068451880299));
#3112 = CARTESIAN_POINT('',(-3.232590879092,-4.014085815901));
#3113 = CARTESIAN_POINT('',(-3.231054854272,-3.960281627086));
#3114 = CARTESIAN_POINT('',(-3.229410788128,-3.90709983963));
#3115 = CARTESIAN_POINT('',(-3.22765726457,-3.854606075261));
#3116 = CARTESIAN_POINT('',(-3.225792805583,-3.802871925944));
#3117 = CARTESIAN_POINT('',(-3.223815908205,-3.751975903219));
#3118 = CARTESIAN_POINT('',(-3.221725093062,-3.702004462593));
#3119 = CARTESIAN_POINT('',(-3.217588601945,-3.610220663342));
#3120 = CARTESIAN_POINT('',(-3.215569918405,-3.568168809413));
#3121 = CARTESIAN_POINT('',(-3.21346225717,-3.526965674132));
#3122 = CARTESIAN_POINT('',(-3.211264427483,-3.486675452976));
#3123 = CARTESIAN_POINT('',(-3.208975591555,-3.447372135794));
#3124 = CARTESIAN_POINT('',(-3.206595377565,-3.409140971834));
#3125 = CARTESIAN_POINT('',(-3.204123626448,-3.372073836058));
#3126 = CARTESIAN_POINT('',(-3.201560180289,-3.336264664839));
#3127 = CARTESIAN_POINT('',(-3.198905120176,-3.301811129118));
#3128 = CARTESIAN_POINT('',(-3.19495881059,-3.254398906141));
#3129 = CARTESIAN_POINT('',(-3.193740486762,-3.240250507105));
#3130 = CARTESIAN_POINT('',(-3.192504978677,-3.226392696254));
#3131 = CARTESIAN_POINT('',(-3.191252399989,-3.212834938709));
#3132 = CARTESIAN_POINT('',(-3.189982891032,-3.199586946203));
#3133 = CARTESIAN_POINT('',(-3.188696620665,-3.186658638797));
#3134 = CARTESIAN_POINT('',(-3.187393788125,-3.174060106596));
#3135 = CARTESIAN_POINT('',(-3.186074624871,-3.161801571469));
#3136 = CARTESIAN_POINT('',(-3.184739396436,-3.14989334876));
#3137 = CARTESIAN_POINT('',(-3.182121849118,-3.127519990494));
#3138 = CARTESIAN_POINT('',(-3.180841475454,-3.117011420874));
#3139 = CARTESIAN_POINT('',(-3.179547274823,-3.106826885359));
#3140 = CARTESIAN_POINT('',(-3.178240179091,-3.096979592028));
#3141 = CARTESIAN_POINT('',(-3.176919985043,-3.087474371301));
#3142 = CARTESIAN_POINT('',(-3.175586531008,-3.078316385011));
#3143 = CARTESIAN_POINT('',(-3.17424055506,-3.069517159323));
#3144 = CARTESIAN_POINT('',(-3.172882992028,-3.061089020828));
#3145 = CARTESIAN_POINT('',(-3.171513794217,-3.053036280288));
#3146 = CARTESIAN_POINT('',(-3.167545990107,-3.030992198566));
#3147 = CARTESIAN_POINT('',(-3.164919831144,-3.017969203219));
#3148 = CARTESIAN_POINT('',(-3.162258596737,-3.006353060299));
#3149 = CARTESIAN_POINT('',(-3.15956599218,-2.996193269006));
#3150 = CARTESIAN_POINT('',(-3.156846052798,-2.987534437976));
#3151 = CARTESIAN_POINT('',(-3.154103153864,-2.980415168254));
#3152 = CARTESIAN_POINT('',(-3.151342020516,-2.974866936263));
#3153 = CARTESIAN_POINT('',(-3.148567737682,-2.970912976778));
#3154 = CARTESIAN_POINT('',(-3.145785759999,-2.968567165899));
#3155 = CARTESIAN_POINT('',(-3.140566063243,-2.967190424875));
#3156 = CARTESIAN_POINT('',(-3.13812850111,-2.967781393433));
#3157 = CARTESIAN_POINT('',(-3.135692841243,-2.96960881413));
#3158 = CARTESIAN_POINT('',(-3.133262726232,-2.972669062002));
#3159 = CARTESIAN_POINT('',(-3.130841766007,-2.976952484132));
#3160 = CARTESIAN_POINT('',(-3.128433468504,-2.982444001093));
#3161 = CARTESIAN_POINT('',(-3.126041170329,-2.989123708401));
#3162 = CARTESIAN_POINT('',(-3.123667967421,-2.996967477958));
#3163 = CARTESIAN_POINT('',(-3.121316645714,-3.005947559497));
#3164 = CARTESIAN_POINT('',(-3.116953457141,-3.024858101758));
#3165 = CARTESIAN_POINT('',(-3.11493596929,-3.034529574026));
#3166 = CARTESIAN_POINT('',(-3.112939078899,-3.045025129701));
#3167 = CARTESIAN_POINT('',(-3.110963322979,-3.056332519976));
#3168 = CARTESIAN_POINT('',(-3.109014128102,-3.068393310939));
#3169 = CARTESIAN_POINT('',(-3.107084133662,-3.081255616911));
#3170 = CARTESIAN_POINT('',(-3.105187485024,-3.094789438881));
#3171 = CARTESIAN_POINT('',(-3.103313952102,-3.109054811372));
#3172 = CARTESIAN_POINT('',(-3.10146930796,-3.123989690883));
#3173 = CARTESIAN_POINT('',(-3.096474879184,-3.166854896332));
#3174 = CARTESIAN_POINT('',(-3.093384186417,-3.196128461899));
#3175 = CARTESIAN_POINT('',(-3.090384952727,-3.227263180486));
#3176 = CARTESIAN_POINT('',(-3.087480196508,-3.260121055593));
#3177 = CARTESIAN_POINT('',(-3.084671115226,-3.294582918534));
#3178 = CARTESIAN_POINT('',(-3.081959390995,-3.330518315113));
#3179 = CARTESIAN_POINT('',(-3.079345598964,-3.367811321865));
#3180 = CARTESIAN_POINT('',(-3.076828497014,-3.406374546071));
#3181 = CARTESIAN_POINT('',(-3.074408638804,-3.44609968349));
#3182 = CARTESIAN_POINT('',(-3.071213824768,-3.502201913958));
#3183 = CARTESIAN_POINT('',(-3.070356061505,-3.517653978137));
#3184 = CARTESIAN_POINT('',(-3.069511845277,-3.533252121948));
#3185 = CARTESIAN_POINT('',(-3.068681093451,-3.54899287559));
#3186 = CARTESIAN_POINT('',(-3.067863770966,-3.564871721261));
#3187 = CARTESIAN_POINT('',(-3.067059874204,-3.580883461752));
#3188 = CARTESIAN_POINT('',(-3.066269360135,-3.597023864098));
#3189 = CARTESIAN_POINT('',(-3.065492109754,-3.613290530314));
#3190 = CARTESIAN_POINT('',(-3.064728014808,-3.62968094724));
#3191 = CARTESIAN_POINT('',(-3.058722110826,-3.761718709556));
#3192 = CARTESIAN_POINT('',(-3.054118811556,-3.882907167583));
#3193 = CARTESIAN_POINT('',(-3.05013964484,-4.008623444681));
#3194 = CARTESIAN_POINT('',(-3.04676475719,-4.137912640294));
#3195 = CARTESIAN_POINT('',(-3.043978085528,-4.269951412623));
#3196 = CARTESIAN_POINT('',(-3.041765499392,-4.404026495823));
#3197 = CARTESIAN_POINT('',(-3.040114686345,-4.539526828305));
#3198 = CARTESIAN_POINT('',(-3.039016291281,-4.675943248391));
#3199 = CARTESIAN_POINT('',(-3.038465820379,-4.812869713625));
#3200 = CARTESIAN_POINT('',(-3.038465820379,-4.95));
#3201 = ( GEOMETRIC_REPRESENTATION_CONTEXT(2) 
PARAMETRIC_REPRESENTATION_CONTEXT() REPRESENTATION_CONTEXT('2D SPACE',''
  ) );
#3202 = FACE_BOUND('',#3203,.T.);
#3203 = EDGE_LOOP('',(#3204));
#3204 = ORIENTED_EDGE('',*,*,#3205,.T.);
#3205 = EDGE_CURVE('',#3206,#3206,#3208,.T.);
#3206 = VERTEX_POINT('',#3207);
#3207 = CARTESIAN_POINT('',(-12.03706497015,14.441228026187,14.95));
#3208 = SURFACE_CURVE('',#3209,(#3254,#3327),.PCURVE_S1.);
#3209 = B_SPLINE_CURVE_WITH_KNOTS('',7,(#3210,#3211,#3212,#3213,#3214,
    #3215,#3216,#3217,#3218,#3219,#3220,#3221,#3222,#3223,#3224,#3225,
    #3226,#3227,#3228,#3229,#3230,#3231,#3232,#3233,#3234,#3235,#3236,
    #3237,#3238,#3239,#3240,#3241,#3242,#3243,#3244,#3245,#3246,#3247,
    #3248,#3249,#3250,#3251,#3252,#3253),.UNSPECIFIED.,.T.,.F.,(8,6,6,6,
    6,6,6,8),(0.49996448686,0.662067944861,0.785494620966,0.911278526676
    ,1.077965087517,1.214181385282,1.34721236842,1.49996448686),
  .UNSPECIFIED.);
#3210 = CARTESIAN_POINT('',(-12.03706497015,14.441228026187,14.95));
#3211 = CARTESIAN_POINT('',(-12.03706497015,14.441228026187,
    15.166324421353));
#3212 = CARTESIAN_POINT('',(-12.06183583975,14.420580601609,
    15.382559823153));
#3213 = CARTESIAN_POINT('',(-12.11133926047,14.379320422691,
    15.595693660686));
#3214 = CARTESIAN_POINT('',(-12.18617707257,14.316483076124,
    15.802351028494));
#3215 = CARTESIAN_POINT('',(-12.28711566383,14.230545752927,
    15.997802029488));
#3216 = CARTESIAN_POINT('',(-12.41470781357,14.119407075986,
    16.175537995648));
#3217 = CARTESIAN_POINT('',(-12.68516008304,13.876290060286,
    16.439380697122));
#3218 = CARTESIAN_POINT('',(-12.82022262708,13.75281562918,
    16.540265205187));
#3219 = CARTESIAN_POINT('',(-12.96978620558,13.613031419635,
    16.617234843536));
#3220 = CARTESIAN_POINT('',(-13.12801380882,13.460966177235,
    16.663085794626));
#3221 = CARTESIAN_POINT('',(-13.2880764553,13.302284011847,
    16.674198656411));
#3222 = CARTESIAN_POINT('',(-13.44357077705,13.143622490061,
    16.650684121063));
#3223 = CARTESIAN_POINT('',(-13.7375928146,12.836068847614,
    16.541465551682));
#3224 = CARTESIAN_POINT('',(-13.87176113999,12.691583969356,
    16.456061361521));
#3225 = CARTESIAN_POINT('',(-13.9901659457,12.560669011108,
    16.346580573316));
#3226 = CARTESIAN_POINT('',(-14.09240311604,12.445171238579,
    16.21842875992));
#3227 = CARTESIAN_POINT('',(-14.17859763208,12.346168552028,
    16.076514340702));
#3228 = CARTESIAN_POINT('',(-14.24924999647,12.264025013746,
    15.925333371894));
#3229 = CARTESIAN_POINT('',(-14.37933970635,12.111467552112,
    15.56178623161));
#3230 = CARTESIAN_POINT('',(-14.42892645575,12.052067970463,
    15.341967610341));
#3231 = CARTESIAN_POINT('',(-14.45536105411,12.020021704473,
    15.115580964064));
#3232 = CARTESIAN_POINT('',(-14.45956291847,12.014929900072,
    14.886994060317));
#3233 = CARTESIAN_POINT('',(-14.44177494966,12.036544716472,
    14.659969980321));
#3234 = CARTESIAN_POINT('',(-14.40141794589,12.085080332069,
    14.438031584095));
#3235 = CARTESIAN_POINT('',(-14.2838345057,12.22369639834,
    14.053046119653));
#3236 = CARTESIAN_POINT('',(-14.21412410805,12.305234991731,
    13.884776100099));
#3237 = CARTESIAN_POINT('',(-14.12648376826,12.406550103839,
    13.726024161859));
#3238 = CARTESIAN_POINT('',(-14.02014367684,12.527431765182,
    13.582083313055));
#3239 = CARTESIAN_POINT('',(-13.89473414354,12.666802535163,
    13.458921413695));
#3240 = CARTESIAN_POINT('',(-13.75048823037,12.822579953634,
    13.363324629606));
#3241 = CARTESIAN_POINT('',(-13.43166607703,13.156075073157,
    13.244893712775));
#3242 = CARTESIAN_POINT('',(-13.26327871078,13.327543805428,
    13.222418375733));
#3243 = CARTESIAN_POINT('',(-13.09046769953,13.498073767169,
    13.240369018542));
#3244 = CARTESIAN_POINT('',(-12.9209838535,13.659747411825,
    13.298282523165));
#3245 = CARTESIAN_POINT('',(-12.76302130168,13.806053470989,
    13.391149270508));
#3246 = CARTESIAN_POINT('',(-12.62325248749,13.932640191526,
    13.509630419034));
#3247 = CARTESIAN_POINT('',(-12.36979901826,14.158424670759,
    13.789970051432));
#3248 = CARTESIAN_POINT('',(-12.25750202003,14.255726519383,
    13.961795640775));
#3249 = CARTESIAN_POINT('',(-12.16861602972,14.33122238375,
    14.147847807066));
#3250 = CARTESIAN_POINT('',(-12.10264004197,14.386570522372,
    14.343001525351));
#3251 = CARTESIAN_POINT('',(-12.05893331004,14.423000144518,
    14.543573655157));
#3252 = CARTESIAN_POINT('',(-12.03706497015,14.441228026187,
    14.74673876841));
#3253 = CARTESIAN_POINT('',(-12.03706497015,14.441228026187,14.95));
#3254 = PCURVE('',#222,#3255);
#3255 = DEFINITIONAL_REPRESENTATION('',(#3256),#3326);
#3256 = B_SPLINE_CURVE_WITH_KNOTS('',3,(#3257,#3258,#3259,#3260,#3261,
    #3262,#3263,#3264,#3265,#3266,#3267,#3268,#3269,#3270,#3271,#3272,
    #3273,#3274,#3275,#3276,#3277,#3278,#3279,#3280,#3281,#3282,#3283,
    #3284,#3285,#3286,#3287,#3288,#3289,#3290,#3291,#3292,#3293,#3294,
    #3295,#3296,#3297,#3298,#3299,#3300,#3301,#3302,#3303,#3304,#3305,
    #3306,#3307,#3308,#3309,#3310,#3311,#3312,#3313,#3314,#3315,#3316,
    #3317,#3318,#3319,#3320,#3321,#3322,#3323,#3324,#3325),
  .UNSPECIFIED.,.T.,.F.,(4,1,1,1,1,1,1,1,1,1,1,1,1,1,1,1,1,1,1,1,1,1,1,1
    ,1,1,1,1,1,1,1,1,1,1,1,1,1,1,1,1,1,1,1,1,1,1,1,1,1,1,1,1,1,1,1,1,1,1
    ,1,1,1,1,1,1,1,1,4),(0.49996448686,0.515116002011,0.530267517163,
    0.545419032314,0.560570547466,0.575722062617,0.590873577769,
    0.60602509292,0.621176608072,0.636328123223,0.651479638375,
    0.666631153526,0.681782668678,0.696934183829,0.712085698981,
    0.727237214132,0.742388729284,0.757540244436,0.772691759587,
    0.787843274739,0.80299478989,0.818146305042,0.833297820193,
    0.848449335345,0.863600850496,0.878752365648,0.893903880799,
    0.909055395951,0.924206911102,0.939358426254,0.954509941405,
    0.969661456557,0.984812971708,0.99996448686,1.015116002011,
    1.030267517163,1.045419032314,1.060570547466,1.075722062617,
    1.090873577769,1.10602509292,1.121176608072,1.136328123223,
    1.151479638375,1.166631153526,1.181782668678,1.196934183829,
    1.212085698981,1.227237214132,1.242388729284,1.257540244436,
    1.272691759587,1.287843274739,1.30299478989,1.318146305042,
    1.333297820193,1.348449335345,1.363600850496,1.378752365648,
    1.393903880799,1.409055395951,1.424206911102,1.439358426254,
    1.454509941405,1.469661456557,1.484812971708,1.49996448686),
  .QUASI_UNIFORM_KNOTS.);
#3257 = CARTESIAN_POINT('',(4.017540036124,-4.95));
#3258 = CARTESIAN_POINT('',(4.017539772568,-4.997175105357));
#3259 = CARTESIAN_POINT('',(4.017330466169,-5.091527698187));
#3260 = CARTESIAN_POINT('',(4.016385303969,-5.232486030999));
#3261 = CARTESIAN_POINT('',(4.014805189816,-5.372316748021));
#3262 = CARTESIAN_POINT('',(4.01258247053,-5.510390537934));
#3263 = CARTESIAN_POINT('',(4.009707618506,-5.646011224125));
#3264 = CARTESIAN_POINT('',(4.006169307012,-5.778395605687));
#3265 = CARTESIAN_POINT('',(4.001955287846,-5.906656865519));
#3266 = CARTESIAN_POINT('',(3.997052197715,-6.029794987665));
#3267 = CARTESIAN_POINT('',(3.991449181105,-6.146647368096));
#3268 = CARTESIAN_POINT('',(3.985127802828,-6.255979505428));
#3269 = CARTESIAN_POINT('',(3.978103621894,-6.356039106919));
#3270 = CARTESIAN_POINT('',(3.970239841999,-6.446554655639));
#3271 = CARTESIAN_POINT('',(3.961637914219,-6.5238010365));
#3272 = CARTESIAN_POINT('',(3.952429998565,-6.584851844864));
#3273 = CARTESIAN_POINT('',(3.942765410968,-6.627434905892));
#3274 = CARTESIAN_POINT('',(3.932809366708,-6.649986993923));
#3275 = CARTESIAN_POINT('',(3.922732961507,-6.651624795525));
#3276 = CARTESIAN_POINT('',(3.912725169595,-6.632260791452));
#3277 = CARTESIAN_POINT('',(3.90292502375,-6.592231775595));
#3278 = CARTESIAN_POINT('',(3.893663752551,-6.533807387865));
#3279 = CARTESIAN_POINT('',(3.885045516216,-6.459562963443));
#3280 = CARTESIAN_POINT('',(3.877095383665,-6.371460832098));
#3281 = CARTESIAN_POINT('',(3.869846202358,-6.271488964943));
#3282 = CARTESIAN_POINT('',(3.863316649103,-6.161501969447));
#3283 = CARTESIAN_POINT('',(3.85751858924,-6.043286445277));
#3284 = CARTESIAN_POINT('',(3.852454517022,-5.91851171217));
#3285 = CARTESIAN_POINT('',(3.848124080164,-5.788901423236));
#3286 = CARTESIAN_POINT('',(3.844503116667,-5.655624569696));
#3287 = CARTESIAN_POINT('',(3.841549042021,-5.518549195274));
#3288 = CARTESIAN_POINT('',(3.839262363708,-5.378774929765));
#3289 = CARTESIAN_POINT('',(3.837633980391,-5.237001613738));
#3290 = CARTESIAN_POINT('',(3.836659047356,-5.093963233953));
#3291 = CARTESIAN_POINT('',(3.836333638673,-4.950328212401));
#3292 = CARTESIAN_POINT('',(3.836655995556,-4.806743529596));
#3293 = CARTESIAN_POINT('',(3.837626629262,-4.663837253225));
#3294 = CARTESIAN_POINT('',(3.839248421328,-4.522246913392));
#3295 = CARTESIAN_POINT('',(3.84152788828,-4.382592594611));
#3296 = CARTESIAN_POINT('',(3.844471807348,-4.24565502898));
#3297 = CARTESIAN_POINT('',(3.84810125929,-4.111801888905));
#3298 = CARTESIAN_POINT('',(3.852454347552,-3.981456451286));
#3299 = CARTESIAN_POINT('',(3.857535552426,-3.856314675493));
#3300 = CARTESIAN_POINT('',(3.863350338116,-3.737858455779));
#3301 = CARTESIAN_POINT('',(3.869895923493,-3.627741071043));
#3302 = CARTESIAN_POINT('',(3.877162470767,-3.527695663216));
#3303 = CARTESIAN_POINT('',(3.885133948911,-3.439555929539));
#3304 = CARTESIAN_POINT('',(3.893778781017,-3.365317312776));
#3305 = CARTESIAN_POINT('',(3.903080366213,-3.306938057028));
#3306 = CARTESIAN_POINT('',(3.912916778969,-3.267156063535));
#3307 = CARTESIAN_POINT('',(3.92292999452,-3.248208939822));
#3308 = CARTESIAN_POINT('',(3.93299726732,-3.250252897615));
#3309 = CARTESIAN_POINT('',(3.942935426408,-3.273144928611));
#3310 = CARTESIAN_POINT('',(3.952582158149,-3.315994214432));
#3311 = CARTESIAN_POINT('',(3.961780943383,-3.377312673921));
#3312 = CARTESIAN_POINT('',(3.970386912833,-3.454927418163));
#3313 = CARTESIAN_POINT('',(3.978285071052,-3.546238978924));
#3314 = CARTESIAN_POINT('',(3.985337659018,-3.647326611486));
#3315 = CARTESIAN_POINT('',(3.991605213268,-3.756363311947));
#3316 = CARTESIAN_POINT('',(3.997179278643,-3.873133250923));
#3317 = CARTESIAN_POINT('',(4.002050840031,-3.996016379425));
#3318 = CARTESIAN_POINT('',(4.006238878074,-4.123978298352));
#3319 = CARTESIAN_POINT('',(4.009755003434,-4.256008312653));
#3320 = CARTESIAN_POINT('',(4.01261210203,-4.39124409562));
#3321 = CARTESIAN_POINT('',(4.01482130235,-4.528914317765));
#3322 = CARTESIAN_POINT('',(4.016392016955,-4.668333824888));
#3323 = CARTESIAN_POINT('',(4.017331668397,-4.808880100268));
#3324 = CARTESIAN_POINT('',(4.017539780754,-4.902959976417));
#3325 = CARTESIAN_POINT('',(4.017540036124,-4.95));
#3326 = ( GEOMETRIC_REPRESENTATION_CONTEXT(2) 
PARAMETRIC_REPRESENTATION_CONTEXT() REPRESENTATION_CONTEXT('2D SPACE',''
  ) );
#3327 = PCURVE('',#3328,#3333);
#3328 = CYLINDRICAL_SURFACE('',#3329,1.7);
#3329 = AXIS2_PLACEMENT_3D('',#3330,#3331,#3332);
#3330 = CARTESIAN_POINT('',(21.213203435596,-21.21320343559,14.95));
#3331 = DIRECTION('',(-0.707106781187,0.707106781187,0.));
#3332 = DIRECTION('',(0.707106781187,0.707106781187,0.));
#3333 = DEFINITIONAL_REPRESENTATION('',(#3334),#3404);
#3334 = B_SPLINE_CURVE_WITH_KNOTS('',3,(#3335,#3336,#3337,#3338,#3339,
    #3340,#3341,#3342,#3343,#3344,#3345,#3346,#3347,#3348,#3349,#3350,
    #3351,#3352,#3353,#3354,#3355,#3356,#3357,#3358,#3359,#3360,#3361,
    #3362,#3363,#3364,#3365,#3366,#3367,#3368,#3369,#3370,#3371,#3372,
    #3373,#3374,#3375,#3376,#3377,#3378,#3379,#3380,#3381,#3382,#3383,
    #3384,#3385,#3386,#3387,#3388,#3389,#3390,#3391,#3392,#3393,#3394,
    #3395,#3396,#3397,#3398,#3399,#3400,#3401,#3402,#3403),
  .UNSPECIFIED.,.F.,.F.,(4,1,1,1,1,1,1,1,1,1,1,1,1,1,1,1,1,1,1,1,1,1,1,1
    ,1,1,1,1,1,1,1,1,1,1,1,1,1,1,1,1,1,1,1,1,1,1,1,1,1,1,1,1,1,1,1,1,1,1
    ,1,1,1,1,1,1,1,1,4),(0.49996448686,0.515116002011,0.530267517163,
    0.545419032314,0.560570547466,0.575722062617,0.590873577769,
    0.60602509292,0.621176608072,0.636328123223,0.651479638375,
    0.666631153526,0.681782668678,0.696934183829,0.712085698981,
    0.727237214132,0.742388729284,0.757540244436,0.772691759587,
    0.787843274739,0.80299478989,0.818146305042,0.833297820193,
    0.848449335345,0.863600850496,0.878752365648,0.893903880799,
    0.909055395951,0.924206911102,0.939358426254,0.954509941405,
    0.969661456557,0.984812971708,0.99996448686,1.015116002011,
    1.030267517163,1.045419032314,1.060570547466,1.075722062617,
    1.090873577769,1.10602509292,1.121176608072,1.136328123223,
    1.151479638375,1.166631153526,1.181782668678,1.196934183829,
    1.212085698981,1.227237214132,1.242388729284,1.257540244436,
    1.272691759587,1.287843274739,1.30299478989,1.318146305042,
    1.333297820193,1.348449335345,1.363600850496,1.378752365648,
    1.393903880799,1.409055395951,1.424206911102,1.439358426254,
    1.454509941405,1.469661456557,1.484812971708,1.49996448686),
  .QUASI_UNIFORM_KNOTS.);
#3335 = CARTESIAN_POINT('',(6.28318530718,48.722980531956));
#3336 = CARTESIAN_POINT('',(6.255433900573,48.722979077328));
#3337 = CARTESIAN_POINT('',(6.199934417208,48.723338277175));
#3338 = CARTESIAN_POINT('',(6.116438983273,48.724935610178));
#3339 = CARTESIAN_POINT('',(6.032438434884,48.727570878783));
#3340 = CARTESIAN_POINT('',(5.947683341442,48.731198297802));
#3341 = CARTESIAN_POINT('',(5.861925497411,48.735753044342));
#3342 = CARTESIAN_POINT('',(5.774914192907,48.741146605256));
#3343 = CARTESIAN_POINT('',(5.686394088651,48.747264480806));
#3344 = CARTESIAN_POINT('',(5.596090707934,48.753963900287));
#3345 = CARTESIAN_POINT('',(5.503741588159,48.761068721932));
#3346 = CARTESIAN_POINT('',(5.408953394254,48.768376125999));
#3347 = CARTESIAN_POINT('',(5.311702933725,48.775620447048));
#3348 = CARTESIAN_POINT('',(5.209946996924,48.782633362914));
#3349 = CARTESIAN_POINT('',(5.104736256819,48.788966590377));
#3350 = CARTESIAN_POINT('',(4.996959873372,48.79419749176));
#3351 = CARTESIAN_POINT('',(4.887370724395,48.797964084638));
#3352 = CARTESIAN_POINT('',(4.776647848197,48.799998176793));
#3353 = CARTESIAN_POINT('',(4.665380608329,48.800146997116));
#3354 = CARTESIAN_POINT('',(4.554298333587,48.798396897566));
#3355 = CARTESIAN_POINT('',(4.443578819659,48.794843132756));
#3356 = CARTESIAN_POINT('',(4.33574543715,48.789810714966));
#3357 = CARTESIAN_POINT('',(4.231112108681,48.783678866023));
#3358 = CARTESIAN_POINT('',(4.129267445572,48.776783747377));
#3359 = CARTESIAN_POINT('',(4.030058771464,48.769460888745));
#3360 = CARTESIAN_POINT('',(3.933316734907,48.76202008563));
#3361 = CARTESIAN_POINT('',(3.838930339427,48.754742103705));
#3362 = CARTESIAN_POINT('',(3.7467943192,48.747869585519));
#3363 = CARTESIAN_POINT('',(3.656925837998,48.741611594998));
#3364 = CARTESIAN_POINT('',(3.569037720236,48.736110017639));
#3365 = CARTESIAN_POINT('',(3.482163515878,48.731440164204));
#3366 = CARTESIAN_POINT('',(3.396249816234,48.727713049195));
#3367 = CARTESIAN_POINT('',(3.311023816064,48.72499933434));
#3368 = CARTESIAN_POINT('',(3.226277297017,48.723350850557));
#3369 = CARTESIAN_POINT('',(3.141785494429,48.722796675433));
#3370 = CARTESIAN_POINT('',(3.057324654549,48.723345662663));
#3371 = CARTESIAN_POINT('',(2.972660897187,48.724986952275));
#3372 = CARTESIAN_POINT('',(2.887555209032,48.7276900125));
#3373 = CARTESIAN_POINT('',(2.801731703672,48.73140604365));
#3374 = CARTESIAN_POINT('',(2.714974484149,48.736061434313));
#3375 = CARTESIAN_POINT('',(2.626742705147,48.741578240849));
#3376 = CARTESIAN_POINT('',(2.536376723412,48.747869972245));
#3377 = CARTESIAN_POINT('',(2.443955463272,48.754764790702));
#3378 = CARTESIAN_POINT('',(2.349340473944,48.762061009576));
#3379 = CARTESIAN_POINT('',(2.252416031605,48.769514944269));
#3380 = CARTESIAN_POINT('',(2.153027631261,48.776847533381));
#3381 = CARTESIAN_POINT('',(2.050969074349,48.783749684002));
#3382 = CARTESIAN_POINT('',(1.946070759696,48.789884521715));
#3383 = CARTESIAN_POINT('',(1.837824740483,48.794915816162));
#3384 = CARTESIAN_POINT('',(1.726745147513,48.798449265306));
#3385 = CARTESIAN_POINT('',(1.61562820562,48.800162108993));
#3386 = CARTESIAN_POINT('',(1.50445900437,48.799976421938));
#3387 = CARTESIAN_POINT('',(1.393907802202,48.79791217936));
#3388 = CARTESIAN_POINT('',(1.284474592977,48.794123647298));
#3389 = CARTESIAN_POINT('',(1.176740990674,48.788872990371));
#3390 = CARTESIAN_POINT('',(1.071397249534,48.782514658434));
#3391 = CARTESIAN_POINT('',(0.969076125901,48.775447923938));
#3392 = CARTESIAN_POINT('',(0.871211606653,48.768145765529));
#3393 = CARTESIAN_POINT('',(0.776977750353,48.760877580915));
#3394 = CARTESIAN_POINT('',(0.684876442547,48.753795718675));
#3395 = CARTESIAN_POINT('',(0.594901052445,48.747128952322));
#3396 = CARTESIAN_POINT('',(0.506679916021,48.741042567907));
#3397 = CARTESIAN_POINT('',(0.419963792193,48.735679021197));
#3398 = CARTESIAN_POINT('',(0.334487739761,48.731150418682));
#3399 = CARTESIAN_POINT('',(0.250002197611,48.727544167026));
#3400 = CARTESIAN_POINT('',(0.166259026134,48.724924295565));
#3401 = CARTESIAN_POINT('',(8.301102807211E-02,48.723336226107));
#3402 = CARTESIAN_POINT('',(2.767190592175E-02,48.722979092509));
#3403 = CARTESIAN_POINT('',(0.,48.722980531956));
#3404 = ( GEOMETRIC_REPRESENTATION_CONTEXT(2) 
PARAMETRIC_REPRESENTATION_CONTEXT() REPRESENTATION_CONTEXT('2D SPACE',''
  ) );
#3405 = ADVANCED_FACE('',(#3406),#3328,.F.);
#3406 = FACE_BOUND('',#3407,.F.);
#3407 = EDGE_LOOP('',(#3408,#3441,#3462,#3463));
#3408 = ORIENTED_EDGE('',*,*,#3409,.F.);
#3409 = EDGE_CURVE('',#3410,#3410,#3412,.T.);
#3410 = VERTEX_POINT('',#3411);
#3411 = CARTESIAN_POINT('',(-10.53589103968,12.940054095714,14.95));
#3412 = SURFACE_CURVE('',#3413,(#3418,#3425),.PCURVE_S1.);
#3413 = CIRCLE('',#3414,1.7);
#3414 = AXIS2_PLACEMENT_3D('',#3415,#3416,#3417);
#3415 = CARTESIAN_POINT('',(-11.73797256769,11.737972567697,14.95));
#3416 = DIRECTION('',(0.707106781187,-0.707106781187,0.));
#3417 = DIRECTION('',(0.707106781187,0.707106781187,1.044915787883E-15)
  );
#3418 = PCURVE('',#3328,#3419);
#3419 = DEFINITIONAL_REPRESENTATION('',(#3420),#3424);
#3420 = LINE('',#3421,#3422);
#3421 = CARTESIAN_POINT('',(6.28318530718,46.6));
#3422 = VECTOR('',#3423,1.);
#3423 = DIRECTION('',(-1.,-0.));
#3424 = ( GEOMETRIC_REPRESENTATION_CONTEXT(2) 
PARAMETRIC_REPRESENTATION_CONTEXT() REPRESENTATION_CONTEXT('2D SPACE',''
  ) );
#3425 = PCURVE('',#3426,#3431);
#3426 = PLANE('',#3427);
#3427 = AXIS2_PLACEMENT_3D('',#3428,#3429,#3430);
#3428 = CARTESIAN_POINT('',(-11.73797256769,11.737972567697,14.95));
#3429 = DIRECTION('',(-0.707106781187,0.707106781187,0.));
#3430 = DIRECTION('',(0.707106781187,0.707106781187,0.));
#3431 = DEFINITIONAL_REPRESENTATION('',(#3432),#3440);
#3432 = ( BOUNDED_CURVE() B_SPLINE_CURVE(2,(#3433,#3434,#3435,#3436,
#3437,#3438,#3439),.UNSPECIFIED.,.T.,.F.) B_SPLINE_CURVE_WITH_KNOTS((1,2
    ,2,2,2,1),(-2.094395102393,0.,2.094395102393,4.188790204786,
6.28318530718,8.377580409573),.UNSPECIFIED.) CURVE() 
GEOMETRIC_REPRESENTATION_ITEM() RATIONAL_B_SPLINE_CURVE((1.,0.5,1.,0.5,
1.,0.5,1.)) REPRESENTATION_ITEM('') );
#3433 = CARTESIAN_POINT('',(1.7,-5.329070518201E-15));
#3434 = CARTESIAN_POINT('',(1.7,-2.944486372867));
#3435 = CARTESIAN_POINT('',(-0.85,-1.472243186434));
#3436 = CARTESIAN_POINT('',(-3.4,-4.163799117101E-16));
#3437 = CARTESIAN_POINT('',(-0.85,1.472243186434));
#3438 = CARTESIAN_POINT('',(1.7,2.944486372867));
#3439 = CARTESIAN_POINT('',(1.7,-5.329070518201E-15));
#3440 = ( GEOMETRIC_REPRESENTATION_CONTEXT(2) 
PARAMETRIC_REPRESENTATION_CONTEXT() REPRESENTATION_CONTEXT('2D SPACE',''
  ) );
#3441 = ORIENTED_EDGE('',*,*,#3442,.T.);
#3442 = EDGE_CURVE('',#3410,#3206,#3443,.T.);
#3443 = SEAM_CURVE('',#3444,(#3448,#3455),.PCURVE_S1.);
#3444 = LINE('',#3445,#3446);
#3445 = CARTESIAN_POINT('',(22.415284963614,-20.01112190757,14.95));
#3446 = VECTOR('',#3447,1.);
#3447 = DIRECTION('',(-0.707106781187,0.707106781187,0.));
#3448 = PCURVE('',#3328,#3449);
#3449 = DEFINITIONAL_REPRESENTATION('',(#3450),#3454);
#3450 = LINE('',#3451,#3452);
#3451 = CARTESIAN_POINT('',(6.28318530718,-0.));
#3452 = VECTOR('',#3453,1.);
#3453 = DIRECTION('',(0.,1.));
#3454 = ( GEOMETRIC_REPRESENTATION_CONTEXT(2) 
PARAMETRIC_REPRESENTATION_CONTEXT() REPRESENTATION_CONTEXT('2D SPACE',''
  ) );
#3455 = PCURVE('',#3328,#3456);
#3456 = DEFINITIONAL_REPRESENTATION('',(#3457),#3461);
#3457 = LINE('',#3458,#3459);
#3458 = CARTESIAN_POINT('',(0.,-0.));
#3459 = VECTOR('',#3460,1.);
#3460 = DIRECTION('',(0.,1.));
#3461 = ( GEOMETRIC_REPRESENTATION_CONTEXT(2) 
PARAMETRIC_REPRESENTATION_CONTEXT() REPRESENTATION_CONTEXT('2D SPACE',''
  ) );
#3462 = ORIENTED_EDGE('',*,*,#3205,.T.);
#3463 = ORIENTED_EDGE('',*,*,#3442,.F.);
#3464 = ADVANCED_FACE('',(#3465,#3656),#3426,.F.);
#3465 = FACE_BOUND('',#3466,.F.);
#3466 = EDGE_LOOP('',(#3467,#3497,#3525,#3546,#3574,#3602,#3630));
#3467 = ORIENTED_EDGE('',*,*,#3468,.T.);
#3468 = EDGE_CURVE('',#3469,#3471,#3473,.T.);
#3469 = VERTEX_POINT('',#3470);
#3470 = CARTESIAN_POINT('',(-13.73554922454,9.740395910845,
    13.318985489539));
#3471 = VERTEX_POINT('',#3472);
#3472 = CARTESIAN_POINT('',(-13.73554922454,9.740395910845,
    16.581014510461));
#3473 = SURFACE_CURVE('',#3474,(#3478,#3485),.PCURVE_S1.);
#3474 = LINE('',#3475,#3476);
#3475 = CARTESIAN_POINT('',(-13.73554922454,9.740395910845,
    13.318985489539));
#3476 = VECTOR('',#3477,1.);
#3477 = DIRECTION('',(-1.925295512227E-16,-1.925295512227E-16,1.));
#3478 = PCURVE('',#3426,#3479);
#3479 = DEFINITIONAL_REPRESENTATION('',(#3480),#3484);
#3480 = LINE('',#3481,#3482);
#3481 = CARTESIAN_POINT('',(-2.825,1.631014510461));
#3482 = VECTOR('',#3483,1.);
#3483 = DIRECTION('',(-2.722779024968E-16,-1.));
#3484 = ( GEOMETRIC_REPRESENTATION_CONTEXT(2) 
PARAMETRIC_REPRESENTATION_CONTEXT() REPRESENTATION_CONTEXT('2D SPACE',''
  ) );
#3485 = PCURVE('',#3486,#3491);
#3486 = PLANE('',#3487);
#3487 = AXIS2_PLACEMENT_3D('',#3488,#3489,#3490);
#3488 = CARTESIAN_POINT('',(-11.82636091534,7.831207601641,
    13.318985489539));
#3489 = DIRECTION('',(0.707106781187,0.707106781187,2.722779024968E-16)
  );
#3490 = DIRECTION('',(-1.925295512227E-16,-1.925295512227E-16,1.));
#3491 = DEFINITIONAL_REPRESENTATION('',(#3492),#3496);
#3492 = LINE('',#3493,#3494);
#3493 = CARTESIAN_POINT('',(-9.860761315263E-32,-2.7));
#3494 = VECTOR('',#3495,1.);
#3495 = DIRECTION('',(1.,0.));
#3496 = ( GEOMETRIC_REPRESENTATION_CONTEXT(2) 
PARAMETRIC_REPRESENTATION_CONTEXT() REPRESENTATION_CONTEXT('2D SPACE',''
  ) );
#3497 = ORIENTED_EDGE('',*,*,#3498,.T.);
#3498 = EDGE_CURVE('',#3471,#3499,#3501,.T.);
#3499 = VERTEX_POINT('',#3500);
#3500 = CARTESIAN_POINT('',(-12.24260299793,11.233342137459,17.8));
#3501 = SURFACE_CURVE('',#3502,(#3506,#3513),.PCURVE_S1.);
#3502 = LINE('',#3503,#3504);
#3503 = CARTESIAN_POINT('',(-13.73554922454,9.740395910845,
    16.581014510461));
#3504 = VECTOR('',#3505,1.);
#3505 = DIRECTION('',(0.612372435696,0.612372435696,0.5));
#3506 = PCURVE('',#3426,#3507);
#3507 = DEFINITIONAL_REPRESENTATION('',(#3508),#3512);
#3508 = LINE('',#3509,#3510);
#3509 = CARTESIAN_POINT('',(-2.825,-1.631014510461));
#3510 = VECTOR('',#3511,1.);
#3511 = DIRECTION('',(0.866025403784,-0.5));
#3512 = ( GEOMETRIC_REPRESENTATION_CONTEXT(2) 
PARAMETRIC_REPRESENTATION_CONTEXT() REPRESENTATION_CONTEXT('2D SPACE',''
  ) );
#3513 = PCURVE('',#3514,#3519);
#3514 = PLANE('',#3515);
#3515 = AXIS2_PLACEMENT_3D('',#3516,#3517,#3518);
#3516 = CARTESIAN_POINT('',(-11.82636091534,7.831207601641,
    16.581014510461));
#3517 = DIRECTION('',(0.353553390593,0.353553390593,-0.866025403784));
#3518 = DIRECTION('',(0.612372435696,0.612372435696,0.5));
#3519 = DEFINITIONAL_REPRESENTATION('',(#3520),#3524);
#3520 = LINE('',#3521,#3522);
#3521 = CARTESIAN_POINT('',(-4.440892098501E-16,-2.7));
#3522 = VECTOR('',#3523,1.);
#3523 = DIRECTION('',(1.,-1.942890293094E-16));
#3524 = ( GEOMETRIC_REPRESENTATION_CONTEXT(2) 
PARAMETRIC_REPRESENTATION_CONTEXT() REPRESENTATION_CONTEXT('2D SPACE',''
  ) );
#3525 = ORIENTED_EDGE('',*,*,#3526,.F.);
#3526 = EDGE_CURVE('',#3527,#3499,#3529,.T.);
#3527 = VERTEX_POINT('',#3528);
#3528 = CARTESIAN_POINT('',(-11.23334213745,12.242602997935,17.8));
#3529 = SURFACE_CURVE('',#3530,(#3534,#3540),.PCURVE_S1.);
#3530 = LINE('',#3531,#3532);
#3531 = CARTESIAN_POINT('',(-11.73797256769,11.737972567697,17.8));
#3532 = VECTOR('',#3533,1.);
#3533 = DIRECTION('',(-0.707106781187,-0.707106781187,0.));
#3534 = PCURVE('',#3426,#3535);
#3535 = DEFINITIONAL_REPRESENTATION('',(#3536),#3539);
#3536 = B_SPLINE_CURVE_WITH_KNOTS('',1,(#3537,#3538),.UNSPECIFIED.,.F.,
  .F.,(2,2),(-2.825,2.825),.PIECEWISE_BEZIER_KNOTS.);
#3537 = CARTESIAN_POINT('',(2.825,-2.85));
#3538 = CARTESIAN_POINT('',(-2.825,-2.85));
#3539 = ( GEOMETRIC_REPRESENTATION_CONTEXT(2) 
PARAMETRIC_REPRESENTATION_CONTEXT() REPRESENTATION_CONTEXT('2D SPACE',''
  ) );
#3540 = PCURVE('',#731,#3541);
#3541 = DEFINITIONAL_REPRESENTATION('',(#3542),#3545);
#3542 = B_SPLINE_CURVE_WITH_KNOTS('',1,(#3543,#3544),.UNSPECIFIED.,.F.,
  .F.,(2,2),(-2.825,2.825),.PIECEWISE_BEZIER_KNOTS.);
#3543 = CARTESIAN_POINT('',(-9.740395910845,13.735549224549));
#3544 = CARTESIAN_POINT('',(-13.73554922454,9.740395910845));
#3545 = ( GEOMETRIC_REPRESENTATION_CONTEXT(2) 
PARAMETRIC_REPRESENTATION_CONTEXT() REPRESENTATION_CONTEXT('2D SPACE',''
  ) );
#3546 = ORIENTED_EDGE('',*,*,#3547,.T.);
#3547 = EDGE_CURVE('',#3527,#3548,#3550,.T.);
#3548 = VERTEX_POINT('',#3549);
#3549 = CARTESIAN_POINT('',(-9.740395910845,13.735549224549,
    16.581014510461));
#3550 = SURFACE_CURVE('',#3551,(#3555,#3562),.PCURVE_S1.);
#3551 = LINE('',#3552,#3553);
#3552 = CARTESIAN_POINT('',(-11.73797256769,11.737972567697,
    18.212029020921));
#3553 = VECTOR('',#3554,1.);
#3554 = DIRECTION('',(0.612372435696,0.612372435696,-0.5));
#3555 = PCURVE('',#3426,#3556);
#3556 = DEFINITIONAL_REPRESENTATION('',(#3557),#3561);
#3557 = LINE('',#3558,#3559);
#3558 = CARTESIAN_POINT('',(-1.256073966947E-15,-3.262029020921));
#3559 = VECTOR('',#3560,1.);
#3560 = DIRECTION('',(0.866025403784,0.5));
#3561 = ( GEOMETRIC_REPRESENTATION_CONTEXT(2) 
PARAMETRIC_REPRESENTATION_CONTEXT() REPRESENTATION_CONTEXT('2D SPACE',''
  ) );
#3562 = PCURVE('',#3563,#3568);
#3563 = PLANE('',#3564);
#3564 = AXIS2_PLACEMENT_3D('',#3565,#3566,#3567);
#3565 = CARTESIAN_POINT('',(-9.828784258493,9.828784258493,
    18.212029020921));
#3566 = DIRECTION('',(-0.353553390593,-0.353553390593,-0.866025403784));
#3567 = DIRECTION('',(0.612372435696,0.612372435696,-0.5));
#3568 = DEFINITIONAL_REPRESENTATION('',(#3569),#3573);
#3569 = LINE('',#3570,#3571);
#3570 = CARTESIAN_POINT('',(-2.22044604925E-16,-2.7));
#3571 = VECTOR('',#3572,1.);
#3572 = DIRECTION('',(1.,-1.387778780781E-17));
#3573 = ( GEOMETRIC_REPRESENTATION_CONTEXT(2) 
PARAMETRIC_REPRESENTATION_CONTEXT() REPRESENTATION_CONTEXT('2D SPACE',''
  ) );
#3574 = ORIENTED_EDGE('',*,*,#3575,.T.);
#3575 = EDGE_CURVE('',#3548,#3576,#3578,.T.);
#3576 = VERTEX_POINT('',#3577);
#3577 = CARTESIAN_POINT('',(-9.740395910845,13.735549224549,
    13.318985489539));
#3578 = SURFACE_CURVE('',#3579,(#3583,#3590),.PCURVE_S1.);
#3579 = LINE('',#3580,#3581);
#3580 = CARTESIAN_POINT('',(-9.740395910845,13.735549224549,
    16.581014510461));
#3581 = VECTOR('',#3582,1.);
#3582 = DIRECTION('',(2.887943268341E-16,2.887943268341E-16,-1.));
#3583 = PCURVE('',#3426,#3584);
#3584 = DEFINITIONAL_REPRESENTATION('',(#3585),#3589);
#3585 = LINE('',#3586,#3587);
#3586 = CARTESIAN_POINT('',(2.825,-1.631014510461));
#3587 = VECTOR('',#3588,1.);
#3588 = DIRECTION('',(4.084168537452E-16,1.));
#3589 = ( GEOMETRIC_REPRESENTATION_CONTEXT(2) 
PARAMETRIC_REPRESENTATION_CONTEXT() REPRESENTATION_CONTEXT('2D SPACE',''
  ) );
#3590 = PCURVE('',#3591,#3596);
#3591 = PLANE('',#3592);
#3592 = AXIS2_PLACEMENT_3D('',#3593,#3594,#3595);
#3593 = CARTESIAN_POINT('',(-7.831207601641,11.826360915345,
    16.581014510461));
#3594 = DIRECTION('',(-0.707106781187,-0.707106781187,
    -4.084168537452E-16));
#3595 = DIRECTION('',(2.887943268341E-16,2.887943268341E-16,-1.));
#3596 = DEFINITIONAL_REPRESENTATION('',(#3597),#3601);
#3597 = LINE('',#3598,#3599);
#3598 = CARTESIAN_POINT('',(-3.944304526105E-31,-2.7));
#3599 = VECTOR('',#3600,1.);
#3600 = DIRECTION('',(1.,0.));
#3601 = ( GEOMETRIC_REPRESENTATION_CONTEXT(2) 
PARAMETRIC_REPRESENTATION_CONTEXT() REPRESENTATION_CONTEXT('2D SPACE',''
  ) );
#3602 = ORIENTED_EDGE('',*,*,#3603,.T.);
#3603 = EDGE_CURVE('',#3576,#3604,#3606,.T.);
#3604 = VERTEX_POINT('',#3605);
#3605 = CARTESIAN_POINT('',(-11.73797256769,11.737972567697,
    11.687970979079));
#3606 = SURFACE_CURVE('',#3607,(#3611,#3618),.PCURVE_S1.);
#3607 = LINE('',#3608,#3609);
#3608 = CARTESIAN_POINT('',(-9.740395910845,13.735549224549,
    13.318985489539));
#3609 = VECTOR('',#3610,1.);
#3610 = DIRECTION('',(-0.612372435696,-0.612372435696,-0.5));
#3611 = PCURVE('',#3426,#3612);
#3612 = DEFINITIONAL_REPRESENTATION('',(#3613),#3617);
#3613 = LINE('',#3614,#3615);
#3614 = CARTESIAN_POINT('',(2.825,1.631014510461));
#3615 = VECTOR('',#3616,1.);
#3616 = DIRECTION('',(-0.866025403784,0.5));
#3617 = ( GEOMETRIC_REPRESENTATION_CONTEXT(2) 
PARAMETRIC_REPRESENTATION_CONTEXT() REPRESENTATION_CONTEXT('2D SPACE',''
  ) );
#3618 = PCURVE('',#3619,#3624);
#3619 = PLANE('',#3620);
#3620 = AXIS2_PLACEMENT_3D('',#3621,#3622,#3623);
#3621 = CARTESIAN_POINT('',(-7.831207601641,11.826360915345,
    13.318985489539));
#3622 = DIRECTION('',(-0.353553390593,-0.353553390593,0.866025403784));
#3623 = DIRECTION('',(-0.612372435696,-0.612372435696,-0.5));
#3624 = DEFINITIONAL_REPRESENTATION('',(#3625),#3629);
#3625 = LINE('',#3626,#3627);
#3626 = CARTESIAN_POINT('',(2.22044604925E-16,-2.7));
#3627 = VECTOR('',#3628,1.);
#3628 = DIRECTION('',(1.,0.));
#3629 = ( GEOMETRIC_REPRESENTATION_CONTEXT(2) 
PARAMETRIC_REPRESENTATION_CONTEXT() REPRESENTATION_CONTEXT('2D SPACE',''
  ) );
#3630 = ORIENTED_EDGE('',*,*,#3631,.T.);
#3631 = EDGE_CURVE('',#3604,#3469,#3632,.T.);
#3632 = SURFACE_CURVE('',#3633,(#3637,#3644),.PCURVE_S1.);
#3633 = LINE('',#3634,#3635);
#3634 = CARTESIAN_POINT('',(-11.73797256769,11.737972567697,
    11.687970979079));
#3635 = VECTOR('',#3636,1.);
#3636 = DIRECTION('',(-0.612372435696,-0.612372435696,0.5));
#3637 = PCURVE('',#3426,#3638);
#3638 = DEFINITIONAL_REPRESENTATION('',(#3639),#3643);
#3639 = LINE('',#3640,#3641);
#3640 = CARTESIAN_POINT('',(-1.256073966947E-15,3.262029020921));
#3641 = VECTOR('',#3642,1.);
#3642 = DIRECTION('',(-0.866025403784,-0.5));
#3643 = ( GEOMETRIC_REPRESENTATION_CONTEXT(2) 
PARAMETRIC_REPRESENTATION_CONTEXT() REPRESENTATION_CONTEXT('2D SPACE',''
  ) );
#3644 = PCURVE('',#3645,#3650);
#3645 = PLANE('',#3646);
#3646 = AXIS2_PLACEMENT_3D('',#3647,#3648,#3649);
#3647 = CARTESIAN_POINT('',(-9.828784258493,9.828784258493,
    11.687970979079));
#3648 = DIRECTION('',(0.353553390593,0.353553390593,0.866025403784));
#3649 = DIRECTION('',(-0.612372435696,-0.612372435696,0.5));
#3650 = DEFINITIONAL_REPRESENTATION('',(#3651),#3655);
#3651 = LINE('',#3652,#3653);
#3652 = CARTESIAN_POINT('',(0.,-2.7));
#3653 = VECTOR('',#3654,1.);
#3654 = DIRECTION('',(1.,0.));
#3655 = ( GEOMETRIC_REPRESENTATION_CONTEXT(2) 
PARAMETRIC_REPRESENTATION_CONTEXT() REPRESENTATION_CONTEXT('2D SPACE',''
  ) );
#3656 = FACE_BOUND('',#3657,.F.);
#3657 = EDGE_LOOP('',(#3658));
#3658 = ORIENTED_EDGE('',*,*,#3409,.T.);
#3659 = ADVANCED_FACE('',(#3660),#3645,.T.);
#3660 = FACE_BOUND('',#3661,.T.);
#3661 = EDGE_LOOP('',(#3662,#3696,#3717,#3718,#3741));
#3662 = ORIENTED_EDGE('',*,*,#3663,.F.);
#3663 = EDGE_CURVE('',#3664,#3666,#3668,.T.);
#3664 = VERTEX_POINT('',#3665);
#3665 = CARTESIAN_POINT('',(-9.899494936612,9.899494936612,
    11.687970979079));
#3666 = VERTEX_POINT('',#3667);
#3667 = CARTESIAN_POINT('',(-11.00988543959,8.647683077391,
    12.652336055178));
#3668 = SURFACE_CURVE('',#3669,(#3674,#3681),.PCURVE_S1.);
#3669 = ELLIPSE('',#3670,16.16580753731,14.);
#3670 = AXIS2_PLACEMENT_3D('',#3671,#3672,#3673);
#3671 = CARTESIAN_POINT('',(0.,0.,11.687970979079));
#3672 = DIRECTION('',(0.353553390593,0.353553390593,0.866025403784));
#3673 = DIRECTION('',(-0.612372435696,-0.612372435696,0.5));
#3674 = PCURVE('',#3645,#3675);
#3675 = DEFINITIONAL_REPRESENTATION('',(#3676),#3680);
#3676 = ELLIPSE('',#3677,16.16580753731,14.);
#3677 = AXIS2_PLACEMENT_2D('',#3678,#3679);
#3678 = CARTESIAN_POINT('',(0.,13.9));
#3679 = DIRECTION('',(1.,0.));
#3680 = ( GEOMETRIC_REPRESENTATION_CONTEXT(2) 
PARAMETRIC_REPRESENTATION_CONTEXT() REPRESENTATION_CONTEXT('2D SPACE',''
  ) );
#3681 = PCURVE('',#3682,#3687);
#3682 = CYLINDRICAL_SURFACE('',#3683,14.);
#3683 = AXIS2_PLACEMENT_3D('',#3684,#3685,#3686);
#3684 = CARTESIAN_POINT('',(0.,0.,-1.));
#3685 = DIRECTION('',(0.,0.,1.));
#3686 = DIRECTION('',(1.,0.,-0.));
#3687 = DEFINITIONAL_REPRESENTATION('',(#3688),#3695);
#3688 = B_SPLINE_CURVE_WITH_KNOTS('',5,(#3689,#3690,#3691,#3692,#3693,
    #3694),.UNSPECIFIED.,.F.,.F.,(6,6),(4.692209039338,4.93621752932),
  .PIECEWISE_BEZIER_KNOTS.);
#3689 = CARTESIAN_POINT('',(2.336014549145,12.524869528033));
#3690 = CARTESIAN_POINT('',(2.384816247142,12.91924864155));
#3691 = CARTESIAN_POINT('',(2.433617945138,13.314113313816));
#3692 = CARTESIAN_POINT('',(2.482419643135,13.70750673476));
#3693 = CARTESIAN_POINT('',(2.531221341131,14.097467382716));
#3694 = CARTESIAN_POINT('',(2.580023039128,14.482086940585));
#3695 = ( GEOMETRIC_REPRESENTATION_CONTEXT(2) 
PARAMETRIC_REPRESENTATION_CONTEXT() REPRESENTATION_CONTEXT('2D SPACE',''
  ) );
#3696 = ORIENTED_EDGE('',*,*,#3697,.T.);
#3697 = EDGE_CURVE('',#3664,#3604,#3698,.T.);
#3698 = SURFACE_CURVE('',#3699,(#3703,#3710),.PCURVE_S1.);
#3699 = LINE('',#3700,#3701);
#3700 = CARTESIAN_POINT('',(-9.828784258493,9.828784258493,
    11.687970979079));
#3701 = VECTOR('',#3702,1.);
#3702 = DIRECTION('',(-0.707106781187,0.707106781187,0.));
#3703 = PCURVE('',#3645,#3704);
#3704 = DEFINITIONAL_REPRESENTATION('',(#3705),#3709);
#3705 = LINE('',#3706,#3707);
#3706 = CARTESIAN_POINT('',(0.,0.));
#3707 = VECTOR('',#3708,1.);
#3708 = DIRECTION('',(0.,-1.));
#3709 = ( GEOMETRIC_REPRESENTATION_CONTEXT(2) 
PARAMETRIC_REPRESENTATION_CONTEXT() REPRESENTATION_CONTEXT('2D SPACE',''
  ) );
#3710 = PCURVE('',#3619,#3711);
#3711 = DEFINITIONAL_REPRESENTATION('',(#3712),#3716);
#3712 = LINE('',#3713,#3714);
#3713 = CARTESIAN_POINT('',(3.262029020921,2.22044604925E-16));
#3714 = VECTOR('',#3715,1.);
#3715 = DIRECTION('',(0.,-1.));
#3716 = ( GEOMETRIC_REPRESENTATION_CONTEXT(2) 
PARAMETRIC_REPRESENTATION_CONTEXT() REPRESENTATION_CONTEXT('2D SPACE',''
  ) );
#3717 = ORIENTED_EDGE('',*,*,#3631,.T.);
#3718 = ORIENTED_EDGE('',*,*,#3719,.F.);
#3719 = EDGE_CURVE('',#3720,#3469,#3722,.T.);
#3720 = VERTEX_POINT('',#3721);
#3721 = CARTESIAN_POINT('',(-11.82636091534,7.831207601641,
    13.318985489539));
#3722 = SURFACE_CURVE('',#3723,(#3727,#3734),.PCURVE_S1.);
#3723 = LINE('',#3724,#3725);
#3724 = CARTESIAN_POINT('',(-11.82636091534,7.831207601641,
    13.318985489539));
#3725 = VECTOR('',#3726,1.);
#3726 = DIRECTION('',(-0.707106781187,0.707106781187,0.));
#3727 = PCURVE('',#3645,#3728);
#3728 = DEFINITIONAL_REPRESENTATION('',(#3729),#3733);
#3729 = LINE('',#3730,#3731);
#3730 = CARTESIAN_POINT('',(3.262029020921,-4.440892098501E-16));
#3731 = VECTOR('',#3732,1.);
#3732 = DIRECTION('',(0.,-1.));
#3733 = ( GEOMETRIC_REPRESENTATION_CONTEXT(2) 
PARAMETRIC_REPRESENTATION_CONTEXT() REPRESENTATION_CONTEXT('2D SPACE',''
  ) );
#3734 = PCURVE('',#3486,#3735);
#3735 = DEFINITIONAL_REPRESENTATION('',(#3736),#3740);
#3736 = LINE('',#3737,#3738);
#3737 = CARTESIAN_POINT('',(0.,0.));
#3738 = VECTOR('',#3739,1.);
#3739 = DIRECTION('',(0.,-1.));
#3740 = ( GEOMETRIC_REPRESENTATION_CONTEXT(2) 
PARAMETRIC_REPRESENTATION_CONTEXT() REPRESENTATION_CONTEXT('2D SPACE',''
  ) );
#3741 = ORIENTED_EDGE('',*,*,#3742,.F.);
#3742 = EDGE_CURVE('',#3666,#3720,#3743,.T.);
#3743 = SURFACE_CURVE('',#3744,(#3748,#3755),.PCURVE_S1.);
#3744 = LINE('',#3745,#3746);
#3745 = CARTESIAN_POINT('',(-9.828784258493,9.828784258493,
    11.687970979079));
#3746 = VECTOR('',#3747,1.);
#3747 = DIRECTION('',(-0.612372435696,-0.612372435696,0.5));
#3748 = PCURVE('',#3645,#3749);
#3749 = DEFINITIONAL_REPRESENTATION('',(#3750),#3754);
#3750 = LINE('',#3751,#3752);
#3751 = CARTESIAN_POINT('',(0.,0.));
#3752 = VECTOR('',#3753,1.);
#3753 = DIRECTION('',(1.,0.));
#3754 = ( GEOMETRIC_REPRESENTATION_CONTEXT(2) 
PARAMETRIC_REPRESENTATION_CONTEXT() REPRESENTATION_CONTEXT('2D SPACE',''
  ) );
#3755 = PCURVE('',#3756,#3761);
#3756 = PLANE('',#3757);
#3757 = AXIS2_PLACEMENT_3D('',#3758,#3759,#3760);
#3758 = CARTESIAN_POINT('',(-9.828784258493,9.828784258493,14.95));
#3759 = DIRECTION('',(-0.707106781187,0.707106781187,0.));
#3760 = DIRECTION('',(0.707106781187,0.707106781187,0.));
#3761 = DEFINITIONAL_REPRESENTATION('',(#3762),#3766);
#3762 = LINE('',#3763,#3764);
#3763 = CARTESIAN_POINT('',(-1.256073966947E-15,3.262029020921));
#3764 = VECTOR('',#3765,1.);
#3765 = DIRECTION('',(-0.866025403784,-0.5));
#3766 = ( GEOMETRIC_REPRESENTATION_CONTEXT(2) 
PARAMETRIC_REPRESENTATION_CONTEXT() REPRESENTATION_CONTEXT('2D SPACE',''
  ) );
#3767 = ADVANCED_FACE('',(#3768),#3756,.T.);
#3768 = FACE_BOUND('',#3769,.T.);
#3769 = EDGE_LOOP('',(#3770,#3793,#3816,#3837,#3866,#3885));
#3770 = ORIENTED_EDGE('',*,*,#3771,.T.);
#3771 = EDGE_CURVE('',#3720,#3772,#3774,.T.);
#3772 = VERTEX_POINT('',#3773);
#3773 = CARTESIAN_POINT('',(-11.82636091534,7.831207601641,
    16.581014510461));
#3774 = SURFACE_CURVE('',#3775,(#3779,#3786),.PCURVE_S1.);
#3775 = LINE('',#3776,#3777);
#3776 = CARTESIAN_POINT('',(-11.82636091534,7.831207601641,
    13.318985489539));
#3777 = VECTOR('',#3778,1.);
#3778 = DIRECTION('',(-1.925295512227E-16,-1.925295512227E-16,1.));
#3779 = PCURVE('',#3756,#3780);
#3780 = DEFINITIONAL_REPRESENTATION('',(#3781),#3785);
#3781 = LINE('',#3782,#3783);
#3782 = CARTESIAN_POINT('',(-2.825,1.631014510461));
#3783 = VECTOR('',#3784,1.);
#3784 = DIRECTION('',(-2.722779024968E-16,-1.));
#3785 = ( GEOMETRIC_REPRESENTATION_CONTEXT(2) 
PARAMETRIC_REPRESENTATION_CONTEXT() REPRESENTATION_CONTEXT('2D SPACE',''
  ) );
#3786 = PCURVE('',#3486,#3787);
#3787 = DEFINITIONAL_REPRESENTATION('',(#3788),#3792);
#3788 = LINE('',#3789,#3790);
#3789 = CARTESIAN_POINT('',(0.,0.));
#3790 = VECTOR('',#3791,1.);
#3791 = DIRECTION('',(1.,0.));
#3792 = ( GEOMETRIC_REPRESENTATION_CONTEXT(2) 
PARAMETRIC_REPRESENTATION_CONTEXT() REPRESENTATION_CONTEXT('2D SPACE',''
  ) );
#3793 = ORIENTED_EDGE('',*,*,#3794,.T.);
#3794 = EDGE_CURVE('',#3772,#3795,#3797,.T.);
#3795 = VERTEX_POINT('',#3796);
#3796 = CARTESIAN_POINT('',(-11.00988543959,8.647683077391,
    17.247663944822));
#3797 = SURFACE_CURVE('',#3798,(#3802,#3809),.PCURVE_S1.);
#3798 = LINE('',#3799,#3800);
#3799 = CARTESIAN_POINT('',(-11.82636091534,7.831207601641,
    16.581014510461));
#3800 = VECTOR('',#3801,1.);
#3801 = DIRECTION('',(0.612372435696,0.612372435696,0.5));
#3802 = PCURVE('',#3756,#3803);
#3803 = DEFINITIONAL_REPRESENTATION('',(#3804),#3808);
#3804 = LINE('',#3805,#3806);
#3805 = CARTESIAN_POINT('',(-2.825,-1.631014510461));
#3806 = VECTOR('',#3807,1.);
#3807 = DIRECTION('',(0.866025403784,-0.5));
#3808 = ( GEOMETRIC_REPRESENTATION_CONTEXT(2) 
PARAMETRIC_REPRESENTATION_CONTEXT() REPRESENTATION_CONTEXT('2D SPACE',''
  ) );
#3809 = PCURVE('',#3514,#3810);
#3810 = DEFINITIONAL_REPRESENTATION('',(#3811),#3815);
#3811 = LINE('',#3812,#3813);
#3812 = CARTESIAN_POINT('',(0.,0.));
#3813 = VECTOR('',#3814,1.);
#3814 = DIRECTION('',(1.,-1.942890293094E-16));
#3815 = ( GEOMETRIC_REPRESENTATION_CONTEXT(2) 
PARAMETRIC_REPRESENTATION_CONTEXT() REPRESENTATION_CONTEXT('2D SPACE',''
  ) );
#3816 = ORIENTED_EDGE('',*,*,#3817,.F.);
#3817 = EDGE_CURVE('',#3818,#3795,#3820,.T.);
#3818 = VERTEX_POINT('',#3819);
#3819 = CARTESIAN_POINT('',(-11.00988543111,8.647683085868,
    15.266227832755));
#3820 = SURFACE_CURVE('',#3821,(#3825,#3831),.PCURVE_S1.);
#3821 = LINE('',#3822,#3823);
#3822 = CARTESIAN_POINT('',(-11.00988543959,8.647683077391,-1.));
#3823 = VECTOR('',#3824,1.);
#3824 = DIRECTION('',(0.,0.,1.));
#3825 = PCURVE('',#3756,#3826);
#3826 = DEFINITIONAL_REPRESENTATION('',(#3827),#3830);
#3827 = B_SPLINE_CURVE_WITH_KNOTS('',1,(#3828,#3829),.UNSPECIFIED.,.F.,
  .F.,(2,2),(12.035565174894,18.8000006),.PIECEWISE_BEZIER_KNOTS.);
#3828 = CARTESIAN_POINT('',(-1.670329308849,3.914434825106));
#3829 = CARTESIAN_POINT('',(-1.670329308849,-2.8500006));
#3830 = ( GEOMETRIC_REPRESENTATION_CONTEXT(2) 
PARAMETRIC_REPRESENTATION_CONTEXT() REPRESENTATION_CONTEXT('2D SPACE',''
  ) );
#3831 = PCURVE('',#3682,#3832);
#3832 = DEFINITIONAL_REPRESENTATION('',(#3833),#3836);
#3833 = B_SPLINE_CURVE_WITH_KNOTS('',1,(#3834,#3835),.UNSPECIFIED.,.F.,
  .F.,(2,2),(12.035565174894,18.8000006),.PIECEWISE_BEZIER_KNOTS.);
#3834 = CARTESIAN_POINT('',(2.475788610269,12.035565174894));
#3835 = CARTESIAN_POINT('',(2.475788610269,18.8000006));
#3836 = ( GEOMETRIC_REPRESENTATION_CONTEXT(2) 
PARAMETRIC_REPRESENTATION_CONTEXT() REPRESENTATION_CONTEXT('2D SPACE',''
  ) );
#3837 = ORIENTED_EDGE('',*,*,#3838,.F.);
#3838 = EDGE_CURVE('',#3839,#3818,#3841,.T.);
#3839 = VERTEX_POINT('',#3840);
#3840 = CARTESIAN_POINT('',(-11.0098854292,8.647683087781,14.63377217198
    ));
#3841 = SURFACE_CURVE('',#3842,(#3847,#3854),.PCURVE_S1.);
#3842 = CIRCLE('',#3843,1.7);
#3843 = AXIS2_PLACEMENT_3D('',#3844,#3845,#3846);
#3844 = CARTESIAN_POINT('',(-9.828784258493,9.828784258493,14.95));
#3845 = DIRECTION('',(-0.707106781187,0.707106781187,3.885780586188E-15)
  );
#3846 = DIRECTION('',(-0.694765395723,-0.694765395723,-0.186016369741));
#3847 = PCURVE('',#3756,#3848);
#3848 = DEFINITIONAL_REPRESENTATION('',(#3849),#3853);
#3849 = CIRCLE('',#3850,1.7);
#3850 = AXIS2_PLACEMENT_2D('',#3851,#3852);
#3851 = CARTESIAN_POINT('',(-2.512147933894E-15,-5.329070518201E-15));
#3852 = DIRECTION('',(-0.982546645299,0.186016369741));
#3853 = ( GEOMETRIC_REPRESENTATION_CONTEXT(2) 
PARAMETRIC_REPRESENTATION_CONTEXT() REPRESENTATION_CONTEXT('2D SPACE',''
  ) );
#3854 = PCURVE('',#3855,#3860);
#3855 = CYLINDRICAL_SURFACE('',#3856,1.7);
#3856 = AXIS2_PLACEMENT_3D('',#3857,#3858,#3859);
#3857 = CARTESIAN_POINT('',(21.213203435596,-21.21320343559,14.95));
#3858 = DIRECTION('',(-0.707106781187,0.707106781187,0.));
#3859 = DIRECTION('',(0.707106781187,0.707106781187,0.));
#3860 = DEFINITIONAL_REPRESENTATION('',(#3861),#3865);
#3861 = LINE('',#3862,#3863);
#3862 = CARTESIAN_POINT('',(2.954486468436,43.9));
#3863 = VECTOR('',#3864,1.);
#3864 = DIRECTION('',(1.,0.));
#3865 = ( GEOMETRIC_REPRESENTATION_CONTEXT(2) 
PARAMETRIC_REPRESENTATION_CONTEXT() REPRESENTATION_CONTEXT('2D SPACE',''
  ) );
#3866 = ORIENTED_EDGE('',*,*,#3867,.F.);
#3867 = EDGE_CURVE('',#3666,#3839,#3868,.T.);
#3868 = SURFACE_CURVE('',#3869,(#3873,#3879),.PCURVE_S1.);
#3869 = LINE('',#3870,#3871);
#3870 = CARTESIAN_POINT('',(-11.00988543959,8.647683077391,-1.));
#3871 = VECTOR('',#3872,1.);
#3872 = DIRECTION('',(0.,0.,1.));
#3873 = PCURVE('',#3756,#3874);
#3874 = DEFINITIONAL_REPRESENTATION('',(#3875),#3878);
#3875 = B_SPLINE_CURVE_WITH_KNOTS('',1,(#3876,#3877),.UNSPECIFIED.,.F.,
  .F.,(2,2),(12.035565174894,18.8000006),.PIECEWISE_BEZIER_KNOTS.);
#3876 = CARTESIAN_POINT('',(-1.670329308849,3.914434825106));
#3877 = CARTESIAN_POINT('',(-1.670329308849,-2.8500006));
#3878 = ( GEOMETRIC_REPRESENTATION_CONTEXT(2) 
PARAMETRIC_REPRESENTATION_CONTEXT() REPRESENTATION_CONTEXT('2D SPACE',''
  ) );
#3879 = PCURVE('',#3682,#3880);
#3880 = DEFINITIONAL_REPRESENTATION('',(#3881),#3884);
#3881 = B_SPLINE_CURVE_WITH_KNOTS('',1,(#3882,#3883),.UNSPECIFIED.,.F.,
  .F.,(2,2),(12.035565174894,18.8000006),.PIECEWISE_BEZIER_KNOTS.);
#3882 = CARTESIAN_POINT('',(2.475788610269,12.035565174894));
#3883 = CARTESIAN_POINT('',(2.475788610269,18.8000006));
#3884 = ( GEOMETRIC_REPRESENTATION_CONTEXT(2) 
PARAMETRIC_REPRESENTATION_CONTEXT() REPRESENTATION_CONTEXT('2D SPACE',''
  ) );
#3885 = ORIENTED_EDGE('',*,*,#3742,.T.);
#3886 = ADVANCED_FACE('',(#3887),#3855,.F.);
#3887 = FACE_BOUND('',#3888,.F.);
#3888 = EDGE_LOOP('',(#3889,#3890));
#3889 = ORIENTED_EDGE('',*,*,#3838,.F.);
#3890 = ORIENTED_EDGE('',*,*,#3891,.T.);
#3891 = EDGE_CURVE('',#3839,#3818,#3892,.T.);
#3892 = SURFACE_CURVE('',#3893,(#3903,#3932),.PCURVE_S1.);
#3893 = B_SPLINE_CURVE_WITH_KNOTS('',8,(#3894,#3895,#3896,#3897,#3898,
    #3899,#3900,#3901,#3902),.UNSPECIFIED.,.F.,.F.,(9,9),(0.466535885598
    ,0.533458585016),.PIECEWISE_BEZIER_KNOTS.);
#3894 = CARTESIAN_POINT('',(-11.0098854292,8.647683087781,14.63377217198
    ));
#3895 = CARTESIAN_POINT('',(-11.01912344082,8.63592161891,
    14.712204571976));
#3896 = CARTESIAN_POINT('',(-11.02569565729,8.627524576404,
    14.791143343609));
#3897 = CARTESIAN_POINT('',(-11.02963078236,8.622485110321,
    14.870422784495));
#3898 = CARTESIAN_POINT('',(-11.03094433221,8.620800969623,
    14.949881815067));
#3899 = CARTESIAN_POINT('',(-11.02963969806,8.622473677402,
    15.029359595653));
#3900 = CARTESIAN_POINT('',(-11.02570898701,8.627507542612,
    15.10869195627));
#3901 = CARTESIAN_POINT('',(-11.01913371563,8.635908539502,
    15.187708198989));
#3902 = CARTESIAN_POINT('',(-11.00988543111,8.647683085868,
    15.266227832755));
#3903 = PCURVE('',#3855,#3904);
#3904 = DEFINITIONAL_REPRESENTATION('',(#3905),#3931);
#3905 = B_SPLINE_CURVE_WITH_KNOTS('',3,(#3906,#3907,#3908,#3909,#3910,
    #3911,#3912,#3913,#3914,#3915,#3916,#3917,#3918,#3919,#3920,#3921,
    #3922,#3923,#3924,#3925,#3926,#3927,#3928,#3929,#3930),
  .UNSPECIFIED.,.F.,.F.,(4,1,1,1,1,1,1,1,1,1,1,1,1,1,1,1,1,1,1,1,1,1,4),
  (0.466535885598,0.469577826481,0.472619767364,0.475661708246,
    0.478703649129,0.481745590011,0.484787530894,0.487829471777,
    0.490871412659,0.493913353542,0.496955294425,0.499997235307,
    0.50303917619,0.506081117073,0.509123057955,0.512164998838,
    0.51520693972,0.518248880603,0.521290821486,0.524332762368,
    0.527374703251,0.530416644134,0.533458585016),
  .QUASI_UNIFORM_KNOTS.);
#3906 = CARTESIAN_POINT('',(2.954486468436,43.9));
#3907 = CARTESIAN_POINT('',(2.960178133124,43.899783711088));
#3908 = CARTESIAN_POINT('',(2.971554763015,43.899370199587));
#3909 = CARTESIAN_POINT('',(2.988601613136,43.898807549594));
#3910 = CARTESIAN_POINT('',(3.005632381421,43.898302952112));
#3911 = CARTESIAN_POINT('',(3.022649048756,43.897856783019));
#3912 = CARTESIAN_POINT('',(3.039653576835,43.897469379414));
#3913 = CARTESIAN_POINT('',(3.056647906457,43.897141034186));
#3914 = CARTESIAN_POINT('',(3.073633959677,43.896871997495));
#3915 = CARTESIAN_POINT('',(3.090613640889,43.896662476353));
#3916 = CARTESIAN_POINT('',(3.107588838166,43.896512634656));
#3917 = CARTESIAN_POINT('',(3.124561424502,43.896422593048));
#3918 = CARTESIAN_POINT('',(3.141533259065,43.896392428778));
#3919 = CARTESIAN_POINT('',(3.158506188424,43.896422175514));
#3920 = CARTESIAN_POINT('',(3.175482047769,43.89651182312));
#3921 = CARTESIAN_POINT('',(3.192462662121,43.896661317396));
#3922 = CARTESIAN_POINT('',(3.209449847538,43.896870559791));
#3923 = CARTESIAN_POINT('',(3.226445412312,43.897139407068));
#3924 = CARTESIAN_POINT('',(3.243451158161,43.897467670982));
#3925 = CARTESIAN_POINT('',(3.260468881431,43.897855117774));
#3926 = CARTESIAN_POINT('',(3.277500374283,43.898301468193));
#3927 = CARTESIAN_POINT('',(3.294547425905,43.898806395431));
#3928 = CARTESIAN_POINT('',(3.311611823665,43.899369530695));
#3929 = CARTESIAN_POINT('',(3.323000844219,43.899783470345));
#3930 = CARTESIAN_POINT('',(3.328698841185,43.9));
#3931 = ( GEOMETRIC_REPRESENTATION_CONTEXT(2) 
PARAMETRIC_REPRESENTATION_CONTEXT() REPRESENTATION_CONTEXT('2D SPACE',''
  ) );
#3932 = PCURVE('',#3682,#3933);
#3933 = DEFINITIONAL_REPRESENTATION('',(#3934),#3960);
#3934 = B_SPLINE_CURVE_WITH_KNOTS('',3,(#3935,#3936,#3937,#3938,#3939,
    #3940,#3941,#3942,#3943,#3944,#3945,#3946,#3947,#3948,#3949,#3950,
    #3951,#3952,#3953,#3954,#3955,#3956,#3957,#3958,#3959),
  .UNSPECIFIED.,.F.,.F.,(4,1,1,1,1,1,1,1,1,1,1,1,1,1,1,1,1,1,1,1,1,1,4),
  (0.466535885598,0.469577826481,0.472619767364,0.475661708246,
    0.478703649129,0.481745590011,0.484787530894,0.487829471777,
    0.490871412659,0.493913353542,0.496955294425,0.499997235307,
    0.50303917619,0.506081117073,0.509123057955,0.512164998838,
    0.51520693972,0.518248880603,0.521290821486,0.524332762368,
    0.527374703251,0.530416644134,0.533458585016),
  .QUASI_UNIFORM_KNOTS.);
#3935 = CARTESIAN_POINT('',(2.475788609227,15.63377217198));
#3936 = CARTESIAN_POINT('',(2.475918095329,15.643279131756));
#3937 = CARTESIAN_POINT('',(2.476165244354,15.662312572285));
#3938 = CARTESIAN_POINT('',(2.476500541025,15.690916112194));
#3939 = CARTESIAN_POINT('',(2.47680045578,15.719567838318));
#3940 = CARTESIAN_POINT('',(2.47706502557,15.748262589569));
#3941 = CARTESIAN_POINT('',(2.477294282259,15.776995218852));
#3942 = CARTESIAN_POINT('',(2.477488252006,15.805760591153));
#3943 = CARTESIAN_POINT('',(2.477646955591,15.834553577504));
#3944 = CARTESIAN_POINT('',(2.477770408482,15.863369050197));
#3945 = CARTESIAN_POINT('',(2.477858620981,15.892201877791));
#3946 = CARTESIAN_POINT('',(2.477911598336,15.921046920298));
#3947 = CARTESIAN_POINT('',(2.477929340872,15.949899024435));
#3948 = CARTESIAN_POINT('',(2.477911844109,15.978753018964));
#3949 = CARTESIAN_POINT('',(2.477859098884,16.007603710096));
#3950 = CARTESIAN_POINT('',(2.477771091477,16.036445876972));
#3951 = CARTESIAN_POINT('',(2.477647803727,16.065274267197));
#3952 = CARTESIAN_POINT('',(2.477489213156,16.09408359242));
#3953 = CARTESIAN_POINT('',(2.477295293091,16.122868524003));
#3954 = CARTESIAN_POINT('',(2.477066012772,16.15162368854));
#3955 = CARTESIAN_POINT('',(2.476801337508,16.18034366414));
#3956 = CARTESIAN_POINT('',(2.476501228675,16.209022973951));
#3957 = CARTESIAN_POINT('',(2.476165644278,16.237656090138));
#3958 = CARTESIAN_POINT('',(2.475918239702,16.256710295962));
#3959 = CARTESIAN_POINT('',(2.475788609419,16.266227832755));
#3960 = ( GEOMETRIC_REPRESENTATION_CONTEXT(2) 
PARAMETRIC_REPRESENTATION_CONTEXT() REPRESENTATION_CONTEXT('2D SPACE',''
  ) );
#3961 = ADVANCED_FACE('',(#3962),#3682,.F.);
#3962 = FACE_BOUND('',#3963,.F.);
#3963 = EDGE_LOOP('',(#3964,#3990,#4013,#4035,#4036,#4060,#4092,#4118,
    #4203,#4224,#4256,#4288,#4314,#4522,#4543,#4575,#4599,#4631,#4657,
    #4865,#4886,#4918,#4950,#4976,#5061,#5082,#5114,#5138,#5163,#5164,
    #5165,#5166,#5167,#5194,#5220,#5305,#5326,#5353,#5377,#5409,#5435,
    #5520,#5541,#5573,#5605,#5631,#5709,#5730));
#3964 = ORIENTED_EDGE('',*,*,#3965,.F.);
#3965 = EDGE_CURVE('',#3966,#3968,#3970,.T.);
#3966 = VERTEX_POINT('',#3967);
#3967 = CARTESIAN_POINT('',(14.,1.133844791107E-15,17.8));
#3968 = VERTEX_POINT('',#3969);
#3969 = CARTESIAN_POINT('',(10.391255138847,9.381994278371,17.8));
#3970 = SURFACE_CURVE('',#3971,(#3976,#3983),.PCURVE_S1.);
#3971 = CIRCLE('',#3972,14.);
#3972 = AXIS2_PLACEMENT_3D('',#3973,#3974,#3975);
#3973 = CARTESIAN_POINT('',(8.919579023371E-14,1.133844791107E-15,17.8)
  );
#3974 = DIRECTION('',(0.,0.,1.));
#3975 = DIRECTION('',(1.,0.,-0.));
#3976 = PCURVE('',#3682,#3977);
#3977 = DEFINITIONAL_REPRESENTATION('',(#3978),#3982);
#3978 = LINE('',#3979,#3980);
#3979 = CARTESIAN_POINT('',(0.,18.8));
#3980 = VECTOR('',#3981,1.);
#3981 = DIRECTION('',(1.,0.));
#3982 = ( GEOMETRIC_REPRESENTATION_CONTEXT(2) 
PARAMETRIC_REPRESENTATION_CONTEXT() REPRESENTATION_CONTEXT('2D SPACE',''
  ) );
#3983 = PCURVE('',#731,#3984);
#3984 = DEFINITIONAL_REPRESENTATION('',(#3985),#3989);
#3985 = CIRCLE('',#3986,14.);
#3986 = AXIS2_PLACEMENT_2D('',#3987,#3988);
#3987 = CARTESIAN_POINT('',(9.035956906991E-14,1.901290118573E-15));
#3988 = DIRECTION('',(1.,0.));
#3989 = ( GEOMETRIC_REPRESENTATION_CONTEXT(2) 
PARAMETRIC_REPRESENTATION_CONTEXT() REPRESENTATION_CONTEXT('2D SPACE',''
  ) );
#3990 = ORIENTED_EDGE('',*,*,#3991,.T.);
#3991 = EDGE_CURVE('',#3966,#3992,#3994,.T.);
#3992 = VERTEX_POINT('',#3993);
#3993 = CARTESIAN_POINT('',(14.,-3.429011037613E-15,0.));
#3994 = SEAM_CURVE('',#3995,(#3999,#4006),.PCURVE_S1.);
#3995 = LINE('',#3996,#3997);
#3996 = CARTESIAN_POINT('',(14.,1.133844791107E-15,17.8));
#3997 = VECTOR('',#3998,1.);
#3998 = DIRECTION('',(-2.395087873349E-15,-2.563402150966E-16,-1.));
#3999 = PCURVE('',#3682,#4000);
#4000 = DEFINITIONAL_REPRESENTATION('',(#4001),#4005);
#4001 = LINE('',#4002,#4003);
#4002 = CARTESIAN_POINT('',(0.,18.8));
#4003 = VECTOR('',#4004,1.);
#4004 = DIRECTION('',(-0.,-1.));
#4005 = ( GEOMETRIC_REPRESENTATION_CONTEXT(2) 
PARAMETRIC_REPRESENTATION_CONTEXT() REPRESENTATION_CONTEXT('2D SPACE',''
  ) );
#4006 = PCURVE('',#3682,#4007);
#4007 = DEFINITIONAL_REPRESENTATION('',(#4008),#4012);
#4008 = LINE('',#4009,#4010);
#4009 = CARTESIAN_POINT('',(6.28318530718,18.8));
#4010 = VECTOR('',#4011,1.);
#4011 = DIRECTION('',(-0.,-1.));
#4012 = ( GEOMETRIC_REPRESENTATION_CONTEXT(2) 
PARAMETRIC_REPRESENTATION_CONTEXT() REPRESENTATION_CONTEXT('2D SPACE',''
  ) );
#4013 = ORIENTED_EDGE('',*,*,#4014,.T.);
#4014 = EDGE_CURVE('',#3992,#3992,#4015,.T.);
#4015 = SURFACE_CURVE('',#4016,(#4021,#4028),.PCURVE_S1.);
#4016 = CIRCLE('',#4017,14.);
#4017 = AXIS2_PLACEMENT_3D('',#4018,#4019,#4020);
#4018 = CARTESIAN_POINT('',(0.,0.,0.));
#4019 = DIRECTION('',(0.,0.,1.));
#4020 = DIRECTION('',(1.,0.,-0.));
#4021 = PCURVE('',#3682,#4022);
#4022 = DEFINITIONAL_REPRESENTATION('',(#4023),#4027);
#4023 = LINE('',#4024,#4025);
#4024 = CARTESIAN_POINT('',(0.,1.));
#4025 = VECTOR('',#4026,1.);
#4026 = DIRECTION('',(1.,0.));
#4027 = ( GEOMETRIC_REPRESENTATION_CONTEXT(2) 
PARAMETRIC_REPRESENTATION_CONTEXT() REPRESENTATION_CONTEXT('2D SPACE',''
  ) );
#4028 = PCURVE('',#43,#4029);
#4029 = DEFINITIONAL_REPRESENTATION('',(#4030),#4034);
#4030 = CIRCLE('',#4031,14.);
#4031 = AXIS2_PLACEMENT_2D('',#4032,#4033);
#4032 = CARTESIAN_POINT('',(1.250230978322E-15,-2.32193833596E-15));
#4033 = DIRECTION('',(1.,0.));
#4034 = ( GEOMETRIC_REPRESENTATION_CONTEXT(2) 
PARAMETRIC_REPRESENTATION_CONTEXT() REPRESENTATION_CONTEXT('2D SPACE',''
  ) );
#4035 = ORIENTED_EDGE('',*,*,#3991,.F.);
#4036 = ORIENTED_EDGE('',*,*,#4037,.F.);
#4037 = EDGE_CURVE('',#4038,#3966,#4040,.T.);
#4038 = VERTEX_POINT('',#4039);
#4039 = CARTESIAN_POINT('',(10.391255138847,-9.381994278371,17.8));
#4040 = SURFACE_CURVE('',#4041,(#4046,#4053),.PCURVE_S1.);
#4041 = CIRCLE('',#4042,14.);
#4042 = AXIS2_PLACEMENT_3D('',#4043,#4044,#4045);
#4043 = CARTESIAN_POINT('',(8.919579023371E-14,1.133844791107E-15,17.8)
  );
#4044 = DIRECTION('',(0.,0.,1.));
#4045 = DIRECTION('',(1.,0.,-0.));
#4046 = PCURVE('',#3682,#4047);
#4047 = DEFINITIONAL_REPRESENTATION('',(#4048),#4052);
#4048 = LINE('',#4049,#4050);
#4049 = CARTESIAN_POINT('',(0.,18.8));
#4050 = VECTOR('',#4051,1.);
#4051 = DIRECTION('',(1.,0.));
#4052 = ( GEOMETRIC_REPRESENTATION_CONTEXT(2) 
PARAMETRIC_REPRESENTATION_CONTEXT() REPRESENTATION_CONTEXT('2D SPACE',''
  ) );
#4053 = PCURVE('',#731,#4054);
#4054 = DEFINITIONAL_REPRESENTATION('',(#4055),#4059);
#4055 = CIRCLE('',#4056,14.);
#4056 = AXIS2_PLACEMENT_2D('',#4057,#4058);
#4057 = CARTESIAN_POINT('',(9.035956906991E-14,1.901290118573E-15));
#4058 = DIRECTION('',(1.,0.));
#4059 = ( GEOMETRIC_REPRESENTATION_CONTEXT(2) 
PARAMETRIC_REPRESENTATION_CONTEXT() REPRESENTATION_CONTEXT('2D SPACE',''
  ) );
#4060 = ORIENTED_EDGE('',*,*,#4061,.F.);
#4061 = EDGE_CURVE('',#4062,#4038,#4064,.T.);
#4062 = VERTEX_POINT('',#4063);
#4063 = CARTESIAN_POINT('',(11.009885439595,-8.647683077391,
    17.247663944822));
#4064 = SURFACE_CURVE('',#4065,(#4070,#4080),.PCURVE_S1.);
#4065 = ELLIPSE('',#4066,16.16580753731,14.);
#4066 = AXIS2_PLACEMENT_3D('',#4067,#4068,#4069);
#4067 = CARTESIAN_POINT('',(0.,0.,18.212029020921));
#4068 = DIRECTION('',(-0.353553390593,-0.353553390593,-0.866025403784));
#4069 = DIRECTION('',(-0.612372435696,-0.612372435696,0.5));
#4070 = PCURVE('',#3682,#4071);
#4071 = DEFINITIONAL_REPRESENTATION('',(#4072),#4079);
#4072 = B_SPLINE_CURVE_WITH_KNOTS('',5,(#4073,#4074,#4075,#4076,#4077,
    #4078),.UNSPECIFIED.,.F.,.F.,(6,6),(4.488560431449,4.661391581055),
  .PIECEWISE_BEZIER_KNOTS.);
#4073 = CARTESIAN_POINT('',(5.721615692718,17.417913059415));
#4074 = CARTESIAN_POINT('',(5.687049462796,17.690338991612));
#4075 = CARTESIAN_POINT('',(5.652483232875,17.965444489425));
#4076 = CARTESIAN_POINT('',(5.617917002954,18.242551432047));
#4077 = CARTESIAN_POINT('',(5.583350773033,18.520968327972));
#4078 = CARTESIAN_POINT('',(5.548784543111,18.8000006));
#4079 = ( GEOMETRIC_REPRESENTATION_CONTEXT(2) 
PARAMETRIC_REPRESENTATION_CONTEXT() REPRESENTATION_CONTEXT('2D SPACE',''
  ) );
#4080 = PCURVE('',#4081,#4086);
#4081 = PLANE('',#4082);
#4082 = AXIS2_PLACEMENT_3D('',#4083,#4084,#4085);
#4083 = CARTESIAN_POINT('',(11.826360915345,-7.831207601641,
    16.581014510461));
#4084 = DIRECTION('',(-0.353553390593,-0.353553390593,-0.866025403784));
#4085 = DIRECTION('',(-0.612372435696,-0.612372435696,0.5));
#4086 = DEFINITIONAL_REPRESENTATION('',(#4087),#4091);
#4087 = ELLIPSE('',#4088,16.16580753731,14.);
#4088 = AXIS2_PLACEMENT_2D('',#4089,#4090);
#4089 = CARTESIAN_POINT('',(3.262029020921,13.9));
#4090 = DIRECTION('',(1.,6.938893903907E-17));
#4091 = ( GEOMETRIC_REPRESENTATION_CONTEXT(2) 
PARAMETRIC_REPRESENTATION_CONTEXT() REPRESENTATION_CONTEXT('2D SPACE',''
  ) );
#4092 = ORIENTED_EDGE('',*,*,#4093,.F.);
#4093 = EDGE_CURVE('',#4094,#4062,#4096,.T.);
#4094 = VERTEX_POINT('',#4095);
#4095 = CARTESIAN_POINT('',(11.0098854446,-8.647683072386,
    15.266227753402));
#4096 = SURFACE_CURVE('',#4097,(#4101,#4107),.PCURVE_S1.);
#4097 = LINE('',#4098,#4099);
#4098 = CARTESIAN_POINT('',(11.009885439595,-8.647683077391,-1.));
#4099 = VECTOR('',#4100,1.);
#4100 = DIRECTION('',(0.,0.,1.));
#4101 = PCURVE('',#3682,#4102);
#4102 = DEFINITIONAL_REPRESENTATION('',(#4103),#4106);
#4103 = B_SPLINE_CURVE_WITH_KNOTS('',1,(#4104,#4105),.UNSPECIFIED.,.F.,
  .F.,(2,2),(12.035565174894,18.8000006),.PIECEWISE_BEZIER_KNOTS.);
#4104 = CARTESIAN_POINT('',(5.617381263859,12.035565174894));
#4105 = CARTESIAN_POINT('',(5.617381263859,18.8000006));
#4106 = ( GEOMETRIC_REPRESENTATION_CONTEXT(2) 
PARAMETRIC_REPRESENTATION_CONTEXT() REPRESENTATION_CONTEXT('2D SPACE',''
  ) );
#4107 = PCURVE('',#4108,#4113);
#4108 = PLANE('',#4109);
#4109 = AXIS2_PLACEMENT_3D('',#4110,#4111,#4112);
#4110 = CARTESIAN_POINT('',(9.828784258493,-9.828784258493,14.95));
#4111 = DIRECTION('',(0.707106781187,-0.707106781187,-0.));
#4112 = DIRECTION('',(-0.707106781187,-0.707106781187,0.));
#4113 = DEFINITIONAL_REPRESENTATION('',(#4114),#4117);
#4114 = B_SPLINE_CURVE_WITH_KNOTS('',1,(#4115,#4116),.UNSPECIFIED.,.F.,
  .F.,(2,2),(12.035565174894,18.8000006),.PIECEWISE_BEZIER_KNOTS.);
#4115 = CARTESIAN_POINT('',(-1.670329308849,3.914434825106));
#4116 = CARTESIAN_POINT('',(-1.670329308849,-2.8500006));
#4117 = ( GEOMETRIC_REPRESENTATION_CONTEXT(2) 
PARAMETRIC_REPRESENTATION_CONTEXT() REPRESENTATION_CONTEXT('2D SPACE',''
  ) );
#4118 = ORIENTED_EDGE('',*,*,#4119,.F.);
#4119 = EDGE_CURVE('',#4120,#4094,#4122,.T.);
#4120 = VERTEX_POINT('',#4121);
#4121 = CARTESIAN_POINT('',(11.009885452325,-8.647683064661,
    14.633772406584));
#4122 = SURFACE_CURVE('',#4123,(#4140,#4169),.PCURVE_S1.);
#4123 = B_SPLINE_CURVE_WITH_KNOTS('',8,(#4124,#4125,#4126,#4127,#4128,
    #4129,#4130,#4131,#4132,#4133,#4134,#4135,#4136,#4137,#4138,#4139),
  .UNSPECIFIED.,.F.,.F.,(9,7,9),(1.465952887391,1.500007847928,
    1.534061626823),.UNSPECIFIED.);
#4124 = CARTESIAN_POINT('',(11.009885452325,-8.647683064661,
    14.633772406584));
#4125 = CARTESIAN_POINT('',(11.014509229609,-8.641796251146,
    14.673029052832));
#4126 = CARTESIAN_POINT('',(11.018464030765,-8.63675374481,
    14.712402756122));
#4127 = CARTESIAN_POINT('',(11.021754066393,-8.632553915867,
    14.751872891421));
#4128 = CARTESIAN_POINT('',(11.024382743411,-8.629195385608,
    14.791419666658));
#4129 = CARTESIAN_POINT('',(11.02635263085,-8.626677089167,
    14.831024004379));
#4130 = CARTESIAN_POINT('',(11.027665424431,-8.624998333611,
    14.870667429222));
#4131 = CARTESIAN_POINT('',(11.028321907735,-8.624158851701,
    14.910331959354));
#4132 = CARTESIAN_POINT('',(11.028321907735,-8.624158851701,
    14.98966666424));
#4133 = CARTESIAN_POINT('',(11.02766542749,-8.624998319016,
    15.029330059777));
#4134 = CARTESIAN_POINT('',(11.026352681955,-8.62667700384,
    15.068972637619));
#4135 = CARTESIAN_POINT('',(11.024382881151,-8.629195185819,
    15.108576515478));
#4136 = CARTESIAN_POINT('',(11.021754293851,-8.632553603453,
    15.148123330486));
#4137 = CARTESIAN_POINT('',(11.018464300448,-8.636753384519,
    15.187594103395));
#4138 = CARTESIAN_POINT('',(11.014509438521,-8.641795976053,
    15.226969109744));
#4139 = CARTESIAN_POINT('',(11.0098854446,-8.647683072386,
    15.266227753402));
#4140 = PCURVE('',#3682,#4141);
#4141 = DEFINITIONAL_REPRESENTATION('',(#4142),#4168);
#4142 = B_SPLINE_CURVE_WITH_KNOTS('',3,(#4143,#4144,#4145,#4146,#4147,
    #4148,#4149,#4150,#4151,#4152,#4153,#4154,#4155,#4156,#4157,#4158,
    #4159,#4160,#4161,#4162,#4163,#4164,#4165,#4166,#4167),
  .UNSPECIFIED.,.F.,.F.,(4,1,1,1,1,1,1,1,1,1,1,1,1,1,1,1,1,1,1,1,1,1,4),
  (1.465952887391,1.469048739183,1.472144590975,1.475240442768,
    1.47833629456,1.481432146352,1.484527998145,1.487623849937,
    1.49071970173,1.493815553522,1.496911405314,1.500007257107,
    1.503103108899,1.506198960691,1.509294812484,1.512390664276,
    1.515486516069,1.518582367861,1.521678219653,1.524774071446,
    1.527869923238,1.53096577503,1.534061626823),.QUASI_UNIFORM_KNOTS.);
#4143 = CARTESIAN_POINT('',(5.617381265136,15.633772406584));
#4144 = CARTESIAN_POINT('',(5.617510882802,15.643289011679));
#4145 = CARTESIAN_POINT('',(5.61775825044,15.662340251112));
#4146 = CARTESIAN_POINT('',(5.61809375945,15.690966137391));
#4147 = CARTESIAN_POINT('',(5.618393789036,15.719635956145));
#4148 = CARTESIAN_POINT('',(5.61865839387,15.748344731903));
#4149 = CARTESIAN_POINT('',(5.618887622905,15.77708756153));
#4150 = CARTESIAN_POINT('',(5.619081518412,15.805859619665));
#4151 = CARTESIAN_POINT('',(5.61924011599,15.834656155417));
#4152 = CARTESIAN_POINT('',(5.619363444309,15.863472472098));
#4153 = CARTESIAN_POINT('',(5.619451524958,15.892303983769));
#4154 = CARTESIAN_POINT('',(5.619504372108,15.921145981808));
#4155 = CARTESIAN_POINT('',(5.619521992849,15.949994484786));
#4156 = CARTESIAN_POINT('',(5.61950438499,15.978843045309));
#4157 = CARTESIAN_POINT('',(5.619451549012,16.007685227365));
#4158 = CARTESIAN_POINT('',(5.619363478748,16.036517068829));
#4159 = CARTESIAN_POINT('',(5.61924015967,16.065333882537));
#4160 = CARTESIAN_POINT('',(5.619081569689,16.094131105974));
#4161 = CARTESIAN_POINT('',(5.61888767928,16.122904066342));
#4162 = CARTESIAN_POINT('',(5.618658451761,16.151648036107));
#4163 = CARTESIAN_POINT('',(5.618393843588,16.180358211822));
#4164 = CARTESIAN_POINT('',(5.61809380441,16.209029709862));
#4165 = CARTESIAN_POINT('',(5.617758278066,16.237657571672));
#4166 = CARTESIAN_POINT('',(5.617510892693,16.256710333528));
#4167 = CARTESIAN_POINT('',(5.617381264361,16.266227753402));
#4168 = ( GEOMETRIC_REPRESENTATION_CONTEXT(2) 
PARAMETRIC_REPRESENTATION_CONTEXT() REPRESENTATION_CONTEXT('2D SPACE',''
  ) );
#4169 = PCURVE('',#4170,#4175);
#4170 = CYLINDRICAL_SURFACE('',#4171,1.7);
#4171 = AXIS2_PLACEMENT_3D('',#4172,#4173,#4174);
#4172 = CARTESIAN_POINT('',(21.213203435596,-21.21320343559,14.95));
#4173 = DIRECTION('',(-0.707106781187,0.707106781187,0.));
#4174 = DIRECTION('',(0.707106781187,0.707106781187,0.));
#4175 = DEFINITIONAL_REPRESENTATION('',(#4176),#4202);
#4176 = B_SPLINE_CURVE_WITH_KNOTS('',3,(#4177,#4178,#4179,#4180,#4181,
    #4182,#4183,#4184,#4185,#4186,#4187,#4188,#4189,#4190,#4191,#4192,
    #4193,#4194,#4195,#4196,#4197,#4198,#4199,#4200,#4201),
  .UNSPECIFIED.,.F.,.F.,(4,1,1,1,1,1,1,1,1,1,1,1,1,1,1,1,1,1,1,1,1,1,4),
  (1.465952887391,1.469048739183,1.472144590975,1.475240442768,
    1.47833629456,1.481432146352,1.484527998145,1.487623849937,
    1.49071970173,1.493815553522,1.496911405314,1.500007257107,
    1.503103108899,1.506198960691,1.509294812484,1.512390664276,
    1.515486516069,1.518582367861,1.521678219653,1.524774071446,
    1.527869923238,1.53096577503,1.534061626823),.QUASI_UNIFORM_KNOTS.);
#4177 = CARTESIAN_POINT('',(6.470291353162,16.1));
#4178 = CARTESIAN_POINT('',(6.464593914022,16.10021650935));
#4179 = CARTESIAN_POINT('',(6.453206663787,16.100630388762));
#4180 = CARTESIAN_POINT('',(6.436146562488,16.101193399854));
#4181 = CARTESIAN_POINT('',(6.419105128628,16.10169819572));
#4182 = CARTESIAN_POINT('',(6.402080243451,16.102144428767));
#4183 = CARTESIAN_POINT('',(6.385069777832,16.10253178955));
#4184 = CARTESIAN_POINT('',(6.368071590152,16.102860011672));
#4185 = CARTESIAN_POINT('',(6.351083522093,16.103128869688));
#4186 = CARTESIAN_POINT('',(6.334103406308,16.10333817897));
#4187 = CARTESIAN_POINT('',(6.317129028369,16.10348779512));
#4188 = CARTESIAN_POINT('',(6.300158259365,16.103577613569));
#4189 = CARTESIAN_POINT('',(6.283188551272,16.103607569321));
#4190 = CARTESIAN_POINT('',(6.266218810235,16.103577636327));
#4191 = CARTESIAN_POINT('',(6.249247935176,16.103487839892));
#4192 = CARTESIAN_POINT('',(6.232273366547,16.103338244423));
#4193 = CARTESIAN_POINT('',(6.215292962728,16.103128953394));
#4194 = CARTESIAN_POINT('',(6.198304495283,16.102860109839));
#4195 = CARTESIAN_POINT('',(6.181305782292,16.102531896764));
#4196 = CARTESIAN_POINT('',(6.164294650767,16.102144537782));
#4197 = CARTESIAN_POINT('',(6.147268944799,16.101698297312));
#4198 = CARTESIAN_POINT('',(6.130226521864,16.101193482715));
#4199 = CARTESIAN_POINT('',(6.113165250859,16.100630439449));
#4200 = CARTESIAN_POINT('',(6.101777093701,16.100216528211));
#4201 = CARTESIAN_POINT('',(6.096079167535,16.1));
#4202 = ( GEOMETRIC_REPRESENTATION_CONTEXT(2) 
PARAMETRIC_REPRESENTATION_CONTEXT() REPRESENTATION_CONTEXT('2D SPACE',''
  ) );
#4203 = ORIENTED_EDGE('',*,*,#4204,.F.);
#4204 = EDGE_CURVE('',#4205,#4120,#4207,.T.);
#4205 = VERTEX_POINT('',#4206);
#4206 = CARTESIAN_POINT('',(11.009885439595,-8.647683077391,
    12.652336055178));
#4207 = SURFACE_CURVE('',#4208,(#4212,#4218),.PCURVE_S1.);
#4208 = LINE('',#4209,#4210);
#4209 = CARTESIAN_POINT('',(11.009885439595,-8.647683077391,-1.));
#4210 = VECTOR('',#4211,1.);
#4211 = DIRECTION('',(0.,0.,1.));
#4212 = PCURVE('',#3682,#4213);
#4213 = DEFINITIONAL_REPRESENTATION('',(#4214),#4217);
#4214 = B_SPLINE_CURVE_WITH_KNOTS('',1,(#4215,#4216),.UNSPECIFIED.,.F.,
  .F.,(2,2),(12.035565174894,18.8000006),.PIECEWISE_BEZIER_KNOTS.);
#4215 = CARTESIAN_POINT('',(5.617381263859,12.035565174894));
#4216 = CARTESIAN_POINT('',(5.617381263859,18.8000006));
#4217 = ( GEOMETRIC_REPRESENTATION_CONTEXT(2) 
PARAMETRIC_REPRESENTATION_CONTEXT() REPRESENTATION_CONTEXT('2D SPACE',''
  ) );
#4218 = PCURVE('',#4108,#4219);
#4219 = DEFINITIONAL_REPRESENTATION('',(#4220),#4223);
#4220 = B_SPLINE_CURVE_WITH_KNOTS('',1,(#4221,#4222),.UNSPECIFIED.,.F.,
  .F.,(2,2),(12.035565174894,18.8000006),.PIECEWISE_BEZIER_KNOTS.);
#4221 = CARTESIAN_POINT('',(-1.670329308849,3.914434825106));
#4222 = CARTESIAN_POINT('',(-1.670329308849,-2.8500006));
#4223 = ( GEOMETRIC_REPRESENTATION_CONTEXT(2) 
PARAMETRIC_REPRESENTATION_CONTEXT() REPRESENTATION_CONTEXT('2D SPACE',''
  ) );
#4224 = ORIENTED_EDGE('',*,*,#4225,.F.);
#4225 = EDGE_CURVE('',#4226,#4205,#4228,.T.);
#4226 = VERTEX_POINT('',#4227);
#4227 = CARTESIAN_POINT('',(9.899494936612,-9.899494936612,
    11.687970979079));
#4228 = SURFACE_CURVE('',#4229,(#4234,#4244),.PCURVE_S1.);
#4229 = ELLIPSE('',#4230,16.16580753731,14.);
#4230 = AXIS2_PLACEMENT_3D('',#4231,#4232,#4233);
#4231 = CARTESIAN_POINT('',(0.,0.,11.687970979079));
#4232 = DIRECTION('',(-0.353553390593,-0.353553390593,0.866025403784));
#4233 = DIRECTION('',(0.612372435696,0.612372435696,0.5));
#4234 = PCURVE('',#3682,#4235);
#4235 = DEFINITIONAL_REPRESENTATION('',(#4236),#4243);
#4236 = B_SPLINE_CURVE_WITH_KNOTS('',5,(#4237,#4238,#4239,#4240,#4241,
    #4242),.UNSPECIFIED.,.F.,.F.,(6,6),(4.692209039338,4.93621752932),
  .PIECEWISE_BEZIER_KNOTS.);
#4237 = CARTESIAN_POINT('',(5.477607202735,12.524869528033));
#4238 = CARTESIAN_POINT('',(5.526408900732,12.91924864155));
#4239 = CARTESIAN_POINT('',(5.575210598728,13.314113313816));
#4240 = CARTESIAN_POINT('',(5.624012296725,13.70750673476));
#4241 = CARTESIAN_POINT('',(5.672813994721,14.097467382716));
#4242 = CARTESIAN_POINT('',(5.721615692718,14.482086940585));
#4243 = ( GEOMETRIC_REPRESENTATION_CONTEXT(2) 
PARAMETRIC_REPRESENTATION_CONTEXT() REPRESENTATION_CONTEXT('2D SPACE',''
  ) );
#4244 = PCURVE('',#4245,#4250);
#4245 = PLANE('',#4246);
#4246 = AXIS2_PLACEMENT_3D('',#4247,#4248,#4249);
#4247 = CARTESIAN_POINT('',(9.828784258493,-9.828784258493,
    11.687970979079));
#4248 = DIRECTION('',(-0.353553390593,-0.353553390593,0.866025403784));
#4249 = DIRECTION('',(0.612372435696,0.612372435696,0.5));
#4250 = DEFINITIONAL_REPRESENTATION('',(#4251),#4255);
#4251 = ELLIPSE('',#4252,16.16580753731,14.);
#4252 = AXIS2_PLACEMENT_2D('',#4253,#4254);
#4253 = CARTESIAN_POINT('',(-8.881784197001E-16,13.9));
#4254 = DIRECTION('',(1.,1.387778780781E-17));
#4255 = ( GEOMETRIC_REPRESENTATION_CONTEXT(2) 
PARAMETRIC_REPRESENTATION_CONTEXT() REPRESENTATION_CONTEXT('2D SPACE',''
  ) );
#4256 = ORIENTED_EDGE('',*,*,#4257,.F.);
#4257 = EDGE_CURVE('',#4258,#4226,#4260,.T.);
#4258 = VERTEX_POINT('',#4259);
#4259 = CARTESIAN_POINT('',(8.647683077391,-11.00988543959,
    12.652336055178));
#4260 = SURFACE_CURVE('',#4261,(#4266,#4276),.PCURVE_S1.);
#4261 = ELLIPSE('',#4262,16.16580753731,14.);
#4262 = AXIS2_PLACEMENT_3D('',#4263,#4264,#4265);
#4263 = CARTESIAN_POINT('',(0.,0.,11.687970979079));
#4264 = DIRECTION('',(0.353553390593,0.353553390593,0.866025403784));
#4265 = DIRECTION('',(-0.612372435696,-0.612372435696,0.5));
#4266 = PCURVE('',#3682,#4267);
#4267 = DEFINITIONAL_REPRESENTATION('',(#4268),#4275);
#4268 = B_SPLINE_CURVE_WITH_KNOTS('',5,(#4269,#4270,#4271,#4272,#4273,
    #4274),.UNSPECIFIED.,.F.,.F.,(6,6),(1.346967777859,1.590976267842),
  .PIECEWISE_BEZIER_KNOTS.);
#4269 = CARTESIAN_POINT('',(5.273958594847,14.482086940585));
#4270 = CARTESIAN_POINT('',(5.322760292843,14.097467382716));
#4271 = CARTESIAN_POINT('',(5.37156199084,13.70750673476));
#4272 = CARTESIAN_POINT('',(5.420363688836,13.314113313816));
#4273 = CARTESIAN_POINT('',(5.469165386833,12.91924864155));
#4274 = CARTESIAN_POINT('',(5.517967084829,12.524869528033));
#4275 = ( GEOMETRIC_REPRESENTATION_CONTEXT(2) 
PARAMETRIC_REPRESENTATION_CONTEXT() REPRESENTATION_CONTEXT('2D SPACE',''
  ) );
#4276 = PCURVE('',#4277,#4282);
#4277 = PLANE('',#4278);
#4278 = AXIS2_PLACEMENT_3D('',#4279,#4280,#4281);
#4279 = CARTESIAN_POINT('',(7.831207601641,-11.82636091534,
    13.318985489539));
#4280 = DIRECTION('',(0.353553390593,0.353553390593,0.866025403784));
#4281 = DIRECTION('',(0.612372435696,0.612372435696,-0.5));
#4282 = DEFINITIONAL_REPRESENTATION('',(#4283),#4287);
#4283 = ELLIPSE('',#4284,16.16580753731,14.);
#4284 = AXIS2_PLACEMENT_2D('',#4285,#4286);
#4285 = CARTESIAN_POINT('',(3.262029020921,13.9));
#4286 = DIRECTION('',(-1.,-4.163336342344E-17));
#4287 = ( GEOMETRIC_REPRESENTATION_CONTEXT(2) 
PARAMETRIC_REPRESENTATION_CONTEXT() REPRESENTATION_CONTEXT('2D SPACE',''
  ) );
#4288 = ORIENTED_EDGE('',*,*,#4289,.T.);
#4289 = EDGE_CURVE('',#4258,#4290,#4292,.T.);
#4290 = VERTEX_POINT('',#4291);
#4291 = CARTESIAN_POINT('',(8.647683087781,-11.0098854292,14.63377217198
    ));
#4292 = SURFACE_CURVE('',#4293,(#4297,#4303),.PCURVE_S1.);
#4293 = LINE('',#4294,#4295);
#4294 = CARTESIAN_POINT('',(8.647683077391,-11.00988543959,-1.));
#4295 = VECTOR('',#4296,1.);
#4296 = DIRECTION('',(0.,0.,1.));
#4297 = PCURVE('',#3682,#4298);
#4298 = DEFINITIONAL_REPRESENTATION('',(#4299),#4302);
#4299 = B_SPLINE_CURVE_WITH_KNOTS('',1,(#4300,#4301),.UNSPECIFIED.,.F.,
  .F.,(2,2),(12.035565174894,18.8000006),.PIECEWISE_BEZIER_KNOTS.);
#4300 = CARTESIAN_POINT('',(5.378193023705,12.035565174894));
#4301 = CARTESIAN_POINT('',(5.378193023705,18.8000006));
#4302 = ( GEOMETRIC_REPRESENTATION_CONTEXT(2) 
PARAMETRIC_REPRESENTATION_CONTEXT() REPRESENTATION_CONTEXT('2D SPACE',''
  ) );
#4303 = PCURVE('',#4304,#4309);
#4304 = PLANE('',#4305);
#4305 = AXIS2_PLACEMENT_3D('',#4306,#4307,#4308);
#4306 = CARTESIAN_POINT('',(9.828784258493,-9.828784258493,14.95));
#4307 = DIRECTION('',(0.707106781187,-0.707106781187,-0.));
#4308 = DIRECTION('',(-0.707106781187,-0.707106781187,0.));
#4309 = DEFINITIONAL_REPRESENTATION('',(#4310),#4313);
#4310 = B_SPLINE_CURVE_WITH_KNOTS('',1,(#4311,#4312),.UNSPECIFIED.,.F.,
  .F.,(2,2),(12.035565174894,18.8000006),.PIECEWISE_BEZIER_KNOTS.);
#4311 = CARTESIAN_POINT('',(1.670329308849,3.914434825106));
#4312 = CARTESIAN_POINT('',(1.670329308849,-2.8500006));
#4313 = ( GEOMETRIC_REPRESENTATION_CONTEXT(2) 
PARAMETRIC_REPRESENTATION_CONTEXT() REPRESENTATION_CONTEXT('2D SPACE',''
  ) );
#4314 = ORIENTED_EDGE('',*,*,#4315,.F.);
#4315 = EDGE_CURVE('',#4316,#4290,#4318,.T.);
#4316 = VERTEX_POINT('',#4317);
#4317 = CARTESIAN_POINT('',(8.647683085868,-11.00988543111,
    15.266227832755));
#4318 = SURFACE_CURVE('',#4319,(#4371,#4444),.PCURVE_S1.);
#4319 = B_SPLINE_CURVE_WITH_KNOTS('',8,(#4320,#4321,#4322,#4323,#4324,
    #4325,#4326,#4327,#4328,#4329,#4330,#4331,#4332,#4333,#4334,#4335,
    #4336,#4337,#4338,#4339,#4340,#4341,#4342,#4343,#4344,#4345,#4346,
    #4347,#4348,#4349,#4350,#4351,#4352,#4353,#4354,#4355,#4356,#4357,
    #4358,#4359,#4360,#4361,#4362,#4363,#4364,#4365,#4366,#4367,#4368,
    #4369,#4370),.UNSPECIFIED.,.T.,.F.,(9,7,7,7,7,7,7,9),(0.500007847928
    ,0.66209438187,0.785541068301,0.911332012575,1.077911843839,
    1.214149157697,1.347233918467,1.500007847928),.UNSPECIFIED.);
#4320 = CARTESIAN_POINT('',(11.028321907735,-8.624158851701,14.95));
#4321 = CARTESIAN_POINT('',(11.028321907735,-8.624158851701,
    15.139406923787));
#4322 = CARTESIAN_POINT('',(11.01335396879,-8.643298948611,
    15.328739320212));
#4323 = CARTESIAN_POINT('',(10.983441493238,-8.681551945916,
    15.5160866203));
#4324 = CARTESIAN_POINT('',(10.938085465042,-8.739165884717,
    15.699364991839));
#4325 = CARTESIAN_POINT('',(10.876422536047,-8.816488792615,
    15.875951719988));
#4326 = CARTESIAN_POINT('',(10.797254909987,-8.913805632126,
    16.042455909391));
#4327 = CARTESIAN_POINT('',(10.699150689241,-9.031103579003,
    16.194367787702));
#4328 = CARTESIAN_POINT('',(10.490686476023,-9.271701037293,
    16.425070144636));
#4329 = CARTESIAN_POINT('',(10.386715372114,-9.389336091782,
    16.51499198512));
#4330 = CARTESIAN_POINT('',(10.270033677887,-9.518122192506,
    16.588336084655));
#4331 = CARTESIAN_POINT('',(10.142734890775,-9.654485014364,
    16.640142100443));
#4332 = CARTESIAN_POINT('',(10.007803600216,-9.794250173252,
    16.66724972382));
#4333 = CARTESIAN_POINT('',(9.868959002806,-9.933192947472,
    16.668327804576));
#4334 = CARTESIAN_POINT('',(9.730349177478,-10.06748884052,
    16.643931871893));
#4335 = CARTESIAN_POINT('',(9.459169383957,-10.32276347893,
    16.548351877868));
#4336 = CARTESIAN_POINT('',(9.329938621183,-10.44045351219,
    16.477407464638));
#4337 = CARTESIAN_POINT('',(9.210232613149,-10.54619038311,
    16.387645660182));
#4338 = CARTESIAN_POINT('',(9.101465318714,-10.63974259969,
    16.282543051599));
#4339 = CARTESIAN_POINT('',(9.00463128907,-10.72120322288,
    16.165281584337));
#4340 = CARTESIAN_POINT('',(8.920335014246,-10.79086376856,
    16.038809379549));
#4341 = CARTESIAN_POINT('',(8.848804174384,-10.84916551833,
    15.905864644134));
#4342 = CARTESIAN_POINT('',(8.711891619752,-10.95960715383,
    15.587712129184));
#4343 = CARTESIAN_POINT('',(8.654922775997,-11.00450808943,
    15.396973953132));
#4344 = CARTESIAN_POINT('',(8.619000482225,-11.03239674158,
    15.200537757426));
#4345 = CARTESIAN_POINT('',(8.603982526134,-11.04397565876,
    15.001336410293));
#4346 = CARTESIAN_POINT('',(8.609710348166,-11.03958168196,
    14.801878474293));
#4347 = CARTESIAN_POINT('',(8.636131796409,-11.01914122633,
    14.604473261399));
#4348 = CARTESIAN_POINT('',(8.683393603077,-10.98209341888,
    14.411527645987));
#4349 = CARTESIAN_POINT('',(8.807900941764,-10.88237251632,
    14.074584711207));
#4350 = CARTESIAN_POINT('',(8.878618168472,-10.82519455117,
    13.926715735886));
#4351 = CARTESIAN_POINT('',(8.964325082089,-10.75496943795,
    13.785449275583));
#4352 = CARTESIAN_POINT('',(9.064888811721,-10.6710800927,
    13.653987321891));
#4353 = CARTESIAN_POINT('',(9.179721728897,-10.57305535459,
    13.535870099248));
#4354 = CARTESIAN_POINT('',(9.307738208976,-10.460634029,13.435018523526
    ));
#4355 = CARTESIAN_POINT('',(9.447285772435,-10.33395009646,
    13.355836618271));
#4356 = CARTESIAN_POINT('',(9.741341357032,-10.05714137095,
    13.252193825961));
#4357 = CARTESIAN_POINT('',(9.891117216758,-9.9116853722,13.228029577495
    ));
#4358 = CARTESIAN_POINT('',(10.040464660065,-9.761447783422,
    13.233647065169));
#4359 = CARTESIAN_POINT('',(10.184438660302,-9.611091558073,
    13.269352569623));
#4360 = CARTESIAN_POINT('',(10.318719850597,-9.465683359533,
    13.333151267273));
#4361 = CARTESIAN_POINT('',(10.439982638942,-9.330209412891,
    13.420829155768));
#4362 = CARTESIAN_POINT('',(10.546058403098,-9.208680555206,
    13.526003802371));
#4363 = CARTESIAN_POINT('',(10.739316930448,-8.982889359376,
    13.771135152528));
#4364 = CARTESIAN_POINT('',(10.825084788234,-8.879516024414,
    13.91863064745));
#4365 = CARTESIAN_POINT('',(10.894503865616,-8.793789722614,
    14.077795074968));
#4366 = CARTESIAN_POINT('',(10.94872625335,-8.7256440994,14.245115653661
    ));
#4367 = CARTESIAN_POINT('',(10.98870218109,-8.674823984862,
    14.417936169558));
#4368 = CARTESIAN_POINT('',(11.015110125076,-8.641053496968,
    14.594161122668));
#4369 = CARTESIAN_POINT('',(11.028321907735,-8.624158851701,
    14.772045236645));
#4370 = CARTESIAN_POINT('',(11.028321907735,-8.624158851701,14.95));
#4371 = PCURVE('',#3682,#4372);
#4372 = DEFINITIONAL_REPRESENTATION('',(#4373),#4443);
#4373 = B_SPLINE_CURVE_WITH_KNOTS('',3,(#4374,#4375,#4376,#4377,#4378,
    #4379,#4380,#4381,#4382,#4383,#4384,#4385,#4386,#4387,#4388,#4389,
    #4390,#4391,#4392,#4393,#4394,#4395,#4396,#4397,#4398,#4399,#4400,
    #4401,#4402,#4403,#4404,#4405,#4406,#4407,#4408,#4409,#4410,#4411,
    #4412,#4413,#4414,#4415,#4416,#4417,#4418,#4419,#4420,#4421,#4422,
    #4423,#4424,#4425,#4426,#4427,#4428,#4429,#4430,#4431,#4432,#4433,
    #4434,#4435,#4436,#4437,#4438,#4439,#4440,#4441,#4442),
  .UNSPECIFIED.,.T.,.F.,(4,1,1,1,1,1,1,1,1,1,1,1,1,1,1,1,1,1,1,1,1,1,1,1
    ,1,1,1,1,1,1,1,1,1,1,1,1,1,1,1,1,1,1,1,1,1,1,1,1,1,1,1,1,1,1,1,1,1,1
    ,1,1,1,1,1,1,1,1,4),(0.500007847928,0.515159363079,0.530310878231,
    0.545462393382,0.560613908534,0.575765423686,0.590916938837,
    0.606068453989,0.62121996914,0.636371484292,0.651522999443,
    0.666674514595,0.681826029746,0.696977544898,0.712129060049,
    0.727280575201,0.742432090352,0.757583605504,0.772735120655,
    0.787886635807,0.803038150958,0.81818966611,0.833341181261,
    0.848492696413,0.863644211564,0.878795726716,0.893947241867,
    0.909098757019,0.92425027217,0.939401787322,0.954553302473,
    0.969704817625,0.984856332776,1.000007847928,1.015159363079,
    1.030310878231,1.045462393382,1.060613908534,1.075765423686,
    1.090916938837,1.106068453989,1.12121996914,1.136371484292,
    1.151522999443,1.166674514595,1.181826029746,1.196977544898,
    1.212129060049,1.227280575201,1.242432090352,1.257583605504,
    1.272735120655,1.287886635807,1.303038150958,1.31818966611,
    1.333341181261,1.348492696413,1.363644211564,1.378795726716,
    1.393947241867,1.409098757019,1.42425027217,1.439401787322,
    1.454553302473,1.469704817625,1.484856332776,1.500007847928),
  .QUASI_UNIFORM_KNOTS.);
#4374 = CARTESIAN_POINT('',(5.619516121416,15.95));
#4375 = CARTESIAN_POINT('',(5.619515785458,15.997210815446));
#4376 = CARTESIAN_POINT('',(5.619233319741,16.091633150739));
#4377 = CARTESIAN_POINT('',(5.617958134236,16.232685270926));
#4378 = CARTESIAN_POINT('',(5.61582677561,16.372592593029));
#4379 = CARTESIAN_POINT('',(5.61282958999,16.510721419524));
#4380 = CARTESIAN_POINT('',(5.608954551759,16.646372665465));
#4381 = CARTESIAN_POINT('',(5.604187358736,16.778761965496));
#4382 = CARTESIAN_POINT('',(5.598512576404,16.907003010529));
#4383 = CARTESIAN_POINT('',(5.591913309974,17.030098201162));
#4384 = CARTESIAN_POINT('',(5.584376134069,17.146888363624));
#4385 = CARTESIAN_POINT('',(5.575877079153,17.256146569484));
#4386 = CARTESIAN_POINT('',(5.566438949126,17.356120259918));
#4387 = CARTESIAN_POINT('',(5.555873546304,17.446589652226));
#4388 = CARTESIAN_POINT('',(5.544318124059,17.523811794955));
#4389 = CARTESIAN_POINT('',(5.531950759593,17.58485142328));
#4390 = CARTESIAN_POINT('',(5.518971920484,17.627430998842));
#4391 = CARTESIAN_POINT('',(5.505602894765,17.649984499059));
#4392 = CARTESIAN_POINT('',(5.492072419744,17.651626451343));
#4393 = CARTESIAN_POINT('',(5.478633240253,17.632267877407));
#4394 = CARTESIAN_POINT('',(5.465470491106,17.592241125677));
#4395 = CARTESIAN_POINT('',(5.453030254474,17.533822043037));
#4396 = CARTESIAN_POINT('',(5.441452155329,17.459593272999));
#4397 = CARTESIAN_POINT('',(5.430768984235,17.371515875061));
#4398 = CARTESIAN_POINT('',(5.421024622675,17.271574566763));
#4399 = CARTESIAN_POINT('',(5.412244186718,17.161617649982));
#4400 = CARTESIAN_POINT('',(5.404443935733,17.043422709602));
#4401 = CARTESIAN_POINT('',(5.397627834104,16.918649258774));
#4402 = CARTESIAN_POINT('',(5.391796006967,16.789004198483));
#4403 = CARTESIAN_POINT('',(5.386917556482,16.655657099005));
#4404 = CARTESIAN_POINT('',(5.382937233451,16.518510566843));
#4405 = CARTESIAN_POINT('',(5.379855884303,16.378654402111));
#4406 = CARTESIAN_POINT('',(5.377661869514,16.23679106581));
#4407 = CARTESIAN_POINT('',(5.376349064012,16.093655118113));
#4408 = CARTESIAN_POINT('',(5.375912495615,15.949917466865));
#4409 = CARTESIAN_POINT('',(5.376349950859,15.806228385062));
#4410 = CARTESIAN_POINT('',(5.377662100993,15.663220217993));
#4411 = CARTESIAN_POINT('',(5.379852615217,15.521535385071));
#4412 = CARTESIAN_POINT('',(5.382929849766,15.381799582227));
#4413 = CARTESIAN_POINT('',(5.386902304012,15.244798202921));
#4414 = CARTESIAN_POINT('',(5.391797506283,15.110907246289));
#4415 = CARTESIAN_POINT('',(5.397664302955,14.980581150562));
#4416 = CARTESIAN_POINT('',(5.404508019828,14.855492985888));
#4417 = CARTESIAN_POINT('',(5.412335108841,14.737115891221));
#4418 = CARTESIAN_POINT('',(5.421141225192,14.62709257211));
#4419 = CARTESIAN_POINT('',(5.430912717134,14.527148459484));
#4420 = CARTESIAN_POINT('',(5.441627988444,14.439111128595));
#4421 = CARTESIAN_POINT('',(5.453244515153,14.364973611842));
#4422 = CARTESIAN_POINT('',(5.465741609919,14.306690239894));
#4423 = CARTESIAN_POINT('',(5.478952436243,14.267014608181));
#4424 = CARTESIAN_POINT('',(5.492396671367,14.24817176735));
#4425 = CARTESIAN_POINT('',(5.505911314217,14.250309763045));
#4426 = CARTESIAN_POINT('',(5.519251771764,14.273280038048));
#4427 = CARTESIAN_POINT('',(5.53220147049,14.316187767167));
#4428 = CARTESIAN_POINT('',(5.544551208174,14.37754206156));
#4429 = CARTESIAN_POINT('',(5.556106785649,14.455165618145));
#4430 = CARTESIAN_POINT('',(5.566713905862,14.546456739606));
#4431 = CARTESIAN_POINT('',(5.576185782298,14.647472280068));
#4432 = CARTESIAN_POINT('',(5.584606828026,14.75641910072));
#4433 = CARTESIAN_POINT('',(5.592100579756,14.87310883089));
#4434 = CARTESIAN_POINT('',(5.598653458246,14.995924101617));
#4435 = CARTESIAN_POINT('',(5.60428995361,15.123837277103));
#4436 = CARTESIAN_POINT('',(5.609024524138,15.255840658502));
#4437 = CARTESIAN_POINT('',(5.612873436844,15.391073191289));
#4438 = CARTESIAN_POINT('',(5.615850691632,15.528762566782));
#4439 = CARTESIAN_POINT('',(5.617968140652,15.668220564174));
#4440 = CARTESIAN_POINT('',(5.619235124116,15.80881979704));
#4441 = CARTESIAN_POINT('',(5.619515799178,15.90293980036));
#4442 = CARTESIAN_POINT('',(5.619516121416,15.95));
#4443 = ( GEOMETRIC_REPRESENTATION_CONTEXT(2) 
PARAMETRIC_REPRESENTATION_CONTEXT() REPRESENTATION_CONTEXT('2D SPACE',''
  ) );
#4444 = PCURVE('',#4445,#4450);
#4445 = CYLINDRICAL_SURFACE('',#4446,1.7);
#4446 = AXIS2_PLACEMENT_3D('',#4447,#4448,#4449);
#4447 = CARTESIAN_POINT('',(21.213203435596,-21.21320343559,14.95));
#4448 = DIRECTION('',(-0.707106781187,0.707106781187,0.));
#4449 = DIRECTION('',(0.707106781187,0.707106781187,0.));
#4450 = DEFINITIONAL_REPRESENTATION('',(#4451),#4521);
#4451 = B_SPLINE_CURVE_WITH_KNOTS('',3,(#4452,#4453,#4454,#4455,#4456,
    #4457,#4458,#4459,#4460,#4461,#4462,#4463,#4464,#4465,#4466,#4467,
    #4468,#4469,#4470,#4471,#4472,#4473,#4474,#4475,#4476,#4477,#4478,
    #4479,#4480,#4481,#4482,#4483,#4484,#4485,#4486,#4487,#4488,#4489,
    #4490,#4491,#4492,#4493,#4494,#4495,#4496,#4497,#4498,#4499,#4500,
    #4501,#4502,#4503,#4504,#4505,#4506,#4507,#4508,#4509,#4510,#4511,
    #4512,#4513,#4514,#4515,#4516,#4517,#4518,#4519,#4520),
  .UNSPECIFIED.,.F.,.F.,(4,1,1,1,1,1,1,1,1,1,1,1,1,1,1,1,1,1,1,1,1,1,1,1
    ,1,1,1,1,1,1,1,1,1,1,1,1,1,1,1,1,1,1,1,1,1,1,1,1,1,1,1,1,1,1,1,1,1,1
    ,1,1,1,1,1,1,1,1,4),(0.500007847928,0.515159363079,0.530310878231,
    0.545462393382,0.560613908534,0.575765423686,0.590916938837,
    0.606068453989,0.62121996914,0.636371484292,0.651522999443,
    0.666674514595,0.681826029746,0.696977544898,0.712129060049,
    0.727280575201,0.742432090352,0.757583605504,0.772735120655,
    0.787886635807,0.803038150958,0.81818966611,0.833341181261,
    0.848492696413,0.863644211564,0.878795726716,0.893947241867,
    0.909098757019,0.92425027217,0.939401787322,0.954553302473,
    0.969704817625,0.984856332776,1.000007847928,1.015159363079,
    1.030310878231,1.045462393382,1.060613908534,1.075765423686,
    1.090916938837,1.106068453989,1.12121996914,1.136371484292,
    1.151522999443,1.166674514595,1.181826029746,1.196977544898,
    1.212129060049,1.227280575201,1.242432090352,1.257583605504,
    1.272735120655,1.287886635807,1.303038150958,1.31818966611,
    1.333341181261,1.348492696413,1.363644211564,1.378795726716,
    1.393947241867,1.409098757019,1.42425027217,1.439401787322,
    1.454553302473,1.469704817625,1.484856332776,1.500007847928),
  .QUASI_UNIFORM_KNOTS.);
#4452 = CARTESIAN_POINT('',(6.28318530718,16.103597587865));
#4453 = CARTESIAN_POINT('',(6.255412920729,16.103599583785));
#4454 = CARTESIAN_POINT('',(6.199872370125,16.103114830209));
#4455 = CARTESIAN_POINT('',(6.116320527044,16.100959773861));
#4456 = CARTESIAN_POINT('',(6.032271448949,16.097405257235));
#4457 = CARTESIAN_POINT('',(5.947477786185,16.092514201984));
#4458 = CARTESIAN_POINT('',(5.86169306496,16.08637536129));
#4459 = CARTESIAN_POINT('',(5.774667918599,16.079109477175));
#4460 = CARTESIAN_POINT('',(5.686148092809,16.070872181487));
#4461 = CARTESIAN_POINT('',(5.595859708105,16.06185686132));
#4462 = CARTESIAN_POINT('',(5.503541481851,16.052301419207));
#4463 = CARTESIAN_POINT('',(5.408798120095,16.042478761207));
#4464 = CARTESIAN_POINT('',(5.311615557592,16.032746525304));
#4465 = CARTESIAN_POINT('',(5.209901910324,16.02332533278));
#4466 = CARTESIAN_POINT('',(5.104717863932,16.014818226151));
#4467 = CARTESIAN_POINT('',(4.996958993735,16.007792753385));
#4468 = CARTESIAN_POINT('',(4.887381808607,16.002734451045));
#4469 = CARTESIAN_POINT('',(4.776667138752,16.000002747045));
#4470 = CARTESIAN_POINT('',(4.665404487,15.999802403337));
#4471 = CARTESIAN_POINT('',(4.554324059048,16.002151889903));
#4472 = CARTESIAN_POINT('',(4.443599104916,16.006924422027));
#4473 = CARTESIAN_POINT('',(4.33576979517,16.013683758066));
#4474 = CARTESIAN_POINT('',(4.231151789256,16.021920878493));
#4475 = CARTESIAN_POINT('',(4.129327220677,16.031185449881));
#4476 = CARTESIAN_POINT('',(4.030139280701,16.041027782329));
#4477 = CARTESIAN_POINT('',(3.933413843479,16.051032481727));
#4478 = CARTESIAN_POINT('',(3.839034791345,16.060822688858));
#4479 = CARTESIAN_POINT('',(3.746892206051,16.070072110501));
#4480 = CARTESIAN_POINT('',(3.656994520182,16.078499288791));
#4481 = CARTESIAN_POINT('',(3.569058079929,16.085911277685));
#4482 = CARTESIAN_POINT('',(3.482138975491,16.092203460464));
#4483 = CARTESIAN_POINT('',(3.396176263124,16.097225912198));
#4484 = CARTESIAN_POINT('',(3.310898055927,16.100882345184));
#4485 = CARTESIAN_POINT('',(3.226095478663,16.103102176805));
#4486 = CARTESIAN_POINT('',(3.141544165493,16.103845667784));
#4487 = CARTESIAN_POINT('',(3.05702105775,16.103100669377));
#4488 = CARTESIAN_POINT('',(2.972293433588,16.100881980302));
#4489 = CARTESIAN_POINT('',(2.887123757818,16.097231323368));
#4490 = CARTESIAN_POINT('',(2.801238106257,16.092215452911));
#4491 = CARTESIAN_POINT('',(2.714422257106,16.085934890396));
#4492 = CARTESIAN_POINT('',(2.626139398833,16.078496339354));
#4493 = CARTESIAN_POINT('',(2.535751622155,16.070020094683));
#4494 = CARTESIAN_POINT('',(2.443325461717,16.060738196679));
#4495 = CARTESIAN_POINT('',(2.34871880131,16.050922766862));
#4496 = CARTESIAN_POINT('',(2.251810554879,16.04090158914));
#4497 = CARTESIAN_POINT('',(2.152442020738,16.031049415674));
#4498 = CARTESIAN_POINT('',(2.050402058779,16.021780759538));
#4499 = CARTESIAN_POINT('',(1.945519304639,16.013547171309));
#4500 = CARTESIAN_POINT('',(1.837272556344,16.006798709406));
#4501 = CARTESIAN_POINT('',(1.726204936532,16.00206522822));
#4502 = CARTESIAN_POINT('',(1.615113512926,15.999777801754));
#4503 = CARTESIAN_POINT('',(1.503977603692,16.000038653694));
#4504 = CARTESIAN_POINT('',(1.393466401161,16.002819882498));
#4505 = CARTESIAN_POINT('',(1.284078371896,16.007914509475));
#4506 = CARTESIAN_POINT('',(1.176394977367,16.014971109573));
#4507 = CARTESIAN_POINT('',(1.071109044483,16.023514168128));
#4508 = CARTESIAN_POINT('',(0.968854207379,16.033008421223));
#4509 = CARTESIAN_POINT('',(0.871082334498,16.04281777746));
#4510 = CARTESIAN_POINT('',(0.776934051337,16.052583923716));
#4511 = CARTESIAN_POINT('',(0.684896299523,16.062104706426));
#4512 = CARTESIAN_POINT('',(0.594967255519,16.071071970597));
#4513 = CARTESIAN_POINT('',(0.506774995531,16.079262887903));
#4514 = CARTESIAN_POINT('',(0.420071729186,16.08648465947));
#4515 = CARTESIAN_POINT('',(0.334593955964,16.092585044331));
#4516 = CARTESIAN_POINT('',(0.250094073982,16.097444901836));
#4517 = CARTESIAN_POINT('',(0.166326363601,16.100976640192));
#4518 = CARTESIAN_POINT('',(8.304651342028E-02,16.10311791047));
#4519 = CARTESIAN_POINT('',(2.768374993865E-02,16.103599565425));
#4520 = CARTESIAN_POINT('',(-8.881784197001E-16,16.103597587865));
#4521 = ( GEOMETRIC_REPRESENTATION_CONTEXT(2) 
PARAMETRIC_REPRESENTATION_CONTEXT() REPRESENTATION_CONTEXT('2D SPACE',''
  ) );
#4522 = ORIENTED_EDGE('',*,*,#4523,.T.);
#4523 = EDGE_CURVE('',#4316,#4524,#4526,.T.);
#4524 = VERTEX_POINT('',#4525);
#4525 = CARTESIAN_POINT('',(8.647683077391,-11.00988543959,
    17.247663944822));
#4526 = SURFACE_CURVE('',#4527,(#4531,#4537),.PCURVE_S1.);
#4527 = LINE('',#4528,#4529);
#4528 = CARTESIAN_POINT('',(8.647683077391,-11.00988543959,-1.));
#4529 = VECTOR('',#4530,1.);
#4530 = DIRECTION('',(0.,0.,1.));
#4531 = PCURVE('',#3682,#4532);
#4532 = DEFINITIONAL_REPRESENTATION('',(#4533),#4536);
#4533 = B_SPLINE_CURVE_WITH_KNOTS('',1,(#4534,#4535),.UNSPECIFIED.,.F.,
  .F.,(2,2),(12.035565174894,18.8000006),.PIECEWISE_BEZIER_KNOTS.);
#4534 = CARTESIAN_POINT('',(5.378193023705,12.035565174894));
#4535 = CARTESIAN_POINT('',(5.378193023705,18.8000006));
#4536 = ( GEOMETRIC_REPRESENTATION_CONTEXT(2) 
PARAMETRIC_REPRESENTATION_CONTEXT() REPRESENTATION_CONTEXT('2D SPACE',''
  ) );
#4537 = PCURVE('',#4304,#4538);
#4538 = DEFINITIONAL_REPRESENTATION('',(#4539),#4542);
#4539 = B_SPLINE_CURVE_WITH_KNOTS('',1,(#4540,#4541),.UNSPECIFIED.,.F.,
  .F.,(2,2),(12.035565174894,18.8000006),.PIECEWISE_BEZIER_KNOTS.);
#4540 = CARTESIAN_POINT('',(1.670329308849,3.914434825106));
#4541 = CARTESIAN_POINT('',(1.670329308849,-2.8500006));
#4542 = ( GEOMETRIC_REPRESENTATION_CONTEXT(2) 
PARAMETRIC_REPRESENTATION_CONTEXT() REPRESENTATION_CONTEXT('2D SPACE',''
  ) );
#4543 = ORIENTED_EDGE('',*,*,#4544,.F.);
#4544 = EDGE_CURVE('',#4545,#4524,#4547,.T.);
#4545 = VERTEX_POINT('',#4546);
#4546 = CARTESIAN_POINT('',(9.381994278371,-10.39125513884,17.8));
#4547 = SURFACE_CURVE('',#4548,(#4553,#4563),.PCURVE_S1.);
#4548 = ELLIPSE('',#4549,16.16580753731,14.);
#4549 = AXIS2_PLACEMENT_3D('',#4550,#4551,#4552);
#4550 = CARTESIAN_POINT('',(0.,0.,18.212029020921));
#4551 = DIRECTION('',(0.353553390593,0.353553390593,-0.866025403784));
#4552 = DIRECTION('',(0.612372435696,0.612372435696,0.5));
#4553 = PCURVE('',#3682,#4554);
#4554 = DEFINITIONAL_REPRESENTATION('',(#4555),#4562);
#4555 = B_SPLINE_CURVE_WITH_KNOTS('',5,(#4556,#4557,#4558,#4559,#4560,
    #4561),.UNSPECIFIED.,.F.,.F.,(6,6),(1.621793726124,1.79462487573),
  .PIECEWISE_BEZIER_KNOTS.);
#4556 = CARTESIAN_POINT('',(5.446789744453,18.8000006));
#4557 = CARTESIAN_POINT('',(5.412223514532,18.520968327972));
#4558 = CARTESIAN_POINT('',(5.37765728461,18.242551432047));
#4559 = CARTESIAN_POINT('',(5.343091054689,17.965444489425));
#4560 = CARTESIAN_POINT('',(5.308524824768,17.690338991612));
#4561 = CARTESIAN_POINT('',(5.273958594847,17.417913059415));
#4562 = ( GEOMETRIC_REPRESENTATION_CONTEXT(2) 
PARAMETRIC_REPRESENTATION_CONTEXT() REPRESENTATION_CONTEXT('2D SPACE',''
  ) );
#4563 = PCURVE('',#4564,#4569);
#4564 = PLANE('',#4565);
#4565 = AXIS2_PLACEMENT_3D('',#4566,#4567,#4568);
#4566 = CARTESIAN_POINT('',(9.828784258493,-9.828784258493,
    18.212029020921));
#4567 = DIRECTION('',(0.353553390593,0.353553390593,-0.866025403784));
#4568 = DIRECTION('',(-0.612372435696,-0.612372435696,-0.5));
#4569 = DEFINITIONAL_REPRESENTATION('',(#4570),#4574);
#4570 = ELLIPSE('',#4571,16.16580753731,14.);
#4571 = AXIS2_PLACEMENT_2D('',#4572,#4573);
#4572 = CARTESIAN_POINT('',(1.7763568394E-15,13.9));
#4573 = DIRECTION('',(-1.,-2.775557561563E-17));
#4574 = ( GEOMETRIC_REPRESENTATION_CONTEXT(2) 
PARAMETRIC_REPRESENTATION_CONTEXT() REPRESENTATION_CONTEXT('2D SPACE',''
  ) );
#4575 = ORIENTED_EDGE('',*,*,#4576,.F.);
#4576 = EDGE_CURVE('',#4577,#4545,#4579,.T.);
#4577 = VERTEX_POINT('',#4578);
#4578 = CARTESIAN_POINT('',(-9.381994278371,-10.39125513884,17.8));
#4579 = SURFACE_CURVE('',#4580,(#4585,#4592),.PCURVE_S1.);
#4580 = CIRCLE('',#4581,14.);
#4581 = AXIS2_PLACEMENT_3D('',#4582,#4583,#4584);
#4582 = CARTESIAN_POINT('',(8.919579023371E-14,1.133844791107E-15,17.8)
  );
#4583 = DIRECTION('',(0.,0.,1.));
#4584 = DIRECTION('',(1.,0.,-0.));
#4585 = PCURVE('',#3682,#4586);
#4586 = DEFINITIONAL_REPRESENTATION('',(#4587),#4591);
#4587 = LINE('',#4588,#4589);
#4588 = CARTESIAN_POINT('',(0.,18.8));
#4589 = VECTOR('',#4590,1.);
#4590 = DIRECTION('',(1.,0.));
#4591 = ( GEOMETRIC_REPRESENTATION_CONTEXT(2) 
PARAMETRIC_REPRESENTATION_CONTEXT() REPRESENTATION_CONTEXT('2D SPACE',''
  ) );
#4592 = PCURVE('',#731,#4593);
#4593 = DEFINITIONAL_REPRESENTATION('',(#4594),#4598);
#4594 = CIRCLE('',#4595,14.);
#4595 = AXIS2_PLACEMENT_2D('',#4596,#4597);
#4596 = CARTESIAN_POINT('',(9.035956906991E-14,1.901290118573E-15));
#4597 = DIRECTION('',(1.,0.));
#4598 = ( GEOMETRIC_REPRESENTATION_CONTEXT(2) 
PARAMETRIC_REPRESENTATION_CONTEXT() REPRESENTATION_CONTEXT('2D SPACE',''
  ) );
#4599 = ORIENTED_EDGE('',*,*,#4600,.F.);
#4600 = EDGE_CURVE('',#4601,#4577,#4603,.T.);
#4601 = VERTEX_POINT('',#4602);
#4602 = CARTESIAN_POINT('',(-8.647683077391,-11.00988543959,
    17.247663944822));
#4603 = SURFACE_CURVE('',#4604,(#4609,#4619),.PCURVE_S1.);
#4604 = ELLIPSE('',#4605,16.16580753731,14.);
#4605 = AXIS2_PLACEMENT_3D('',#4606,#4607,#4608);
#4606 = CARTESIAN_POINT('',(0.,0.,18.212029020921));
#4607 = DIRECTION('',(-0.353553390593,0.353553390593,-0.866025403784));
#4608 = DIRECTION('',(-0.612372435696,0.612372435696,0.5));
#4609 = PCURVE('',#3682,#4610);
#4610 = DEFINITIONAL_REPRESENTATION('',(#4611),#4618);
#4611 = B_SPLINE_CURVE_WITH_KNOTS('',5,(#4612,#4613,#4614,#4615,#4616,
    #4617),.UNSPECIFIED.,.F.,.F.,(6,6),(4.488560431449,4.661391581055),
  .PIECEWISE_BEZIER_KNOTS.);
#4612 = CARTESIAN_POINT('',(4.150819365923,17.417913059415));
#4613 = CARTESIAN_POINT('',(4.116253136001,17.690338991612));
#4614 = CARTESIAN_POINT('',(4.08168690608,17.965444489425));
#4615 = CARTESIAN_POINT('',(4.047120676159,18.242551432047));
#4616 = CARTESIAN_POINT('',(4.012554446238,18.520968327972));
#4617 = CARTESIAN_POINT('',(3.977988216317,18.8000006));
#4618 = ( GEOMETRIC_REPRESENTATION_CONTEXT(2) 
PARAMETRIC_REPRESENTATION_CONTEXT() REPRESENTATION_CONTEXT('2D SPACE',''
  ) );
#4619 = PCURVE('',#4620,#4625);
#4620 = PLANE('',#4621);
#4621 = AXIS2_PLACEMENT_3D('',#4622,#4623,#4624);
#4622 = CARTESIAN_POINT('',(-7.831207601641,-11.82636091534,
    16.581014510461));
#4623 = DIRECTION('',(-0.353553390593,0.353553390593,-0.866025403784));
#4624 = DIRECTION('',(-0.612372435696,0.612372435696,0.5));
#4625 = DEFINITIONAL_REPRESENTATION('',(#4626),#4630);
#4626 = ELLIPSE('',#4627,16.16580753731,14.);
#4627 = AXIS2_PLACEMENT_2D('',#4628,#4629);
#4628 = CARTESIAN_POINT('',(3.262029020921,13.9));
#4629 = DIRECTION('',(1.,0.));
#4630 = ( GEOMETRIC_REPRESENTATION_CONTEXT(2) 
PARAMETRIC_REPRESENTATION_CONTEXT() REPRESENTATION_CONTEXT('2D SPACE',''
  ) );
#4631 = ORIENTED_EDGE('',*,*,#4632,.F.);
#4632 = EDGE_CURVE('',#4633,#4601,#4635,.T.);
#4633 = VERTEX_POINT('',#4634);
#4634 = CARTESIAN_POINT('',(-8.647683087781,-11.0098854292,
    15.26622782802));
#4635 = SURFACE_CURVE('',#4636,(#4640,#4646),.PCURVE_S1.);
#4636 = LINE('',#4637,#4638);
#4637 = CARTESIAN_POINT('',(-8.647683077391,-11.00988543959,-1.));
#4638 = VECTOR('',#4639,1.);
#4639 = DIRECTION('',(0.,0.,1.));
#4640 = PCURVE('',#3682,#4641);
#4641 = DEFINITIONAL_REPRESENTATION('',(#4642),#4645);
#4642 = B_SPLINE_CURVE_WITH_KNOTS('',1,(#4643,#4644),.UNSPECIFIED.,.F.,
  .F.,(2,2),(12.035565174894,18.8000006),.PIECEWISE_BEZIER_KNOTS.);
#4643 = CARTESIAN_POINT('',(4.046584937064,12.035565174894));
#4644 = CARTESIAN_POINT('',(4.046584937064,18.8000006));
#4645 = ( GEOMETRIC_REPRESENTATION_CONTEXT(2) 
PARAMETRIC_REPRESENTATION_CONTEXT() REPRESENTATION_CONTEXT('2D SPACE',''
  ) );
#4646 = PCURVE('',#4647,#4652);
#4647 = PLANE('',#4648);
#4648 = AXIS2_PLACEMENT_3D('',#4649,#4650,#4651);
#4649 = CARTESIAN_POINT('',(-9.828784258493,-9.828784258493,14.95));
#4650 = DIRECTION('',(-0.707106781187,-0.707106781187,-0.));
#4651 = DIRECTION('',(0.707106781187,-0.707106781187,0.));
#4652 = DEFINITIONAL_REPRESENTATION('',(#4653),#4656);
#4653 = B_SPLINE_CURVE_WITH_KNOTS('',1,(#4654,#4655),.UNSPECIFIED.,.F.,
  .F.,(2,2),(12.035565174894,18.8000006),.PIECEWISE_BEZIER_KNOTS.);
#4654 = CARTESIAN_POINT('',(1.670329308849,-3.914434825106));
#4655 = CARTESIAN_POINT('',(1.670329308849,2.8500006));
#4656 = ( GEOMETRIC_REPRESENTATION_CONTEXT(2) 
PARAMETRIC_REPRESENTATION_CONTEXT() REPRESENTATION_CONTEXT('2D SPACE',''
  ) );
#4657 = ORIENTED_EDGE('',*,*,#4658,.F.);
#4658 = EDGE_CURVE('',#4659,#4633,#4661,.T.);
#4659 = VERTEX_POINT('',#4660);
#4660 = CARTESIAN_POINT('',(-8.647683085868,-11.00988543111,
    14.633772167245));
#4661 = SURFACE_CURVE('',#4662,(#4714,#4787),.PCURVE_S1.);
#4662 = B_SPLINE_CURVE_WITH_KNOTS('',8,(#4663,#4664,#4665,#4666,#4667,
    #4668,#4669,#4670,#4671,#4672,#4673,#4674,#4675,#4676,#4677,#4678,
    #4679,#4680,#4681,#4682,#4683,#4684,#4685,#4686,#4687,#4688,#4689,
    #4690,#4691,#4692,#4693,#4694,#4695,#4696,#4697,#4698,#4699,#4700,
    #4701,#4702,#4703,#4704,#4705,#4706,#4707,#4708,#4709,#4710,#4711,
    #4712,#4713),.UNSPECIFIED.,.T.,.F.,(9,7,7,7,7,7,7,9),(0.500007847822
    ,0.662094381798,0.785541068255,0.911332012555,1.077911843856,
    1.214149157698,1.347233918417,1.500007847822),.UNSPECIFIED.);
#4663 = CARTESIAN_POINT('',(-11.02832190773,-8.624158851701,14.95));
#4664 = CARTESIAN_POINT('',(-11.02832190773,-8.624158851701,
    14.760593076213));
#4665 = CARTESIAN_POINT('',(-11.01335396879,-8.643298948611,
    14.571260679788));
#4666 = CARTESIAN_POINT('',(-10.98344149323,-8.681551945916,
    14.3839133797));
#4667 = CARTESIAN_POINT('',(-10.93808546504,-8.739165884717,
    14.200635008161));
#4668 = CARTESIAN_POINT('',(-10.87642253604,-8.816488792615,
    14.024048280012));
#4669 = CARTESIAN_POINT('',(-10.79725490998,-8.913805632126,
    13.857544090609));
#4670 = CARTESIAN_POINT('',(-10.69915068924,-9.031103579003,
    13.705632212298));
#4671 = CARTESIAN_POINT('',(-10.49068647602,-9.271701037293,
    13.474929855365));
#4672 = CARTESIAN_POINT('',(-10.38671537211,-9.389336091782,
    13.38500801488));
#4673 = CARTESIAN_POINT('',(-10.27003367788,-9.518122192506,
    13.311663915345));
#4674 = CARTESIAN_POINT('',(-10.14273489077,-9.654485014364,
    13.259857899557));
#4675 = CARTESIAN_POINT('',(-10.00780360021,-9.794250173252,
    13.23275027618));
#4676 = CARTESIAN_POINT('',(-9.868959002806,-9.933192947471,
    13.231672195424));
#4677 = CARTESIAN_POINT('',(-9.730349177478,-10.06748884052,
    13.256068128107));
#4678 = CARTESIAN_POINT('',(-9.459169383956,-10.32276347893,
    13.351648122132));
#4679 = CARTESIAN_POINT('',(-9.329938621184,-10.44045351219,
    13.422592535361));
#4680 = CARTESIAN_POINT('',(-9.210232613148,-10.54619038311,
    13.512354339818));
#4681 = CARTESIAN_POINT('',(-9.101465318714,-10.63974259969,
    13.617456948401));
#4682 = CARTESIAN_POINT('',(-9.004631289071,-10.72120322288,
    13.734718415663));
#4683 = CARTESIAN_POINT('',(-8.920335014245,-10.79086376856,
    13.861190620451));
#4684 = CARTESIAN_POINT('',(-8.848804174384,-10.84916551832,
    13.994135355865));
#4685 = CARTESIAN_POINT('',(-8.711891619751,-10.95960715383,
    14.312287870818));
#4686 = CARTESIAN_POINT('',(-8.654922775997,-11.00450808943,
    14.50302604687));
#4687 = CARTESIAN_POINT('',(-8.619000482226,-11.03239674158,
    14.699462242575));
#4688 = CARTESIAN_POINT('',(-8.603982526134,-11.04397565876,
    14.898663589707));
#4689 = CARTESIAN_POINT('',(-8.609710348166,-11.03958168196,
    15.098121525706));
#4690 = CARTESIAN_POINT('',(-8.63613179641,-11.01914122633,
    15.295526738601));
#4691 = CARTESIAN_POINT('',(-8.683393603077,-10.98209341888,
    15.488472354011));
#4692 = CARTESIAN_POINT('',(-8.807900941745,-10.88237251634,
    15.825415288743));
#4693 = CARTESIAN_POINT('',(-8.878618168458,-10.82519455118,
    15.973284264106));
#4694 = CARTESIAN_POINT('',(-8.964325082101,-10.75496943794,
    16.114550724449));
#4695 = CARTESIAN_POINT('',(-9.064888811751,-10.67108009268,
    16.246012678141));
#4696 = CARTESIAN_POINT('',(-9.179721728916,-10.57305535457,
    16.364129900755));
#4697 = CARTESIAN_POINT('',(-9.307738208962,-10.46063402901,
    16.464981476454));
#4698 = CARTESIAN_POINT('',(-9.447285772398,-10.3339500965,
    16.544163381716));
#4699 = CARTESIAN_POINT('',(-9.741341357032,-10.05714137095,
    16.647806174039));
#4700 = CARTESIAN_POINT('',(-9.891117216758,-9.9116853722,
    16.671970422505));
#4701 = CARTESIAN_POINT('',(-10.04046466006,-9.761447783422,
    16.666352934831));
#4702 = CARTESIAN_POINT('',(-10.1844386603,-9.611091558072,
    16.630647430377));
#4703 = CARTESIAN_POINT('',(-10.31871985059,-9.465683359534,
    16.566848732727));
#4704 = CARTESIAN_POINT('',(-10.43998263894,-9.330209412891,
    16.479170844232));
#4705 = CARTESIAN_POINT('',(-10.54605840309,-9.208680555205,
    16.373996197629));
#4706 = CARTESIAN_POINT('',(-10.73931693044,-8.982889359376,
    16.128864847472));
#4707 = CARTESIAN_POINT('',(-10.82508478823,-8.879516024414,
    15.981369352551));
#4708 = CARTESIAN_POINT('',(-10.89450386561,-8.793789722614,
    15.822204925031));
#4709 = CARTESIAN_POINT('',(-10.94872625335,-8.7256440994,
    15.654884346339));
#4710 = CARTESIAN_POINT('',(-10.98870218109,-8.674823984862,
    15.482063830442));
#4711 = CARTESIAN_POINT('',(-11.01511012507,-8.641053496968,
    15.305838877331));
#4712 = CARTESIAN_POINT('',(-11.02832190773,-8.624158851701,
    15.127954763355));
#4713 = CARTESIAN_POINT('',(-11.02832190773,-8.624158851701,14.95));
#4714 = PCURVE('',#3682,#4715);
#4715 = DEFINITIONAL_REPRESENTATION('',(#4716),#4786);
#4716 = B_SPLINE_CURVE_WITH_KNOTS('',3,(#4717,#4718,#4719,#4720,#4721,
    #4722,#4723,#4724,#4725,#4726,#4727,#4728,#4729,#4730,#4731,#4732,
    #4733,#4734,#4735,#4736,#4737,#4738,#4739,#4740,#4741,#4742,#4743,
    #4744,#4745,#4746,#4747,#4748,#4749,#4750,#4751,#4752,#4753,#4754,
    #4755,#4756,#4757,#4758,#4759,#4760,#4761,#4762,#4763,#4764,#4765,
    #4766,#4767,#4768,#4769,#4770,#4771,#4772,#4773,#4774,#4775,#4776,
    #4777,#4778,#4779,#4780,#4781,#4782,#4783,#4784,#4785),
  .UNSPECIFIED.,.T.,.F.,(4,1,1,1,1,1,1,1,1,1,1,1,1,1,1,1,1,1,1,1,1,1,1,1
    ,1,1,1,1,1,1,1,1,1,1,1,1,1,1,1,1,1,1,1,1,1,1,1,1,1,1,1,1,1,1,1,1,1,1
    ,1,1,1,1,1,1,1,1,4),(0.500007847822,0.515159362973,0.530310878125,
    0.545462393276,0.560613908428,0.575765423579,0.590916938731,
    0.606068453882,0.621219969034,0.636371484185,0.651522999337,
    0.666674514488,0.68182602964,0.696977544792,0.712129059943,
    0.727280575095,0.742432090246,0.757583605398,0.772735120549,
    0.787886635701,0.803038150852,0.818189666004,0.833341181155,
    0.848492696307,0.863644211458,0.87879572661,0.893947241761,
    0.909098756913,0.924250272064,0.939401787216,0.954553302367,
    0.969704817519,0.98485633267,1.000007847822,1.015159362973,
    1.030310878125,1.045462393276,1.060613908428,1.075765423579,
    1.090916938731,1.106068453882,1.121219969034,1.136371484185,
    1.151522999337,1.166674514488,1.18182602964,1.196977544792,
    1.212129059943,1.227280575095,1.242432090246,1.257583605398,
    1.272735120549,1.287886635701,1.303038150852,1.318189666004,
    1.333341181155,1.348492696307,1.363644211458,1.37879572661,
    1.393947241761,1.409098756913,1.424250272064,1.439401787216,
    1.454553302367,1.469704817519,1.48485633267,1.500007847822),
  .QUASI_UNIFORM_KNOTS.);
#4717 = CARTESIAN_POINT('',(3.805261839353,15.95));
#4718 = CARTESIAN_POINT('',(3.805262175311,15.902789184564));
#4719 = CARTESIAN_POINT('',(3.805544641028,15.80836684929));
#4720 = CARTESIAN_POINT('',(3.806819826533,15.667314729134));
#4721 = CARTESIAN_POINT('',(3.808951185158,15.527407407059));
#4722 = CARTESIAN_POINT('',(3.811948370776,15.389278580592));
#4723 = CARTESIAN_POINT('',(3.815823409006,15.253627334677));
#4724 = CARTESIAN_POINT('',(3.820590602027,15.121238034669));
#4725 = CARTESIAN_POINT('',(3.826265384356,14.992996989657));
#4726 = CARTESIAN_POINT('',(3.832864650784,14.869901799041));
#4727 = CARTESIAN_POINT('',(3.840401826685,14.753111636591));
#4728 = CARTESIAN_POINT('',(3.848900881597,14.643853430737));
#4729 = CARTESIAN_POINT('',(3.85833901162,14.543879740304));
#4730 = CARTESIAN_POINT('',(3.868904414437,14.453410347988));
#4731 = CARTESIAN_POINT('',(3.880459836677,14.376188205237));
#4732 = CARTESIAN_POINT('',(3.892827201139,14.315148576875));
#4733 = CARTESIAN_POINT('',(3.905806040244,14.272569001263));
#4734 = CARTESIAN_POINT('',(3.919175065959,14.250015500983));
#4735 = CARTESIAN_POINT('',(3.932705540977,14.248373548627));
#4736 = CARTESIAN_POINT('',(3.946144720466,14.267732122481));
#4737 = CARTESIAN_POINT('',(3.959307469612,14.307758874124));
#4738 = CARTESIAN_POINT('',(3.971747706245,14.366177956683));
#4739 = CARTESIAN_POINT('',(3.983325805391,14.440406726641));
#4740 = CARTESIAN_POINT('',(3.994008976487,14.528484124503));
#4741 = CARTESIAN_POINT('',(4.00375333805,14.628425432727));
#4742 = CARTESIAN_POINT('',(4.01253377401,14.73838234944));
#4743 = CARTESIAN_POINT('',(4.020334024998,14.856577289756));
#4744 = CARTESIAN_POINT('',(4.027150126631,14.981350740526));
#4745 = CARTESIAN_POINT('',(4.032981953772,15.110995800769));
#4746 = CARTESIAN_POINT('',(4.037860404261,15.244342900194));
#4747 = CARTESIAN_POINT('',(4.041840727297,15.381489432308));
#4748 = CARTESIAN_POINT('',(4.04492207645,15.521345596995));
#4749 = CARTESIAN_POINT('',(4.047116091243,15.663208933253));
#4750 = CARTESIAN_POINT('',(4.048428896751,15.806344880913));
#4751 = CARTESIAN_POINT('',(4.048865465155,15.950082532126));
#4752 = CARTESIAN_POINT('',(4.048428009916,16.093771613901));
#4753 = CARTESIAN_POINT('',(4.04711585979,16.236779780946));
#4754 = CARTESIAN_POINT('',(4.044925345572,16.378464613849));
#4755 = CARTESIAN_POINT('',(4.041848111031,16.518200416681));
#4756 = CARTESIAN_POINT('',(4.037875656794,16.655201795979));
#4757 = CARTESIAN_POINT('',(4.03298045453,16.789092752622));
#4758 = CARTESIAN_POINT('',(4.027113657865,16.919418848415));
#4759 = CARTESIAN_POINT('',(4.020269940998,17.044507013166));
#4760 = CARTESIAN_POINT('',(4.012442851991,17.162884107916));
#4761 = CARTESIAN_POINT('',(4.003636735646,17.272907427109));
#4762 = CARTESIAN_POINT('',(3.993865243711,17.372851539819));
#4763 = CARTESIAN_POINT('',(3.983149972408,17.460888870805));
#4764 = CARTESIAN_POINT('',(3.971533445705,17.535026387672));
#4765 = CARTESIAN_POINT('',(3.959036350943,17.593309759755));
#4766 = CARTESIAN_POINT('',(3.945825524616,17.632985391626));
#4767 = CARTESIAN_POINT('',(3.932381289488,17.651828232599));
#4768 = CARTESIAN_POINT('',(3.918866646632,17.649690237034));
#4769 = CARTESIAN_POINT('',(3.905526189079,17.62671996214));
#4770 = CARTESIAN_POINT('',(3.892576490346,17.583812233109));
#4771 = CARTESIAN_POINT('',(3.880226752654,17.52245793878));
#4772 = CARTESIAN_POINT('',(3.86867117517,17.444834382236));
#4773 = CARTESIAN_POINT('',(3.858064054948,17.353543260792));
#4774 = CARTESIAN_POINT('',(3.848592178504,17.252527720322));
#4775 = CARTESIAN_POINT('',(3.84017113277,17.14358089966));
#4776 = CARTESIAN_POINT('',(3.832677381034,17.026891169468));
#4777 = CARTESIAN_POINT('',(3.82612450254,16.90407589871));
#4778 = CARTESIAN_POINT('',(3.82048800717,16.776162723188));
#4779 = CARTESIAN_POINT('',(3.815753436639,16.644159341748));
#4780 = CARTESIAN_POINT('',(3.81190452393,16.508926808915));
#4781 = CARTESIAN_POINT('',(3.80892726914,16.371237433373));
#4782 = CARTESIAN_POINT('',(3.806809820118,16.23177943593));
#4783 = CARTESIAN_POINT('',(3.805542836653,16.091180203012));
#4784 = CARTESIAN_POINT('',(3.805262161592,15.997060199657));
#4785 = CARTESIAN_POINT('',(3.805261839353,15.95));
#4786 = ( GEOMETRIC_REPRESENTATION_CONTEXT(2) 
PARAMETRIC_REPRESENTATION_CONTEXT() REPRESENTATION_CONTEXT('2D SPACE',''
  ) );
#4787 = PCURVE('',#4788,#4793);
#4788 = CYLINDRICAL_SURFACE('',#4789,1.7);
#4789 = AXIS2_PLACEMENT_3D('',#4790,#4791,#4792);
#4790 = CARTESIAN_POINT('',(-21.21320343559,-21.21320343559,14.95));
#4791 = DIRECTION('',(0.707106781187,0.707106781187,0.));
#4792 = DIRECTION('',(-0.707106781187,0.707106781187,0.));
#4793 = DEFINITIONAL_REPRESENTATION('',(#4794),#4864);
#4794 = B_SPLINE_CURVE_WITH_KNOTS('',3,(#4795,#4796,#4797,#4798,#4799,
    #4800,#4801,#4802,#4803,#4804,#4805,#4806,#4807,#4808,#4809,#4810,
    #4811,#4812,#4813,#4814,#4815,#4816,#4817,#4818,#4819,#4820,#4821,
    #4822,#4823,#4824,#4825,#4826,#4827,#4828,#4829,#4830,#4831,#4832,
    #4833,#4834,#4835,#4836,#4837,#4838,#4839,#4840,#4841,#4842,#4843,
    #4844,#4845,#4846,#4847,#4848,#4849,#4850,#4851,#4852,#4853,#4854,
    #4855,#4856,#4857,#4858,#4859,#4860,#4861,#4862,#4863),
  .UNSPECIFIED.,.F.,.F.,(4,1,1,1,1,1,1,1,1,1,1,1,1,1,1,1,1,1,1,1,1,1,1,1
    ,1,1,1,1,1,1,1,1,1,1,1,1,1,1,1,1,1,1,1,1,1,1,1,1,1,1,1,1,1,1,1,1,1,1
    ,1,1,1,1,1,1,1,1,4),(0.500007847822,0.515159362973,0.530310878125,
    0.545462393276,0.560613908428,0.575765423579,0.590916938731,
    0.606068453882,0.621219969034,0.636371484185,0.651522999337,
    0.666674514488,0.68182602964,0.696977544792,0.712129059943,
    0.727280575095,0.742432090246,0.757583605398,0.772735120549,
    0.787886635701,0.803038150852,0.818189666004,0.833341181155,
    0.848492696307,0.863644211458,0.87879572661,0.893947241761,
    0.909098756913,0.924250272064,0.939401787216,0.954553302367,
    0.969704817519,0.98485633267,1.000007847822,1.015159362973,
    1.030310878125,1.045462393276,1.060613908428,1.075765423579,
    1.090916938731,1.106068453882,1.121219969034,1.136371484185,
    1.151522999337,1.166674514488,1.18182602964,1.196977544792,
    1.212129059943,1.227280575095,1.242432090246,1.257583605398,
    1.272735120549,1.287886635701,1.303038150852,1.318189666004,
    1.333341181155,1.348492696307,1.363644211458,1.37879572661,
    1.393947241761,1.409098756913,1.424250272064,1.439401787216,
    1.454553302367,1.469704817519,1.48485633267,1.500007847822),
  .QUASI_UNIFORM_KNOTS.);
#4795 = CARTESIAN_POINT('',(6.28318530718,16.103597587865));
#4796 = CARTESIAN_POINT('',(6.255412920735,16.103599583785));
#4797 = CARTESIAN_POINT('',(6.199872370143,16.10311483021));
#4798 = CARTESIAN_POINT('',(6.116320527079,16.100959773863));
#4799 = CARTESIAN_POINT('',(6.032271449002,16.097405257238));
#4800 = CARTESIAN_POINT('',(5.947477786256,16.092514201988));
#4801 = CARTESIAN_POINT('',(5.861693065051,16.086375361297));
#4802 = CARTESIAN_POINT('',(5.774667918709,16.079109477185));
#4803 = CARTESIAN_POINT('',(5.68614809294,16.070872181499));
#4804 = CARTESIAN_POINT('',(5.595859708259,16.061856861335));
#4805 = CARTESIAN_POINT('',(5.503541482028,16.052301419225));
#4806 = CARTESIAN_POINT('',(5.408798120297,16.042478761228));
#4807 = CARTESIAN_POINT('',(5.311615557822,16.032746525326));
#4808 = CARTESIAN_POINT('',(5.209901910586,16.023325332803));
#4809 = CARTESIAN_POINT('',(5.104717864224,16.014818226173));
#4810 = CARTESIAN_POINT('',(4.996958994056,16.007792753404));
#4811 = CARTESIAN_POINT('',(4.887381808955,16.002734451058));
#4812 = CARTESIAN_POINT('',(4.776667139126,16.00000274705));
#4813 = CARTESIAN_POINT('',(4.665404487398,15.999802403334));
#4814 = CARTESIAN_POINT('',(4.554324059469,16.00215188989));
#4815 = CARTESIAN_POINT('',(4.443599105356,16.006924422004));
#4816 = CARTESIAN_POINT('',(4.335769795617,16.013683758034));
#4817 = CARTESIAN_POINT('',(4.231151789713,16.021920878454));
#4818 = CARTESIAN_POINT('',(4.129327221144,16.031185449837));
#4819 = CARTESIAN_POINT('',(4.030139281176,16.04102778228));
#4820 = CARTESIAN_POINT('',(3.933413843963,16.051032481677));
#4821 = CARTESIAN_POINT('',(3.839034791837,16.060822688808));
#4822 = CARTESIAN_POINT('',(3.746892206551,16.070072110453));
#4823 = CARTESIAN_POINT('',(3.656994520688,16.078499288746));
#4824 = CARTESIAN_POINT('',(3.569058080446,16.085911277644));
#4825 = CARTESIAN_POINT('',(3.482138976021,16.092203460429));
#4826 = CARTESIAN_POINT('',(3.396176263667,16.09722591217));
#4827 = CARTESIAN_POINT('',(3.310898056485,16.100882345165));
#4828 = CARTESIAN_POINT('',(3.226095479238,16.103102176794));
#4829 = CARTESIAN_POINT('',(3.141544166085,16.103845667783));
#4830 = CARTESIAN_POINT('',(3.057021058362,16.103100669387));
#4831 = CARTESIAN_POINT('',(2.972293434221,16.100881980323));
#4832 = CARTESIAN_POINT('',(2.887123758474,16.097231323401));
#4833 = CARTESIAN_POINT('',(2.801238106937,16.092215452955));
#4834 = CARTESIAN_POINT('',(2.714422257815,16.085934890451));
#4835 = CARTESIAN_POINT('',(2.626139399568,16.07849633942));
#4836 = CARTESIAN_POINT('',(2.535751622886,16.070020094755));
#4837 = CARTESIAN_POINT('',(2.443325462442,16.060738196753));
#4838 = CARTESIAN_POINT('',(2.348718802032,16.050922766937));
#4839 = CARTESIAN_POINT('',(2.251810555607,16.040901589214));
#4840 = CARTESIAN_POINT('',(2.152442021481,16.031049415745));
#4841 = CARTESIAN_POINT('',(2.050402059542,16.021780759604));
#4842 = CARTESIAN_POINT('',(1.945519305418,16.013547171365));
#4843 = CARTESIAN_POINT('',(1.83727255713,16.006798709448));
#4844 = CARTESIAN_POINT('',(1.726204937276,16.002065228244));
#4845 = CARTESIAN_POINT('',(1.615113513631,15.99977780176));
#4846 = CARTESIAN_POINT('',(1.503977604353,16.000038653685));
#4847 = CARTESIAN_POINT('',(1.393466401776,16.002819882476));
#4848 = CARTESIAN_POINT('',(1.284078372463,16.007914509443));
#4849 = CARTESIAN_POINT('',(1.176394977883,16.014971109534));
#4850 = CARTESIAN_POINT('',(1.071109044947,16.023514168087));
#4851 = CARTESIAN_POINT('',(0.96885420779,16.033008421183));
#4852 = CARTESIAN_POINT('',(0.871082334852,16.042817777424));
#4853 = CARTESIAN_POINT('',(0.776934051649,16.052583923683));
#4854 = CARTESIAN_POINT('',(0.684896299793,16.062104706398));
#4855 = CARTESIAN_POINT('',(0.594967255751,16.071071970575));
#4856 = CARTESIAN_POINT('',(0.506774995726,16.079262887886));
#4857 = CARTESIAN_POINT('',(0.420071729346,16.086484659458));
#4858 = CARTESIAN_POINT('',(0.33459395609,16.092585044323));
#4859 = CARTESIAN_POINT('',(0.250094074076,16.097444901831));
#4860 = CARTESIAN_POINT('',(0.166326363663,16.100976640191));
#4861 = CARTESIAN_POINT('',(8.304651345121E-02,16.10311791047));
#4862 = CARTESIAN_POINT('',(2.768374994897E-02,16.103599565425));
#4863 = CARTESIAN_POINT('',(0.,16.103597587865));
#4864 = ( GEOMETRIC_REPRESENTATION_CONTEXT(2) 
PARAMETRIC_REPRESENTATION_CONTEXT() REPRESENTATION_CONTEXT('2D SPACE',''
  ) );
#4865 = ORIENTED_EDGE('',*,*,#4866,.F.);
#4866 = EDGE_CURVE('',#4867,#4659,#4869,.T.);
#4867 = VERTEX_POINT('',#4868);
#4868 = CARTESIAN_POINT('',(-8.647683077391,-11.00988543959,
    12.652336055178));
#4869 = SURFACE_CURVE('',#4870,(#4874,#4880),.PCURVE_S1.);
#4870 = LINE('',#4871,#4872);
#4871 = CARTESIAN_POINT('',(-8.647683077391,-11.00988543959,-1.));
#4872 = VECTOR('',#4873,1.);
#4873 = DIRECTION('',(0.,0.,1.));
#4874 = PCURVE('',#3682,#4875);
#4875 = DEFINITIONAL_REPRESENTATION('',(#4876),#4879);
#4876 = B_SPLINE_CURVE_WITH_KNOTS('',1,(#4877,#4878),.UNSPECIFIED.,.F.,
  .F.,(2,2),(12.035565174894,18.8000006),.PIECEWISE_BEZIER_KNOTS.);
#4877 = CARTESIAN_POINT('',(4.046584937064,12.035565174894));
#4878 = CARTESIAN_POINT('',(4.046584937064,18.8000006));
#4879 = ( GEOMETRIC_REPRESENTATION_CONTEXT(2) 
PARAMETRIC_REPRESENTATION_CONTEXT() REPRESENTATION_CONTEXT('2D SPACE',''
  ) );
#4880 = PCURVE('',#4647,#4881);
#4881 = DEFINITIONAL_REPRESENTATION('',(#4882),#4885);
#4882 = B_SPLINE_CURVE_WITH_KNOTS('',1,(#4883,#4884),.UNSPECIFIED.,.F.,
  .F.,(2,2),(12.035565174894,18.8000006),.PIECEWISE_BEZIER_KNOTS.);
#4883 = CARTESIAN_POINT('',(1.670329308849,-3.914434825106));
#4884 = CARTESIAN_POINT('',(1.670329308849,2.8500006));
#4885 = ( GEOMETRIC_REPRESENTATION_CONTEXT(2) 
PARAMETRIC_REPRESENTATION_CONTEXT() REPRESENTATION_CONTEXT('2D SPACE',''
  ) );
#4886 = ORIENTED_EDGE('',*,*,#4887,.F.);
#4887 = EDGE_CURVE('',#4888,#4867,#4890,.T.);
#4888 = VERTEX_POINT('',#4889);
#4889 = CARTESIAN_POINT('',(-9.899494936612,-9.899494936612,
    11.687970979079));
#4890 = SURFACE_CURVE('',#4891,(#4896,#4906),.PCURVE_S1.);
#4891 = ELLIPSE('',#4892,16.16580753731,14.);
#4892 = AXIS2_PLACEMENT_3D('',#4893,#4894,#4895);
#4893 = CARTESIAN_POINT('',(0.,0.,11.687970979079));
#4894 = DIRECTION('',(-0.353553390593,0.353553390593,0.866025403784));
#4895 = DIRECTION('',(0.612372435696,-0.612372435696,0.5));
#4896 = PCURVE('',#3682,#4897);
#4897 = DEFINITIONAL_REPRESENTATION('',(#4898),#4905);
#4898 = B_SPLINE_CURVE_WITH_KNOTS('',5,(#4899,#4900,#4901,#4902,#4903,
    #4904),.UNSPECIFIED.,.F.,.F.,(6,6),(4.692209039338,4.93621752932),
  .PIECEWISE_BEZIER_KNOTS.);
#4899 = CARTESIAN_POINT('',(3.90681087594,12.524869528033));
#4900 = CARTESIAN_POINT('',(3.955612573937,12.91924864155));
#4901 = CARTESIAN_POINT('',(4.004414271933,13.314113313816));
#4902 = CARTESIAN_POINT('',(4.05321596993,13.70750673476));
#4903 = CARTESIAN_POINT('',(4.102017667926,14.097467382716));
#4904 = CARTESIAN_POINT('',(4.150819365923,14.482086940585));
#4905 = ( GEOMETRIC_REPRESENTATION_CONTEXT(2) 
PARAMETRIC_REPRESENTATION_CONTEXT() REPRESENTATION_CONTEXT('2D SPACE',''
  ) );
#4906 = PCURVE('',#4907,#4912);
#4907 = PLANE('',#4908);
#4908 = AXIS2_PLACEMENT_3D('',#4909,#4910,#4911);
#4909 = CARTESIAN_POINT('',(-9.828784258493,-9.828784258493,
    11.687970979079));
#4910 = DIRECTION('',(-0.353553390593,0.353553390593,0.866025403784));
#4911 = DIRECTION('',(0.612372435696,-0.612372435696,0.5));
#4912 = DEFINITIONAL_REPRESENTATION('',(#4913),#4917);
#4913 = ELLIPSE('',#4914,16.16580753731,14.);
#4914 = AXIS2_PLACEMENT_2D('',#4915,#4916);
#4915 = CARTESIAN_POINT('',(0.,13.9));
#4916 = DIRECTION('',(1.,5.551115123126E-17));
#4917 = ( GEOMETRIC_REPRESENTATION_CONTEXT(2) 
PARAMETRIC_REPRESENTATION_CONTEXT() REPRESENTATION_CONTEXT('2D SPACE',''
  ) );
#4918 = ORIENTED_EDGE('',*,*,#4919,.F.);
#4919 = EDGE_CURVE('',#4920,#4888,#4922,.T.);
#4920 = VERTEX_POINT('',#4921);
#4921 = CARTESIAN_POINT('',(-11.00988543959,-8.647683077391,
    12.652336055178));
#4922 = SURFACE_CURVE('',#4923,(#4928,#4938),.PCURVE_S1.);
#4923 = ELLIPSE('',#4924,16.16580753731,14.);
#4924 = AXIS2_PLACEMENT_3D('',#4925,#4926,#4927);
#4925 = CARTESIAN_POINT('',(0.,0.,11.687970979079));
#4926 = DIRECTION('',(0.353553390593,-0.353553390593,0.866025403784));
#4927 = DIRECTION('',(-0.612372435696,0.612372435696,0.5));
#4928 = PCURVE('',#3682,#4929);
#4929 = DEFINITIONAL_REPRESENTATION('',(#4930),#4937);
#4930 = B_SPLINE_CURVE_WITH_KNOTS('',5,(#4931,#4932,#4933,#4934,#4935,
    #4936),.UNSPECIFIED.,.F.,.F.,(6,6),(1.346967777859,1.590976267842),
  .PIECEWISE_BEZIER_KNOTS.);
#4931 = CARTESIAN_POINT('',(3.703162268052,14.482086940585));
#4932 = CARTESIAN_POINT('',(3.751963966048,14.097467382716));
#4933 = CARTESIAN_POINT('',(3.800765664045,13.70750673476));
#4934 = CARTESIAN_POINT('',(3.849567362041,13.314113313816));
#4935 = CARTESIAN_POINT('',(3.898369060038,12.91924864155));
#4936 = CARTESIAN_POINT('',(3.947170758034,12.524869528033));
#4937 = ( GEOMETRIC_REPRESENTATION_CONTEXT(2) 
PARAMETRIC_REPRESENTATION_CONTEXT() REPRESENTATION_CONTEXT('2D SPACE',''
  ) );
#4938 = PCURVE('',#4939,#4944);
#4939 = PLANE('',#4940);
#4940 = AXIS2_PLACEMENT_3D('',#4941,#4942,#4943);
#4941 = CARTESIAN_POINT('',(-11.82636091534,-7.831207601641,
    13.318985489539));
#4942 = DIRECTION('',(0.353553390593,-0.353553390593,0.866025403784));
#4943 = DIRECTION('',(0.612372435696,-0.612372435696,-0.5));
#4944 = DEFINITIONAL_REPRESENTATION('',(#4945),#4949);
#4945 = ELLIPSE('',#4946,16.16580753731,14.);
#4946 = AXIS2_PLACEMENT_2D('',#4947,#4948);
#4947 = CARTESIAN_POINT('',(3.262029020921,13.9));
#4948 = DIRECTION('',(-1.,-1.665334536938E-16));
#4949 = ( GEOMETRIC_REPRESENTATION_CONTEXT(2) 
PARAMETRIC_REPRESENTATION_CONTEXT() REPRESENTATION_CONTEXT('2D SPACE',''
  ) );
#4950 = ORIENTED_EDGE('',*,*,#4951,.T.);
#4951 = EDGE_CURVE('',#4920,#4952,#4954,.T.);
#4952 = VERTEX_POINT('',#4953);
#4953 = CARTESIAN_POINT('',(-11.0098854446,-8.647683072386,
    14.633772246598));
#4954 = SURFACE_CURVE('',#4955,(#4959,#4965),.PCURVE_S1.);
#4955 = LINE('',#4956,#4957);
#4956 = CARTESIAN_POINT('',(-11.00988543959,-8.647683077391,-1.));
#4957 = VECTOR('',#4958,1.);
#4958 = DIRECTION('',(0.,0.,1.));
#4959 = PCURVE('',#3682,#4960);
#4960 = DEFINITIONAL_REPRESENTATION('',(#4961),#4964);
#4961 = B_SPLINE_CURVE_WITH_KNOTS('',1,(#4962,#4963),.UNSPECIFIED.,.F.,
  .F.,(2,2),(12.035565174894,18.8000006),.PIECEWISE_BEZIER_KNOTS.);
#4962 = CARTESIAN_POINT('',(3.807396696911,12.035565174894));
#4963 = CARTESIAN_POINT('',(3.807396696911,18.8000006));
#4964 = ( GEOMETRIC_REPRESENTATION_CONTEXT(2) 
PARAMETRIC_REPRESENTATION_CONTEXT() REPRESENTATION_CONTEXT('2D SPACE',''
  ) );
#4965 = PCURVE('',#4966,#4971);
#4966 = PLANE('',#4967);
#4967 = AXIS2_PLACEMENT_3D('',#4968,#4969,#4970);
#4968 = CARTESIAN_POINT('',(-9.828784258493,-9.828784258493,14.95));
#4969 = DIRECTION('',(-0.707106781187,-0.707106781187,-0.));
#4970 = DIRECTION('',(0.707106781187,-0.707106781187,0.));
#4971 = DEFINITIONAL_REPRESENTATION('',(#4972),#4975);
#4972 = B_SPLINE_CURVE_WITH_KNOTS('',1,(#4973,#4974),.UNSPECIFIED.,.F.,
  .F.,(2,2),(12.035565174894,18.8000006),.PIECEWISE_BEZIER_KNOTS.);
#4973 = CARTESIAN_POINT('',(-1.670329308849,-3.914434825106));
#4974 = CARTESIAN_POINT('',(-1.670329308849,2.8500006));
#4975 = ( GEOMETRIC_REPRESENTATION_CONTEXT(2) 
PARAMETRIC_REPRESENTATION_CONTEXT() REPRESENTATION_CONTEXT('2D SPACE',''
  ) );
#4976 = ORIENTED_EDGE('',*,*,#4977,.F.);
#4977 = EDGE_CURVE('',#4978,#4952,#4980,.T.);
#4978 = VERTEX_POINT('',#4979);
#4979 = CARTESIAN_POINT('',(-11.00988545232,-8.647683064661,
    15.266227593415));
#4980 = SURFACE_CURVE('',#4981,(#4998,#5027),.PCURVE_S1.);
#4981 = B_SPLINE_CURVE_WITH_KNOTS('',8,(#4982,#4983,#4984,#4985,#4986,
    #4987,#4988,#4989,#4990,#4991,#4992,#4993,#4994,#4995,#4996,#4997),
  .UNSPECIFIED.,.F.,.F.,(9,7,9),(1.465952887297,1.500007847822,
    1.534061626704),.UNSPECIFIED.);
#4982 = CARTESIAN_POINT('',(-11.00988545232,-8.647683064661,
    15.266227593415));
#4983 = CARTESIAN_POINT('',(-11.0145092296,-8.641796251146,
    15.226970947168));
#4984 = CARTESIAN_POINT('',(-11.01846403076,-8.63675374481,
    15.187597243878));
#4985 = CARTESIAN_POINT('',(-11.02175406639,-8.632553915867,
    15.148127108579));
#4986 = CARTESIAN_POINT('',(-11.02438274341,-8.629195385607,
    15.108580333342));
#4987 = CARTESIAN_POINT('',(-11.02635263085,-8.626677089167,
    15.068975995621));
#4988 = CARTESIAN_POINT('',(-11.02766542443,-8.624998333611,
    15.029332570778));
#4989 = CARTESIAN_POINT('',(-11.02832190773,-8.624158851701,
    14.989668040646));
#4990 = CARTESIAN_POINT('',(-11.02832190773,-8.624158851701,
    14.91033333576));
#4991 = CARTESIAN_POINT('',(-11.02766542749,-8.624998319016,
    14.870669940223));
#4992 = CARTESIAN_POINT('',(-11.02635268195,-8.62667700384,
    14.831027362381));
#4993 = CARTESIAN_POINT('',(-11.02438288115,-8.629195185819,
    14.791423484522));
#4994 = CARTESIAN_POINT('',(-11.02175429385,-8.632553603453,
    14.751876669514));
#4995 = CARTESIAN_POINT('',(-11.01846430044,-8.636753384519,
    14.712405896605));
#4996 = CARTESIAN_POINT('',(-11.01450943852,-8.641795976053,
    14.673030890256));
#4997 = CARTESIAN_POINT('',(-11.0098854446,-8.647683072386,
    14.633772246598));
#4998 = PCURVE('',#3682,#4999);
#4999 = DEFINITIONAL_REPRESENTATION('',(#5000),#5026);
#5000 = B_SPLINE_CURVE_WITH_KNOTS('',3,(#5001,#5002,#5003,#5004,#5005,
    #5006,#5007,#5008,#5009,#5010,#5011,#5012,#5013,#5014,#5015,#5016,
    #5017,#5018,#5019,#5020,#5021,#5022,#5023,#5024,#5025),
  .UNSPECIFIED.,.F.,.F.,(4,1,1,1,1,1,1,1,1,1,1,1,1,1,1,1,1,1,1,1,1,1,4),
  (1.465952887297,1.469048739088,1.47214459088,1.475240442671,
    1.478336294462,1.481432146253,1.484527998044,1.487623849836,
    1.490719701627,1.493815553418,1.496911405209,1.500007257001,
    1.503103108792,1.506198960583,1.509294812374,1.512390664165,
    1.515486515957,1.518582367748,1.521678219539,1.52477407133,
    1.527869923121,1.530965774913,1.534061626704),
  .QUASI_UNIFORM_KNOTS.);
#5001 = CARTESIAN_POINT('',(3.807396695634,16.266227593415));
#5002 = CARTESIAN_POINT('',(3.807267077968,16.25671098832));
#5003 = CARTESIAN_POINT('',(3.807019710329,16.237659748887));
#5004 = CARTESIAN_POINT('',(3.806684201319,16.209033862609));
#5005 = CARTESIAN_POINT('',(3.806384171734,16.180364043855));
#5006 = CARTESIAN_POINT('',(3.806119566899,16.151655268096));
#5007 = CARTESIAN_POINT('',(3.805890337864,16.12291243847));
#5008 = CARTESIAN_POINT('',(3.805696442358,16.094140380334));
#5009 = CARTESIAN_POINT('',(3.805537844779,16.065343844583));
#5010 = CARTESIAN_POINT('',(3.80541451646,16.036527527902));
#5011 = CARTESIAN_POINT('',(3.805326435811,16.007696016231));
#5012 = CARTESIAN_POINT('',(3.805273588661,15.978854018192));
#5013 = CARTESIAN_POINT('',(3.80525596792,15.950005515214));
#5014 = CARTESIAN_POINT('',(3.805273575779,15.921156954691));
#5015 = CARTESIAN_POINT('',(3.805326411757,15.892314772635));
#5016 = CARTESIAN_POINT('',(3.805414482021,15.863482931171));
#5017 = CARTESIAN_POINT('',(3.8055378011,15.834666117463));
#5018 = CARTESIAN_POINT('',(3.80569639108,15.805868894026));
#5019 = CARTESIAN_POINT('',(3.805890281489,15.777095933658));
#5020 = CARTESIAN_POINT('',(3.806119509009,15.748351963893));
#5021 = CARTESIAN_POINT('',(3.806384117181,15.719641788178));
#5022 = CARTESIAN_POINT('',(3.806684156359,15.690970290138));
#5023 = CARTESIAN_POINT('',(3.807019682703,15.662342428328));
#5024 = CARTESIAN_POINT('',(3.807267068077,15.643289666472));
#5025 = CARTESIAN_POINT('',(3.807396696409,15.633772246598));
#5026 = ( GEOMETRIC_REPRESENTATION_CONTEXT(2) 
PARAMETRIC_REPRESENTATION_CONTEXT() REPRESENTATION_CONTEXT('2D SPACE',''
  ) );
#5027 = PCURVE('',#5028,#5033);
#5028 = CYLINDRICAL_SURFACE('',#5029,1.7);
#5029 = AXIS2_PLACEMENT_3D('',#5030,#5031,#5032);
#5030 = CARTESIAN_POINT('',(-21.21320343559,-21.21320343559,14.95));
#5031 = DIRECTION('',(0.707106781187,0.707106781187,0.));
#5032 = DIRECTION('',(-0.707106781187,0.707106781187,0.));
#5033 = DEFINITIONAL_REPRESENTATION('',(#5034),#5060);
#5034 = B_SPLINE_CURVE_WITH_KNOTS('',3,(#5035,#5036,#5037,#5038,#5039,
    #5040,#5041,#5042,#5043,#5044,#5045,#5046,#5047,#5048,#5049,#5050,
    #5051,#5052,#5053,#5054,#5055,#5056,#5057,#5058,#5059),
  .UNSPECIFIED.,.F.,.F.,(4,1,1,1,1,1,1,1,1,1,1,1,1,1,1,1,1,1,1,1,1,1,4),
  (1.465952887297,1.469048739088,1.47214459088,1.475240442671,
    1.478336294462,1.481432146253,1.484527998044,1.487623849836,
    1.490719701627,1.493815553418,1.496911405209,1.500007257001,
    1.503103108792,1.506198960583,1.509294812374,1.512390664165,
    1.515486515957,1.518582367748,1.521678219539,1.52477407133,
    1.527869923121,1.530965774913,1.534061626704),
  .QUASI_UNIFORM_KNOTS.);
#5035 = CARTESIAN_POINT('',(6.470291353162,16.1));
#5036 = CARTESIAN_POINT('',(6.464593914022,16.10021650935));
#5037 = CARTESIAN_POINT('',(6.453206663787,16.100630388762));
#5038 = CARTESIAN_POINT('',(6.436146562488,16.101193399854));
#5039 = CARTESIAN_POINT('',(6.419105128628,16.10169819572));
#5040 = CARTESIAN_POINT('',(6.40208024345,16.102144428767));
#5041 = CARTESIAN_POINT('',(6.385069777832,16.10253178955));
#5042 = CARTESIAN_POINT('',(6.368071590152,16.102860011672));
#5043 = CARTESIAN_POINT('',(6.351083522093,16.103128869688));
#5044 = CARTESIAN_POINT('',(6.334103406308,16.10333817897));
#5045 = CARTESIAN_POINT('',(6.317129028369,16.10348779512));
#5046 = CARTESIAN_POINT('',(6.300158259365,16.103577613569));
#5047 = CARTESIAN_POINT('',(6.283188551272,16.103607569321));
#5048 = CARTESIAN_POINT('',(6.266218810235,16.103577636327));
#5049 = CARTESIAN_POINT('',(6.249247935176,16.103487839892));
#5050 = CARTESIAN_POINT('',(6.232273366547,16.103338244423));
#5051 = CARTESIAN_POINT('',(6.215292962728,16.103128953394));
#5052 = CARTESIAN_POINT('',(6.198304495283,16.102860109839));
#5053 = CARTESIAN_POINT('',(6.181305782292,16.102531896764));
#5054 = CARTESIAN_POINT('',(6.164294650767,16.102144537782));
#5055 = CARTESIAN_POINT('',(6.147268944799,16.101698297312));
#5056 = CARTESIAN_POINT('',(6.130226521864,16.101193482715));
#5057 = CARTESIAN_POINT('',(6.113165250859,16.100630439449));
#5058 = CARTESIAN_POINT('',(6.101777093701,16.100216528211));
#5059 = CARTESIAN_POINT('',(6.096079167535,16.1));
#5060 = ( GEOMETRIC_REPRESENTATION_CONTEXT(2) 
PARAMETRIC_REPRESENTATION_CONTEXT() REPRESENTATION_CONTEXT('2D SPACE',''
  ) );
#5061 = ORIENTED_EDGE('',*,*,#5062,.T.);
#5062 = EDGE_CURVE('',#4978,#5063,#5065,.T.);
#5063 = VERTEX_POINT('',#5064);
#5064 = CARTESIAN_POINT('',(-11.00988543959,-8.647683077391,
    17.247663944822));
#5065 = SURFACE_CURVE('',#5066,(#5070,#5076),.PCURVE_S1.);
#5066 = LINE('',#5067,#5068);
#5067 = CARTESIAN_POINT('',(-11.00988543959,-8.647683077391,-1.));
#5068 = VECTOR('',#5069,1.);
#5069 = DIRECTION('',(0.,0.,1.));
#5070 = PCURVE('',#3682,#5071);
#5071 = DEFINITIONAL_REPRESENTATION('',(#5072),#5075);
#5072 = B_SPLINE_CURVE_WITH_KNOTS('',1,(#5073,#5074),.UNSPECIFIED.,.F.,
  .F.,(2,2),(12.035565174894,18.8000006),.PIECEWISE_BEZIER_KNOTS.);
#5073 = CARTESIAN_POINT('',(3.807396696911,12.035565174894));
#5074 = CARTESIAN_POINT('',(3.807396696911,18.8000006));
#5075 = ( GEOMETRIC_REPRESENTATION_CONTEXT(2) 
PARAMETRIC_REPRESENTATION_CONTEXT() REPRESENTATION_CONTEXT('2D SPACE',''
  ) );
#5076 = PCURVE('',#4966,#5077);
#5077 = DEFINITIONAL_REPRESENTATION('',(#5078),#5081);
#5078 = B_SPLINE_CURVE_WITH_KNOTS('',1,(#5079,#5080),.UNSPECIFIED.,.F.,
  .F.,(2,2),(12.035565174894,18.8000006),.PIECEWISE_BEZIER_KNOTS.);
#5079 = CARTESIAN_POINT('',(-1.670329308849,-3.914434825106));
#5080 = CARTESIAN_POINT('',(-1.670329308849,2.8500006));
#5081 = ( GEOMETRIC_REPRESENTATION_CONTEXT(2) 
PARAMETRIC_REPRESENTATION_CONTEXT() REPRESENTATION_CONTEXT('2D SPACE',''
  ) );
#5082 = ORIENTED_EDGE('',*,*,#5083,.F.);
#5083 = EDGE_CURVE('',#5084,#5063,#5086,.T.);
#5084 = VERTEX_POINT('',#5085);
#5085 = CARTESIAN_POINT('',(-10.39125513884,-9.381994278371,17.8));
#5086 = SURFACE_CURVE('',#5087,(#5092,#5102),.PCURVE_S1.);
#5087 = ELLIPSE('',#5088,16.16580753731,14.);
#5088 = AXIS2_PLACEMENT_3D('',#5089,#5090,#5091);
#5089 = CARTESIAN_POINT('',(0.,0.,18.212029020921));
#5090 = DIRECTION('',(0.353553390593,-0.353553390593,-0.866025403784));
#5091 = DIRECTION('',(0.612372435696,-0.612372435696,0.5));
#5092 = PCURVE('',#3682,#5093);
#5093 = DEFINITIONAL_REPRESENTATION('',(#5094),#5101);
#5094 = B_SPLINE_CURVE_WITH_KNOTS('',5,(#5095,#5096,#5097,#5098,#5099,
    #5100),.UNSPECIFIED.,.F.,.F.,(6,6),(1.621793726124,1.79462487573),
  .PIECEWISE_BEZIER_KNOTS.);
#5095 = CARTESIAN_POINT('',(3.875993417658,18.8000006));
#5096 = CARTESIAN_POINT('',(3.841427187737,18.520968327972));
#5097 = CARTESIAN_POINT('',(3.806860957816,18.242551432047));
#5098 = CARTESIAN_POINT('',(3.772294727894,17.965444489425));
#5099 = CARTESIAN_POINT('',(3.737728497973,17.690338991612));
#5100 = CARTESIAN_POINT('',(3.703162268052,17.417913059415));
#5101 = ( GEOMETRIC_REPRESENTATION_CONTEXT(2) 
PARAMETRIC_REPRESENTATION_CONTEXT() REPRESENTATION_CONTEXT('2D SPACE',''
  ) );
#5102 = PCURVE('',#5103,#5108);
#5103 = PLANE('',#5104);
#5104 = AXIS2_PLACEMENT_3D('',#5105,#5106,#5107);
#5105 = CARTESIAN_POINT('',(-9.828784258493,-9.828784258493,
    18.212029020921));
#5106 = DIRECTION('',(0.353553390593,-0.353553390593,-0.866025403784));
#5107 = DIRECTION('',(-0.612372435696,0.612372435696,-0.5));
#5108 = DEFINITIONAL_REPRESENTATION('',(#5109),#5113);
#5109 = ELLIPSE('',#5110,16.16580753731,14.);
#5110 = AXIS2_PLACEMENT_2D('',#5111,#5112);
#5111 = CARTESIAN_POINT('',(0.,13.9));
#5112 = DIRECTION('',(-1.,1.387778780781E-17));
#5113 = ( GEOMETRIC_REPRESENTATION_CONTEXT(2) 
PARAMETRIC_REPRESENTATION_CONTEXT() REPRESENTATION_CONTEXT('2D SPACE',''
  ) );
#5114 = ORIENTED_EDGE('',*,*,#5115,.F.);
#5115 = EDGE_CURVE('',#5116,#5084,#5118,.T.);
#5116 = VERTEX_POINT('',#5117);
#5117 = CARTESIAN_POINT('',(-10.39125513884,9.381994278371,17.8));
#5118 = SURFACE_CURVE('',#5119,(#5124,#5131),.PCURVE_S1.);
#5119 = CIRCLE('',#5120,14.);
#5120 = AXIS2_PLACEMENT_3D('',#5121,#5122,#5123);
#5121 = CARTESIAN_POINT('',(8.919579023371E-14,1.133844791107E-15,17.8)
  );
#5122 = DIRECTION('',(0.,0.,1.));
#5123 = DIRECTION('',(1.,0.,-0.));
#5124 = PCURVE('',#3682,#5125);
#5125 = DEFINITIONAL_REPRESENTATION('',(#5126),#5130);
#5126 = LINE('',#5127,#5128);
#5127 = CARTESIAN_POINT('',(0.,18.8));
#5128 = VECTOR('',#5129,1.);
#5129 = DIRECTION('',(1.,0.));
#5130 = ( GEOMETRIC_REPRESENTATION_CONTEXT(2) 
PARAMETRIC_REPRESENTATION_CONTEXT() REPRESENTATION_CONTEXT('2D SPACE',''
  ) );
#5131 = PCURVE('',#731,#5132);
#5132 = DEFINITIONAL_REPRESENTATION('',(#5133),#5137);
#5133 = CIRCLE('',#5134,14.);
#5134 = AXIS2_PLACEMENT_2D('',#5135,#5136);
#5135 = CARTESIAN_POINT('',(9.035956906991E-14,1.901290118573E-15));
#5136 = DIRECTION('',(1.,0.));
#5137 = ( GEOMETRIC_REPRESENTATION_CONTEXT(2) 
PARAMETRIC_REPRESENTATION_CONTEXT() REPRESENTATION_CONTEXT('2D SPACE',''
  ) );
#5138 = ORIENTED_EDGE('',*,*,#5139,.F.);
#5139 = EDGE_CURVE('',#3795,#5116,#5140,.T.);
#5140 = SURFACE_CURVE('',#5141,(#5146,#5156),.PCURVE_S1.);
#5141 = ELLIPSE('',#5142,16.16580753731,14.);
#5142 = AXIS2_PLACEMENT_3D('',#5143,#5144,#5145);
#5143 = CARTESIAN_POINT('',(0.,0.,18.212029020921));
#5144 = DIRECTION('',(0.353553390593,0.353553390593,-0.866025403784));
#5145 = DIRECTION('',(0.612372435696,0.612372435696,0.5));
#5146 = PCURVE('',#3682,#5147);
#5147 = DEFINITIONAL_REPRESENTATION('',(#5148),#5155);
#5148 = B_SPLINE_CURVE_WITH_KNOTS('',5,(#5149,#5150,#5151,#5152,#5153,
    #5154),.UNSPECIFIED.,.F.,.F.,(6,6),(4.488560431449,4.661391581055),
  .PIECEWISE_BEZIER_KNOTS.);
#5149 = CARTESIAN_POINT('',(2.580023039128,17.417913059415));
#5150 = CARTESIAN_POINT('',(2.545456809207,17.690338991612));
#5151 = CARTESIAN_POINT('',(2.510890579285,17.965444489425));
#5152 = CARTESIAN_POINT('',(2.476324349364,18.242551432047));
#5153 = CARTESIAN_POINT('',(2.441758119443,18.520968327972));
#5154 = CARTESIAN_POINT('',(2.407191889522,18.8000006));
#5155 = ( GEOMETRIC_REPRESENTATION_CONTEXT(2) 
PARAMETRIC_REPRESENTATION_CONTEXT() REPRESENTATION_CONTEXT('2D SPACE',''
  ) );
#5156 = PCURVE('',#3514,#5157);
#5157 = DEFINITIONAL_REPRESENTATION('',(#5158),#5162);
#5158 = ELLIPSE('',#5159,16.16580753731,14.);
#5159 = AXIS2_PLACEMENT_2D('',#5160,#5161);
#5160 = CARTESIAN_POINT('',(3.262029020921,13.9));
#5161 = DIRECTION('',(1.,-8.326672684689E-17));
#5162 = ( GEOMETRIC_REPRESENTATION_CONTEXT(2) 
PARAMETRIC_REPRESENTATION_CONTEXT() REPRESENTATION_CONTEXT('2D SPACE',''
  ) );
#5163 = ORIENTED_EDGE('',*,*,#3817,.F.);
#5164 = ORIENTED_EDGE('',*,*,#3891,.F.);
#5165 = ORIENTED_EDGE('',*,*,#3867,.F.);
#5166 = ORIENTED_EDGE('',*,*,#3663,.F.);
#5167 = ORIENTED_EDGE('',*,*,#5168,.F.);
#5168 = EDGE_CURVE('',#5169,#3664,#5171,.T.);
#5169 = VERTEX_POINT('',#5170);
#5170 = CARTESIAN_POINT('',(-8.647683077391,11.009885439595,
    12.652336055178));
#5171 = SURFACE_CURVE('',#5172,(#5177,#5187),.PCURVE_S1.);
#5172 = ELLIPSE('',#5173,16.16580753731,14.);
#5173 = AXIS2_PLACEMENT_3D('',#5174,#5175,#5176);
#5174 = CARTESIAN_POINT('',(0.,0.,11.687970979079));
#5175 = DIRECTION('',(-0.353553390593,-0.353553390593,0.866025403784));
#5176 = DIRECTION('',(0.612372435696,0.612372435696,0.5));
#5177 = PCURVE('',#3682,#5178);
#5178 = DEFINITIONAL_REPRESENTATION('',(#5179),#5186);
#5179 = B_SPLINE_CURVE_WITH_KNOTS('',5,(#5180,#5181,#5182,#5183,#5184,
    #5185),.UNSPECIFIED.,.F.,.F.,(6,6),(1.346967777859,1.590976267842),
  .PIECEWISE_BEZIER_KNOTS.);
#5180 = CARTESIAN_POINT('',(2.132365941257,14.482086940585));
#5181 = CARTESIAN_POINT('',(2.181167639253,14.097467382716));
#5182 = CARTESIAN_POINT('',(2.22996933725,13.70750673476));
#5183 = CARTESIAN_POINT('',(2.278771035246,13.314113313816));
#5184 = CARTESIAN_POINT('',(2.327572733243,12.91924864155));
#5185 = CARTESIAN_POINT('',(2.376374431239,12.524869528033));
#5186 = ( GEOMETRIC_REPRESENTATION_CONTEXT(2) 
PARAMETRIC_REPRESENTATION_CONTEXT() REPRESENTATION_CONTEXT('2D SPACE',''
  ) );
#5187 = PCURVE('',#3619,#5188);
#5188 = DEFINITIONAL_REPRESENTATION('',(#5189),#5193);
#5189 = ELLIPSE('',#5190,16.16580753731,14.);
#5190 = AXIS2_PLACEMENT_2D('',#5191,#5192);
#5191 = CARTESIAN_POINT('',(3.262029020921,13.9));
#5192 = DIRECTION('',(-1.,0.));
#5193 = ( GEOMETRIC_REPRESENTATION_CONTEXT(2) 
PARAMETRIC_REPRESENTATION_CONTEXT() REPRESENTATION_CONTEXT('2D SPACE',''
  ) );
#5194 = ORIENTED_EDGE('',*,*,#5195,.T.);
#5195 = EDGE_CURVE('',#5169,#5196,#5198,.T.);
#5196 = VERTEX_POINT('',#5197);
#5197 = CARTESIAN_POINT('',(-8.647683064661,11.009885452325,
    14.633772406585));
#5198 = SURFACE_CURVE('',#5199,(#5203,#5209),.PCURVE_S1.);
#5199 = LINE('',#5200,#5201);
#5200 = CARTESIAN_POINT('',(-8.647683077391,11.009885439595,-1.));
#5201 = VECTOR('',#5202,1.);
#5202 = DIRECTION('',(0.,0.,1.));
#5203 = PCURVE('',#3682,#5204);
#5204 = DEFINITIONAL_REPRESENTATION('',(#5205),#5208);
#5205 = B_SPLINE_CURVE_WITH_KNOTS('',1,(#5206,#5207),.UNSPECIFIED.,.F.,
  .F.,(2,2),(12.035565174894,18.8000006),.PIECEWISE_BEZIER_KNOTS.);
#5206 = CARTESIAN_POINT('',(2.236600370116,12.035565174894));
#5207 = CARTESIAN_POINT('',(2.236600370116,18.8000006));
#5208 = ( GEOMETRIC_REPRESENTATION_CONTEXT(2) 
PARAMETRIC_REPRESENTATION_CONTEXT() REPRESENTATION_CONTEXT('2D SPACE',''
  ) );
#5209 = PCURVE('',#5210,#5215);
#5210 = PLANE('',#5211);
#5211 = AXIS2_PLACEMENT_3D('',#5212,#5213,#5214);
#5212 = CARTESIAN_POINT('',(-9.828784258493,9.828784258493,14.95));
#5213 = DIRECTION('',(-0.707106781187,0.707106781187,0.));
#5214 = DIRECTION('',(0.707106781187,0.707106781187,0.));
#5215 = DEFINITIONAL_REPRESENTATION('',(#5216),#5219);
#5216 = B_SPLINE_CURVE_WITH_KNOTS('',1,(#5217,#5218),.UNSPECIFIED.,.F.,
  .F.,(2,2),(12.035565174894,18.8000006),.PIECEWISE_BEZIER_KNOTS.);
#5217 = CARTESIAN_POINT('',(1.670329308849,3.914434825106));
#5218 = CARTESIAN_POINT('',(1.670329308849,-2.8500006));
#5219 = ( GEOMETRIC_REPRESENTATION_CONTEXT(2) 
PARAMETRIC_REPRESENTATION_CONTEXT() REPRESENTATION_CONTEXT('2D SPACE',''
  ) );
#5220 = ORIENTED_EDGE('',*,*,#5221,.F.);
#5221 = EDGE_CURVE('',#5222,#5196,#5224,.T.);
#5222 = VERTEX_POINT('',#5223);
#5223 = CARTESIAN_POINT('',(-8.647683072386,11.0098854446,
    15.266227753402));
#5224 = SURFACE_CURVE('',#5225,(#5242,#5271),.PCURVE_S1.);
#5225 = B_SPLINE_CURVE_WITH_KNOTS('',8,(#5226,#5227,#5228,#5229,#5230,
    #5231,#5232,#5233,#5234,#5235,#5236,#5237,#5238,#5239,#5240,#5241),
  .UNSPECIFIED.,.F.,.F.,(9,7,9),(0.96605492559,1.,1.033946252281),
  .UNSPECIFIED.);
#5226 = CARTESIAN_POINT('',(-8.647683072386,11.0098854446,
    15.266227753402));
#5227 = CARTESIAN_POINT('',(-8.641795976053,11.014509438521,
    15.226969109744));
#5228 = CARTESIAN_POINT('',(-8.636753384519,11.018464300448,
    15.187594103395));
#5229 = CARTESIAN_POINT('',(-8.632553603453,11.021754293851,
    15.148123330486));
#5230 = CARTESIAN_POINT('',(-8.629195185819,11.024382881151,
    15.108576515478));
#5231 = CARTESIAN_POINT('',(-8.62667700384,11.026352681955,
    15.068972637619));
#5232 = CARTESIAN_POINT('',(-8.624998319016,11.02766542749,
    15.029330059777));
#5233 = CARTESIAN_POINT('',(-8.624158851701,11.028321907735,
    14.98966666424));
#5234 = CARTESIAN_POINT('',(-8.624158851701,11.028321907735,
    14.910331959354));
#5235 = CARTESIAN_POINT('',(-8.624998333611,11.027665424431,
    14.870667429222));
#5236 = CARTESIAN_POINT('',(-8.626677089167,11.02635263085,
    14.831024004379));
#5237 = CARTESIAN_POINT('',(-8.629195385608,11.024382743411,
    14.791419666658));
#5238 = CARTESIAN_POINT('',(-8.632553915867,11.021754066393,
    14.751872891421));
#5239 = CARTESIAN_POINT('',(-8.63675374481,11.018464030765,
    14.712402756122));
#5240 = CARTESIAN_POINT('',(-8.641796251146,11.014509229609,
    14.673029052832));
#5241 = CARTESIAN_POINT('',(-8.647683064661,11.009885452325,
    14.633772406585));
#5242 = PCURVE('',#3682,#5243);
#5243 = DEFINITIONAL_REPRESENTATION('',(#5244),#5270);
#5244 = B_SPLINE_CURVE_WITH_KNOTS('',3,(#5245,#5246,#5247,#5248,#5249,
    #5250,#5251,#5252,#5253,#5254,#5255,#5256,#5257,#5258,#5259,#5260,
    #5261,#5262,#5263,#5264,#5265,#5266,#5267,#5268,#5269),
  .UNSPECIFIED.,.F.,.F.,(4,1,1,1,1,1,1,1,1,1,1,1,1,1,1,1,1,1,1,1,1,1,4),
  (0.96605492559,0.969140894985,0.97222686438,0.975312833775,
    0.97839880317,0.981484772565,0.98457074196,0.987656711355,
    0.99074268075,0.993828650145,0.99691461954,1.000000588935,
    1.00308655833,1.006172527725,1.00925849712,1.012344466516,
    1.015430435911,1.018516405306,1.021602374701,1.024688344096,
    1.027774313491,1.030860282886,1.033946252281),
  .QUASI_UNIFORM_KNOTS.);
#5245 = CARTESIAN_POINT('',(2.236600369614,16.266227753402));
#5246 = CARTESIAN_POINT('',(2.236470741282,16.256710333528));
#5247 = CARTESIAN_POINT('',(2.236223355908,16.237657571672));
#5248 = CARTESIAN_POINT('',(2.235887829564,16.209029709862));
#5249 = CARTESIAN_POINT('',(2.235587790386,16.180358211822));
#5250 = CARTESIAN_POINT('',(2.235323182214,16.151648036107));
#5251 = CARTESIAN_POINT('',(2.235093954694,16.122904066342));
#5252 = CARTESIAN_POINT('',(2.234900064285,16.094131105974));
#5253 = CARTESIAN_POINT('',(2.234741474305,16.065333882537));
#5254 = CARTESIAN_POINT('',(2.234618155227,16.036517068829));
#5255 = CARTESIAN_POINT('',(2.234530084962,16.007685227365));
#5256 = CARTESIAN_POINT('',(2.234477248984,15.978843045309));
#5257 = CARTESIAN_POINT('',(2.234459641125,15.949994484786));
#5258 = CARTESIAN_POINT('',(2.234477261866,15.921145981808));
#5259 = CARTESIAN_POINT('',(2.234530109016,15.892303983769));
#5260 = CARTESIAN_POINT('',(2.234618189665,15.863472472098));
#5261 = CARTESIAN_POINT('',(2.234741517984,15.834656155417));
#5262 = CARTESIAN_POINT('',(2.234900115563,15.805859619666));
#5263 = CARTESIAN_POINT('',(2.235094011069,15.77708756153));
#5264 = CARTESIAN_POINT('',(2.235323240104,15.748344731904));
#5265 = CARTESIAN_POINT('',(2.235587844939,15.719635956145));
#5266 = CARTESIAN_POINT('',(2.235887874524,15.690966137391));
#5267 = CARTESIAN_POINT('',(2.236223383535,15.662340251113));
#5268 = CARTESIAN_POINT('',(2.236470751173,15.64328901168));
#5269 = CARTESIAN_POINT('',(2.236600368839,15.633772406585));
#5270 = ( GEOMETRIC_REPRESENTATION_CONTEXT(2) 
PARAMETRIC_REPRESENTATION_CONTEXT() REPRESENTATION_CONTEXT('2D SPACE',''
  ) );
#5271 = PCURVE('',#5272,#5277);
#5272 = CYLINDRICAL_SURFACE('',#5273,1.7);
#5273 = AXIS2_PLACEMENT_3D('',#5274,#5275,#5276);
#5274 = CARTESIAN_POINT('',(21.213203435596,-21.21320343559,14.95));
#5275 = DIRECTION('',(-0.707106781187,0.707106781187,0.));
#5276 = DIRECTION('',(0.707106781187,0.707106781187,0.));
#5277 = DEFINITIONAL_REPRESENTATION('',(#5278),#5304);
#5278 = B_SPLINE_CURVE_WITH_KNOTS('',3,(#5279,#5280,#5281,#5282,#5283,
    #5284,#5285,#5286,#5287,#5288,#5289,#5290,#5291,#5292,#5293,#5294,
    #5295,#5296,#5297,#5298,#5299,#5300,#5301,#5302,#5303),
  .UNSPECIFIED.,.F.,.F.,(4,1,1,1,1,1,1,1,1,1,1,1,1,1,1,1,1,1,1,1,1,1,4),
  (0.96605492559,0.969140894985,0.97222686438,0.975312833775,
    0.97839880317,0.981484772565,0.98457074196,0.987656711355,
    0.99074268075,0.993828650145,0.99691461954,1.000000588935,
    1.00308655833,1.006172527725,1.00925849712,1.012344466516,
    1.015430435911,1.018516405306,1.021602374701,1.024688344096,
    1.027774313491,1.030860282886,1.033946252281),
  .QUASI_UNIFORM_KNOTS.);
#5279 = CARTESIAN_POINT('',(6.096079167535,43.9));
#5280 = CARTESIAN_POINT('',(6.101777093701,43.899783471789));
#5281 = CARTESIAN_POINT('',(6.113165250859,43.899369560551));
#5282 = CARTESIAN_POINT('',(6.130226521864,43.898806517285));
#5283 = CARTESIAN_POINT('',(6.147268944799,43.898301702688));
#5284 = CARTESIAN_POINT('',(6.164294650767,43.897855462218));
#5285 = CARTESIAN_POINT('',(6.181305782292,43.897468103236));
#5286 = CARTESIAN_POINT('',(6.198304495283,43.897139890161));
#5287 = CARTESIAN_POINT('',(6.215292962728,43.896871046606));
#5288 = CARTESIAN_POINT('',(6.232273366547,43.896661755577));
#5289 = CARTESIAN_POINT('',(6.249247935175,43.896512160108));
#5290 = CARTESIAN_POINT('',(6.266218810235,43.896422363673));
#5291 = CARTESIAN_POINT('',(6.283188551272,43.896392430679));
#5292 = CARTESIAN_POINT('',(6.300158259365,43.896422386431));
#5293 = CARTESIAN_POINT('',(6.317129028369,43.89651220488));
#5294 = CARTESIAN_POINT('',(6.334103406308,43.89666182103));
#5295 = CARTESIAN_POINT('',(6.351083522093,43.896871130312));
#5296 = CARTESIAN_POINT('',(6.368071590152,43.897139988328));
#5297 = CARTESIAN_POINT('',(6.385069777832,43.89746821045));
#5298 = CARTESIAN_POINT('',(6.40208024345,43.897855571233));
#5299 = CARTESIAN_POINT('',(6.419105128628,43.89830180428));
#5300 = CARTESIAN_POINT('',(6.436146562488,43.898806600146));
#5301 = CARTESIAN_POINT('',(6.453206663787,43.899369611238));
#5302 = CARTESIAN_POINT('',(6.464593914022,43.89978349065));
#5303 = CARTESIAN_POINT('',(6.470291353162,43.9));
#5304 = ( GEOMETRIC_REPRESENTATION_CONTEXT(2) 
PARAMETRIC_REPRESENTATION_CONTEXT() REPRESENTATION_CONTEXT('2D SPACE',''
  ) );
#5305 = ORIENTED_EDGE('',*,*,#5306,.T.);
#5306 = EDGE_CURVE('',#5222,#5307,#5309,.T.);
#5307 = VERTEX_POINT('',#5308);
#5308 = CARTESIAN_POINT('',(-8.647683077391,11.009885439595,
    17.247663944822));
#5309 = SURFACE_CURVE('',#5310,(#5314,#5320),.PCURVE_S1.);
#5310 = LINE('',#5311,#5312);
#5311 = CARTESIAN_POINT('',(-8.647683077391,11.009885439595,-1.));
#5312 = VECTOR('',#5313,1.);
#5313 = DIRECTION('',(0.,0.,1.));
#5314 = PCURVE('',#3682,#5315);
#5315 = DEFINITIONAL_REPRESENTATION('',(#5316),#5319);
#5316 = B_SPLINE_CURVE_WITH_KNOTS('',1,(#5317,#5318),.UNSPECIFIED.,.F.,
  .F.,(2,2),(12.035565174894,18.8000006),.PIECEWISE_BEZIER_KNOTS.);
#5317 = CARTESIAN_POINT('',(2.236600370116,12.035565174894));
#5318 = CARTESIAN_POINT('',(2.236600370116,18.8000006));
#5319 = ( GEOMETRIC_REPRESENTATION_CONTEXT(2) 
PARAMETRIC_REPRESENTATION_CONTEXT() REPRESENTATION_CONTEXT('2D SPACE',''
  ) );
#5320 = PCURVE('',#5210,#5321);
#5321 = DEFINITIONAL_REPRESENTATION('',(#5322),#5325);
#5322 = B_SPLINE_CURVE_WITH_KNOTS('',1,(#5323,#5324),.UNSPECIFIED.,.F.,
  .F.,(2,2),(12.035565174894,18.8000006),.PIECEWISE_BEZIER_KNOTS.);
#5323 = CARTESIAN_POINT('',(1.670329308849,3.914434825106));
#5324 = CARTESIAN_POINT('',(1.670329308849,-2.8500006));
#5325 = ( GEOMETRIC_REPRESENTATION_CONTEXT(2) 
PARAMETRIC_REPRESENTATION_CONTEXT() REPRESENTATION_CONTEXT('2D SPACE',''
  ) );
#5326 = ORIENTED_EDGE('',*,*,#5327,.F.);
#5327 = EDGE_CURVE('',#5328,#5307,#5330,.T.);
#5328 = VERTEX_POINT('',#5329);
#5329 = CARTESIAN_POINT('',(-9.381994278371,10.391255138847,17.8));
#5330 = SURFACE_CURVE('',#5331,(#5336,#5346),.PCURVE_S1.);
#5331 = ELLIPSE('',#5332,16.16580753731,14.);
#5332 = AXIS2_PLACEMENT_3D('',#5333,#5334,#5335);
#5333 = CARTESIAN_POINT('',(0.,0.,18.212029020921));
#5334 = DIRECTION('',(-0.353553390593,-0.353553390593,-0.866025403784));
#5335 = DIRECTION('',(-0.612372435696,-0.612372435696,0.5));
#5336 = PCURVE('',#3682,#5337);
#5337 = DEFINITIONAL_REPRESENTATION('',(#5338),#5345);
#5338 = B_SPLINE_CURVE_WITH_KNOTS('',5,(#5339,#5340,#5341,#5342,#5343,
    #5344),.UNSPECIFIED.,.F.,.F.,(6,6),(1.621793726124,1.79462487573),
  .PIECEWISE_BEZIER_KNOTS.);
#5339 = CARTESIAN_POINT('',(2.305197090863,18.8000006));
#5340 = CARTESIAN_POINT('',(2.270630860942,18.520968327972));
#5341 = CARTESIAN_POINT('',(2.236064631021,18.242551432047));
#5342 = CARTESIAN_POINT('',(2.201498401099,17.965444489425));
#5343 = CARTESIAN_POINT('',(2.166932171178,17.690338991612));
#5344 = CARTESIAN_POINT('',(2.132365941257,17.417913059415));
#5345 = ( GEOMETRIC_REPRESENTATION_CONTEXT(2) 
PARAMETRIC_REPRESENTATION_CONTEXT() REPRESENTATION_CONTEXT('2D SPACE',''
  ) );
#5346 = PCURVE('',#3563,#5347);
#5347 = DEFINITIONAL_REPRESENTATION('',(#5348),#5352);
#5348 = ELLIPSE('',#5349,16.16580753731,14.);
#5349 = AXIS2_PLACEMENT_2D('',#5350,#5351);
#5350 = CARTESIAN_POINT('',(0.,13.9));
#5351 = DIRECTION('',(-1.,1.387778780781E-17));
#5352 = ( GEOMETRIC_REPRESENTATION_CONTEXT(2) 
PARAMETRIC_REPRESENTATION_CONTEXT() REPRESENTATION_CONTEXT('2D SPACE',''
  ) );
#5353 = ORIENTED_EDGE('',*,*,#5354,.F.);
#5354 = EDGE_CURVE('',#5355,#5328,#5357,.T.);
#5355 = VERTEX_POINT('',#5356);
#5356 = CARTESIAN_POINT('',(9.381994278371,10.391255138847,17.8));
#5357 = SURFACE_CURVE('',#5358,(#5363,#5370),.PCURVE_S1.);
#5358 = CIRCLE('',#5359,14.);
#5359 = AXIS2_PLACEMENT_3D('',#5360,#5361,#5362);
#5360 = CARTESIAN_POINT('',(8.919579023371E-14,1.133844791107E-15,17.8)
  );
#5361 = DIRECTION('',(0.,0.,1.));
#5362 = DIRECTION('',(1.,0.,-0.));
#5363 = PCURVE('',#3682,#5364);
#5364 = DEFINITIONAL_REPRESENTATION('',(#5365),#5369);
#5365 = LINE('',#5366,#5367);
#5366 = CARTESIAN_POINT('',(0.,18.8));
#5367 = VECTOR('',#5368,1.);
#5368 = DIRECTION('',(1.,0.));
#5369 = ( GEOMETRIC_REPRESENTATION_CONTEXT(2) 
PARAMETRIC_REPRESENTATION_CONTEXT() REPRESENTATION_CONTEXT('2D SPACE',''
  ) );
#5370 = PCURVE('',#731,#5371);
#5371 = DEFINITIONAL_REPRESENTATION('',(#5372),#5376);
#5372 = CIRCLE('',#5373,14.);
#5373 = AXIS2_PLACEMENT_2D('',#5374,#5375);
#5374 = CARTESIAN_POINT('',(9.035956906991E-14,1.901290118573E-15));
#5375 = DIRECTION('',(1.,0.));
#5376 = ( GEOMETRIC_REPRESENTATION_CONTEXT(2) 
PARAMETRIC_REPRESENTATION_CONTEXT() REPRESENTATION_CONTEXT('2D SPACE',''
  ) );
#5377 = ORIENTED_EDGE('',*,*,#5378,.F.);
#5378 = EDGE_CURVE('',#5379,#5355,#5381,.T.);
#5379 = VERTEX_POINT('',#5380);
#5380 = CARTESIAN_POINT('',(8.647683077391,11.009885439595,
    17.247663944822));
#5381 = SURFACE_CURVE('',#5382,(#5387,#5397),.PCURVE_S1.);
#5382 = ELLIPSE('',#5383,16.16580753731,14.);
#5383 = AXIS2_PLACEMENT_3D('',#5384,#5385,#5386);
#5384 = CARTESIAN_POINT('',(0.,0.,18.212029020921));
#5385 = DIRECTION('',(0.353553390593,-0.353553390593,-0.866025403784));
#5386 = DIRECTION('',(0.612372435696,-0.612372435696,0.5));
#5387 = PCURVE('',#3682,#5388);
#5388 = DEFINITIONAL_REPRESENTATION('',(#5389),#5396);
#5389 = B_SPLINE_CURVE_WITH_KNOTS('',5,(#5390,#5391,#5392,#5393,#5394,
    #5395),.UNSPECIFIED.,.F.,.F.,(6,6),(4.488560431449,4.661391581055),
  .PIECEWISE_BEZIER_KNOTS.);
#5390 = CARTESIAN_POINT('',(1.009226712333,17.417913059415));
#5391 = CARTESIAN_POINT('',(0.974660482412,17.690338991612));
#5392 = CARTESIAN_POINT('',(0.94009425249,17.965444489425));
#5393 = CARTESIAN_POINT('',(0.905528022569,18.242551432047));
#5394 = CARTESIAN_POINT('',(0.870961792648,18.520968327972));
#5395 = CARTESIAN_POINT('',(0.836395562727,18.8000006));
#5396 = ( GEOMETRIC_REPRESENTATION_CONTEXT(2) 
PARAMETRIC_REPRESENTATION_CONTEXT() REPRESENTATION_CONTEXT('2D SPACE',''
  ) );
#5397 = PCURVE('',#5398,#5403);
#5398 = PLANE('',#5399);
#5399 = AXIS2_PLACEMENT_3D('',#5400,#5401,#5402);
#5400 = CARTESIAN_POINT('',(7.831207601641,11.826360915345,
    16.581014510461));
#5401 = DIRECTION('',(0.353553390593,-0.353553390593,-0.866025403784));
#5402 = DIRECTION('',(0.612372435696,-0.612372435696,0.5));
#5403 = DEFINITIONAL_REPRESENTATION('',(#5404),#5408);
#5404 = ELLIPSE('',#5405,16.16580753731,14.);
#5405 = AXIS2_PLACEMENT_2D('',#5406,#5407);
#5406 = CARTESIAN_POINT('',(3.262029020921,13.9));
#5407 = DIRECTION('',(1.,-8.326672684689E-17));
#5408 = ( GEOMETRIC_REPRESENTATION_CONTEXT(2) 
PARAMETRIC_REPRESENTATION_CONTEXT() REPRESENTATION_CONTEXT('2D SPACE',''
  ) );
#5409 = ORIENTED_EDGE('',*,*,#5410,.F.);
#5410 = EDGE_CURVE('',#5411,#5379,#5413,.T.);
#5411 = VERTEX_POINT('',#5412);
#5412 = CARTESIAN_POINT('',(8.647683064661,11.009885452325,
    15.266227593415));
#5413 = SURFACE_CURVE('',#5414,(#5418,#5424),.PCURVE_S1.);
#5414 = LINE('',#5415,#5416);
#5415 = CARTESIAN_POINT('',(8.647683077391,11.009885439595,-1.));
#5416 = VECTOR('',#5417,1.);
#5417 = DIRECTION('',(0.,0.,1.));
#5418 = PCURVE('',#3682,#5419);
#5419 = DEFINITIONAL_REPRESENTATION('',(#5420),#5423);
#5420 = B_SPLINE_CURVE_WITH_KNOTS('',1,(#5421,#5422),.UNSPECIFIED.,.F.,
  .F.,(2,2),(12.035565174894,18.8000006),.PIECEWISE_BEZIER_KNOTS.);
#5421 = CARTESIAN_POINT('',(0.904992283474,12.035565174894));
#5422 = CARTESIAN_POINT('',(0.904992283474,18.8000006));
#5423 = ( GEOMETRIC_REPRESENTATION_CONTEXT(2) 
PARAMETRIC_REPRESENTATION_CONTEXT() REPRESENTATION_CONTEXT('2D SPACE',''
  ) );
#5424 = PCURVE('',#5425,#5430);
#5425 = PLANE('',#5426);
#5426 = AXIS2_PLACEMENT_3D('',#5427,#5428,#5429);
#5427 = CARTESIAN_POINT('',(9.828784258493,9.828784258493,14.95));
#5428 = DIRECTION('',(0.707106781187,0.707106781187,0.));
#5429 = DIRECTION('',(-0.707106781187,0.707106781187,0.));
#5430 = DEFINITIONAL_REPRESENTATION('',(#5431),#5434);
#5431 = B_SPLINE_CURVE_WITH_KNOTS('',1,(#5432,#5433),.UNSPECIFIED.,.F.,
  .F.,(2,2),(12.035565174894,18.8000006),.PIECEWISE_BEZIER_KNOTS.);
#5432 = CARTESIAN_POINT('',(1.670329308849,-3.914434825106));
#5433 = CARTESIAN_POINT('',(1.670329308849,2.8500006));
#5434 = ( GEOMETRIC_REPRESENTATION_CONTEXT(2) 
PARAMETRIC_REPRESENTATION_CONTEXT() REPRESENTATION_CONTEXT('2D SPACE',''
  ) );
#5435 = ORIENTED_EDGE('',*,*,#5436,.F.);
#5436 = EDGE_CURVE('',#5437,#5411,#5439,.T.);
#5437 = VERTEX_POINT('',#5438);
#5438 = CARTESIAN_POINT('',(8.647683072386,11.0098854446,14.633772246599
    ));
#5439 = SURFACE_CURVE('',#5440,(#5457,#5486),.PCURVE_S1.);
#5440 = B_SPLINE_CURVE_WITH_KNOTS('',8,(#5441,#5442,#5443,#5444,#5445,
    #5446,#5447,#5448,#5449,#5450,#5451,#5452,#5453,#5454,#5455,#5456),
  .UNSPECIFIED.,.F.,.F.,(9,7,9),(0.966054925696,1.,1.033946252175),
  .UNSPECIFIED.);
#5441 = CARTESIAN_POINT('',(8.647683072386,11.0098854446,14.633772246599
    ));
#5442 = CARTESIAN_POINT('',(8.641795976053,11.014509438521,
    14.673030890256));
#5443 = CARTESIAN_POINT('',(8.636753384519,11.018464300448,
    14.712405896605));
#5444 = CARTESIAN_POINT('',(8.632553603453,11.021754293851,
    14.751876669515));
#5445 = CARTESIAN_POINT('',(8.629195185819,11.024382881151,
    14.791423484522));
#5446 = CARTESIAN_POINT('',(8.62667700384,11.026352681955,
    14.831027362381));
#5447 = CARTESIAN_POINT('',(8.624998319016,11.02766542749,
    14.870669940223));
#5448 = CARTESIAN_POINT('',(8.624158851701,11.028321907735,
    14.91033333576));
#5449 = CARTESIAN_POINT('',(8.624158851701,11.028321907735,
    14.989668040646));
#5450 = CARTESIAN_POINT('',(8.624998333611,11.027665424432,
    15.029332570778));
#5451 = CARTESIAN_POINT('',(8.626677089167,11.02635263085,
    15.068975995621));
#5452 = CARTESIAN_POINT('',(8.629195385607,11.024382743411,
    15.108580333342));
#5453 = CARTESIAN_POINT('',(8.632553915867,11.021754066393,
    15.148127108579));
#5454 = CARTESIAN_POINT('',(8.63675374481,11.018464030765,
    15.187597243878));
#5455 = CARTESIAN_POINT('',(8.641796251146,11.014509229609,
    15.226970947168));
#5456 = CARTESIAN_POINT('',(8.647683064661,11.009885452325,
    15.266227593415));
#5457 = PCURVE('',#3682,#5458);
#5458 = DEFINITIONAL_REPRESENTATION('',(#5459),#5485);
#5459 = B_SPLINE_CURVE_WITH_KNOTS('',3,(#5460,#5461,#5462,#5463,#5464,
    #5465,#5466,#5467,#5468,#5469,#5470,#5471,#5472,#5473,#5474,#5475,
    #5476,#5477,#5478,#5479,#5480,#5481,#5482,#5483,#5484),
  .UNSPECIFIED.,.F.,.F.,(4,1,1,1,1,1,1,1,1,1,1,1,1,1,1,1,1,1,1,1,1,1,4),
  (0.966054925696,0.969140895081,0.972226864467,0.975312833852,
    0.978398803238,0.981484772623,0.984570742008,0.987656711394,
    0.990742680779,0.993828650165,0.99691461955,1.000000588935,
    1.003086558321,1.006172527706,1.009258497091,1.012344466477,
    1.015430435862,1.018516405248,1.021602374633,1.024688344018,
    1.027774313404,1.030860282789,1.033946252175),
  .QUASI_UNIFORM_KNOTS.);
#5460 = CARTESIAN_POINT('',(0.904992283976,15.633772246599));
#5461 = CARTESIAN_POINT('',(0.905121912308,15.643289666473));
#5462 = CARTESIAN_POINT('',(0.905369297682,15.662342428329));
#5463 = CARTESIAN_POINT('',(0.905704824025,15.690970290138));
#5464 = CARTESIAN_POINT('',(0.906004863203,15.719641788178));
#5465 = CARTESIAN_POINT('',(0.906269471376,15.748351963893));
#5466 = CARTESIAN_POINT('',(0.906498698896,15.777095933658));
#5467 = CARTESIAN_POINT('',(0.906692589305,15.805868894027));
#5468 = CARTESIAN_POINT('',(0.906851179285,15.834666117463));
#5469 = CARTESIAN_POINT('',(0.906974498363,15.863482931172));
#5470 = CARTESIAN_POINT('',(0.907062568628,15.892314772636));
#5471 = CARTESIAN_POINT('',(0.907115404605,15.921156954691));
#5472 = CARTESIAN_POINT('',(0.907133012464,15.950005515214));
#5473 = CARTESIAN_POINT('',(0.907115391724,15.978854018192));
#5474 = CARTESIAN_POINT('',(0.907062544574,16.007696016231));
#5475 = CARTESIAN_POINT('',(0.906974463924,16.036527527902));
#5476 = CARTESIAN_POINT('',(0.906851135606,16.065343844583));
#5477 = CARTESIAN_POINT('',(0.906692538027,16.094140380334));
#5478 = CARTESIAN_POINT('',(0.90649864252,16.12291243847));
#5479 = CARTESIAN_POINT('',(0.906269413486,16.151655268096));
#5480 = CARTESIAN_POINT('',(0.906004808651,16.180364043855));
#5481 = CARTESIAN_POINT('',(0.905704779066,16.209033862609));
#5482 = CARTESIAN_POINT('',(0.905369270055,16.237659748887));
#5483 = CARTESIAN_POINT('',(0.905121902417,16.25671098832));
#5484 = CARTESIAN_POINT('',(0.904992284751,16.266227593415));
#5485 = ( GEOMETRIC_REPRESENTATION_CONTEXT(2) 
PARAMETRIC_REPRESENTATION_CONTEXT() REPRESENTATION_CONTEXT('2D SPACE',''
  ) );
#5486 = PCURVE('',#5487,#5492);
#5487 = CYLINDRICAL_SURFACE('',#5488,1.7);
#5488 = AXIS2_PLACEMENT_3D('',#5489,#5490,#5491);
#5489 = CARTESIAN_POINT('',(-21.21320343559,-21.21320343559,14.95));
#5490 = DIRECTION('',(0.707106781187,0.707106781187,0.));
#5491 = DIRECTION('',(-0.707106781187,0.707106781187,0.));
#5492 = DEFINITIONAL_REPRESENTATION('',(#5493),#5519);
#5493 = B_SPLINE_CURVE_WITH_KNOTS('',3,(#5494,#5495,#5496,#5497,#5498,
    #5499,#5500,#5501,#5502,#5503,#5504,#5505,#5506,#5507,#5508,#5509,
    #5510,#5511,#5512,#5513,#5514,#5515,#5516,#5517,#5518),
  .UNSPECIFIED.,.F.,.F.,(4,1,1,1,1,1,1,1,1,1,1,1,1,1,1,1,1,1,1,1,1,1,4),
  (0.966054925696,0.969140895081,0.972226864467,0.975312833852,
    0.978398803238,0.981484772623,0.984570742008,0.987656711394,
    0.990742680779,0.993828650165,0.99691461955,1.000000588935,
    1.003086558321,1.006172527706,1.009258497091,1.012344466477,
    1.015430435862,1.018516405248,1.021602374633,1.024688344018,
    1.027774313404,1.030860282789,1.033946252175),
  .QUASI_UNIFORM_KNOTS.);
#5494 = CARTESIAN_POINT('',(6.096079167535,43.9));
#5495 = CARTESIAN_POINT('',(6.101777093701,43.899783471789));
#5496 = CARTESIAN_POINT('',(6.113165250859,43.899369560551));
#5497 = CARTESIAN_POINT('',(6.130226521864,43.898806517285));
#5498 = CARTESIAN_POINT('',(6.147268944799,43.898301702688));
#5499 = CARTESIAN_POINT('',(6.164294650767,43.897855462218));
#5500 = CARTESIAN_POINT('',(6.181305782292,43.897468103236));
#5501 = CARTESIAN_POINT('',(6.198304495283,43.89713989016));
#5502 = CARTESIAN_POINT('',(6.215292962728,43.896871046606));
#5503 = CARTESIAN_POINT('',(6.232273366547,43.896661755577));
#5504 = CARTESIAN_POINT('',(6.249247935176,43.896512160108));
#5505 = CARTESIAN_POINT('',(6.266218810235,43.896422363673));
#5506 = CARTESIAN_POINT('',(6.283188551272,43.896392430679));
#5507 = CARTESIAN_POINT('',(6.300158259366,43.896422386431));
#5508 = CARTESIAN_POINT('',(6.317129028369,43.89651220488));
#5509 = CARTESIAN_POINT('',(6.334103406308,43.89666182103));
#5510 = CARTESIAN_POINT('',(6.351083522093,43.896871130312));
#5511 = CARTESIAN_POINT('',(6.368071590152,43.897139988328));
#5512 = CARTESIAN_POINT('',(6.385069777832,43.89746821045));
#5513 = CARTESIAN_POINT('',(6.40208024345,43.897855571233));
#5514 = CARTESIAN_POINT('',(6.419105128628,43.89830180428));
#5515 = CARTESIAN_POINT('',(6.436146562488,43.898806600146));
#5516 = CARTESIAN_POINT('',(6.453206663787,43.899369611238));
#5517 = CARTESIAN_POINT('',(6.464593914022,43.89978349065));
#5518 = CARTESIAN_POINT('',(6.470291353162,43.9));
#5519 = ( GEOMETRIC_REPRESENTATION_CONTEXT(2) 
PARAMETRIC_REPRESENTATION_CONTEXT() REPRESENTATION_CONTEXT('2D SPACE',''
  ) );
#5520 = ORIENTED_EDGE('',*,*,#5521,.F.);
#5521 = EDGE_CURVE('',#5522,#5437,#5524,.T.);
#5522 = VERTEX_POINT('',#5523);
#5523 = CARTESIAN_POINT('',(8.647683077391,11.009885439595,
    12.652336055178));
#5524 = SURFACE_CURVE('',#5525,(#5529,#5535),.PCURVE_S1.);
#5525 = LINE('',#5526,#5527);
#5526 = CARTESIAN_POINT('',(8.647683077391,11.009885439595,-1.));
#5527 = VECTOR('',#5528,1.);
#5528 = DIRECTION('',(0.,0.,1.));
#5529 = PCURVE('',#3682,#5530);
#5530 = DEFINITIONAL_REPRESENTATION('',(#5531),#5534);
#5531 = B_SPLINE_CURVE_WITH_KNOTS('',1,(#5532,#5533),.UNSPECIFIED.,.F.,
  .F.,(2,2),(12.035565174894,18.8000006),.PIECEWISE_BEZIER_KNOTS.);
#5532 = CARTESIAN_POINT('',(0.904992283474,12.035565174894));
#5533 = CARTESIAN_POINT('',(0.904992283474,18.8000006));
#5534 = ( GEOMETRIC_REPRESENTATION_CONTEXT(2) 
PARAMETRIC_REPRESENTATION_CONTEXT() REPRESENTATION_CONTEXT('2D SPACE',''
  ) );
#5535 = PCURVE('',#5425,#5536);
#5536 = DEFINITIONAL_REPRESENTATION('',(#5537),#5540);
#5537 = B_SPLINE_CURVE_WITH_KNOTS('',1,(#5538,#5539),.UNSPECIFIED.,.F.,
  .F.,(2,2),(12.035565174894,18.8000006),.PIECEWISE_BEZIER_KNOTS.);
#5538 = CARTESIAN_POINT('',(1.670329308849,-3.914434825106));
#5539 = CARTESIAN_POINT('',(1.670329308849,2.8500006));
#5540 = ( GEOMETRIC_REPRESENTATION_CONTEXT(2) 
PARAMETRIC_REPRESENTATION_CONTEXT() REPRESENTATION_CONTEXT('2D SPACE',''
  ) );
#5541 = ORIENTED_EDGE('',*,*,#5542,.F.);
#5542 = EDGE_CURVE('',#5543,#5522,#5545,.T.);
#5543 = VERTEX_POINT('',#5544);
#5544 = CARTESIAN_POINT('',(9.899494936612,9.899494936612,
    11.687970979079));
#5545 = SURFACE_CURVE('',#5546,(#5551,#5561),.PCURVE_S1.);
#5546 = ELLIPSE('',#5547,16.16580753731,14.);
#5547 = AXIS2_PLACEMENT_3D('',#5548,#5549,#5550);
#5548 = CARTESIAN_POINT('',(0.,0.,11.687970979079));
#5549 = DIRECTION('',(0.353553390593,-0.353553390593,0.866025403784));
#5550 = DIRECTION('',(-0.612372435696,0.612372435696,0.5));
#5551 = PCURVE('',#3682,#5552);
#5552 = DEFINITIONAL_REPRESENTATION('',(#5553),#5560);
#5553 = B_SPLINE_CURVE_WITH_KNOTS('',5,(#5554,#5555,#5556,#5557,#5558,
    #5559),.UNSPECIFIED.,.F.,.F.,(6,6),(4.692209039338,4.93621752932),
  .PIECEWISE_BEZIER_KNOTS.);
#5554 = CARTESIAN_POINT('',(0.76521822235,12.524869528033));
#5555 = CARTESIAN_POINT('',(0.814019920347,12.91924864155));
#5556 = CARTESIAN_POINT('',(0.862821618343,13.314113313816));
#5557 = CARTESIAN_POINT('',(0.91162331634,13.70750673476));
#5558 = CARTESIAN_POINT('',(0.960425014336,14.097467382716));
#5559 = CARTESIAN_POINT('',(1.009226712333,14.482086940585));
#5560 = ( GEOMETRIC_REPRESENTATION_CONTEXT(2) 
PARAMETRIC_REPRESENTATION_CONTEXT() REPRESENTATION_CONTEXT('2D SPACE',''
  ) );
#5561 = PCURVE('',#5562,#5567);
#5562 = PLANE('',#5563);
#5563 = AXIS2_PLACEMENT_3D('',#5564,#5565,#5566);
#5564 = CARTESIAN_POINT('',(9.828784258493,9.828784258493,
    11.687970979079));
#5565 = DIRECTION('',(0.353553390593,-0.353553390593,0.866025403784));
#5566 = DIRECTION('',(-0.612372435696,0.612372435696,0.5));
#5567 = DEFINITIONAL_REPRESENTATION('',(#5568),#5572);
#5568 = ELLIPSE('',#5569,16.16580753731,14.);
#5569 = AXIS2_PLACEMENT_2D('',#5570,#5571);
#5570 = CARTESIAN_POINT('',(0.,13.9));
#5571 = DIRECTION('',(1.,0.));
#5572 = ( GEOMETRIC_REPRESENTATION_CONTEXT(2) 
PARAMETRIC_REPRESENTATION_CONTEXT() REPRESENTATION_CONTEXT('2D SPACE',''
  ) );
#5573 = ORIENTED_EDGE('',*,*,#5574,.F.);
#5574 = EDGE_CURVE('',#5575,#5543,#5577,.T.);
#5575 = VERTEX_POINT('',#5576);
#5576 = CARTESIAN_POINT('',(11.009885439595,8.647683077391,
    12.652336055178));
#5577 = SURFACE_CURVE('',#5578,(#5583,#5593),.PCURVE_S1.);
#5578 = ELLIPSE('',#5579,16.16580753731,14.);
#5579 = AXIS2_PLACEMENT_3D('',#5580,#5581,#5582);
#5580 = CARTESIAN_POINT('',(0.,0.,11.687970979079));
#5581 = DIRECTION('',(-0.353553390593,0.353553390593,0.866025403784));
#5582 = DIRECTION('',(0.612372435696,-0.612372435696,0.5));
#5583 = PCURVE('',#3682,#5584);
#5584 = DEFINITIONAL_REPRESENTATION('',(#5585),#5592);
#5585 = B_SPLINE_CURVE_WITH_KNOTS('',5,(#5586,#5587,#5588,#5589,#5590,
    #5591),.UNSPECIFIED.,.F.,.F.,(6,6),(1.346967777859,1.590976267842),
  .PIECEWISE_BEZIER_KNOTS.);
#5586 = CARTESIAN_POINT('',(0.561569614462,14.482086940585));
#5587 = CARTESIAN_POINT('',(0.610371312459,14.097467382716));
#5588 = CARTESIAN_POINT('',(0.659173010455,13.70750673476));
#5589 = CARTESIAN_POINT('',(0.707974708451,13.314113313816));
#5590 = CARTESIAN_POINT('',(0.756776406448,12.91924864155));
#5591 = CARTESIAN_POINT('',(0.805578104444,12.524869528033));
#5592 = ( GEOMETRIC_REPRESENTATION_CONTEXT(2) 
PARAMETRIC_REPRESENTATION_CONTEXT() REPRESENTATION_CONTEXT('2D SPACE',''
  ) );
#5593 = PCURVE('',#5594,#5599);
#5594 = PLANE('',#5595);
#5595 = AXIS2_PLACEMENT_3D('',#5596,#5597,#5598);
#5596 = CARTESIAN_POINT('',(11.826360915345,7.831207601641,
    13.318985489539));
#5597 = DIRECTION('',(-0.353553390593,0.353553390593,0.866025403784));
#5598 = DIRECTION('',(-0.612372435696,0.612372435696,-0.5));
#5599 = DEFINITIONAL_REPRESENTATION('',(#5600),#5604);
#5600 = ELLIPSE('',#5601,16.16580753731,14.);
#5601 = AXIS2_PLACEMENT_2D('',#5602,#5603);
#5602 = CARTESIAN_POINT('',(3.262029020921,13.9));
#5603 = DIRECTION('',(-1.,0.));
#5604 = ( GEOMETRIC_REPRESENTATION_CONTEXT(2) 
PARAMETRIC_REPRESENTATION_CONTEXT() REPRESENTATION_CONTEXT('2D SPACE',''
  ) );
#5605 = ORIENTED_EDGE('',*,*,#5606,.T.);
#5606 = EDGE_CURVE('',#5575,#5607,#5609,.T.);
#5607 = VERTEX_POINT('',#5608);
#5608 = CARTESIAN_POINT('',(11.009885431112,8.647683085874,
    14.633772167893));
#5609 = SURFACE_CURVE('',#5610,(#5614,#5620),.PCURVE_S1.);
#5610 = LINE('',#5611,#5612);
#5611 = CARTESIAN_POINT('',(11.009885439595,8.647683077391,-1.));
#5612 = VECTOR('',#5613,1.);
#5613 = DIRECTION('',(0.,0.,1.));
#5614 = PCURVE('',#3682,#5615);
#5615 = DEFINITIONAL_REPRESENTATION('',(#5616),#5619);
#5616 = B_SPLINE_CURVE_WITH_KNOTS('',1,(#5617,#5618),.UNSPECIFIED.,.F.,
  .F.,(2,2),(12.035565174894,18.8000006),.PIECEWISE_BEZIER_KNOTS.);
#5617 = CARTESIAN_POINT('',(0.665804043321,12.035565174894));
#5618 = CARTESIAN_POINT('',(0.665804043321,18.8000006));
#5619 = ( GEOMETRIC_REPRESENTATION_CONTEXT(2) 
PARAMETRIC_REPRESENTATION_CONTEXT() REPRESENTATION_CONTEXT('2D SPACE',''
  ) );
#5620 = PCURVE('',#5621,#5626);
#5621 = PLANE('',#5622);
#5622 = AXIS2_PLACEMENT_3D('',#5623,#5624,#5625);
#5623 = CARTESIAN_POINT('',(9.828784258493,9.828784258493,14.95));
#5624 = DIRECTION('',(0.707106781187,0.707106781187,0.));
#5625 = DIRECTION('',(-0.707106781187,0.707106781187,0.));
#5626 = DEFINITIONAL_REPRESENTATION('',(#5627),#5630);
#5627 = B_SPLINE_CURVE_WITH_KNOTS('',1,(#5628,#5629),.UNSPECIFIED.,.F.,
  .F.,(2,2),(12.035565174894,18.8000006),.PIECEWISE_BEZIER_KNOTS.);
#5628 = CARTESIAN_POINT('',(-1.670329308849,-3.914434825106));
#5629 = CARTESIAN_POINT('',(-1.670329308849,2.8500006));
#5630 = ( GEOMETRIC_REPRESENTATION_CONTEXT(2) 
PARAMETRIC_REPRESENTATION_CONTEXT() REPRESENTATION_CONTEXT('2D SPACE',''
  ) );
#5631 = ORIENTED_EDGE('',*,*,#5632,.F.);
#5632 = EDGE_CURVE('',#5633,#5607,#5635,.T.);
#5633 = VERTEX_POINT('',#5634);
#5634 = CARTESIAN_POINT('',(11.009885429196,8.64768308779,
    15.266227827304));
#5635 = SURFACE_CURVE('',#5636,(#5646,#5675),.PCURVE_S1.);
#5636 = B_SPLINE_CURVE_WITH_KNOTS('',8,(#5637,#5638,#5639,#5640,#5641,
    #5642,#5643,#5644,#5645),.UNSPECIFIED.,.F.,.F.,(9,9),(0.466535885169
    ,0.533458585429),.PIECEWISE_BEZIER_KNOTS.);
#5637 = CARTESIAN_POINT('',(11.009885429196,8.64768308779,
    15.266227827304));
#5638 = CARTESIAN_POINT('',(11.019123440769,8.635921618976,
    15.187795427222));
#5639 = CARTESIAN_POINT('',(11.02569565727,8.627524576432,
    15.108856655459));
#5640 = CARTESIAN_POINT('',(11.029630782421,8.622485110246,
    15.029577214638));
#5641 = CARTESIAN_POINT('',(11.03094433234,8.620800969462,14.9501181845)
  );
#5642 = CARTESIAN_POINT('',(11.029639698207,8.62247367723,
    14.870640404493));
#5643 = CARTESIAN_POINT('',(11.025708987103,8.627507542504,
    14.791308044266));
#5644 = CARTESIAN_POINT('',(11.019133715659,8.635908539473,
    14.712291801675));
#5645 = CARTESIAN_POINT('',(11.009885431112,8.647683085874,
    14.633772167893));
#5646 = PCURVE('',#3682,#5647);
#5647 = DEFINITIONAL_REPRESENTATION('',(#5648),#5674);
#5648 = B_SPLINE_CURVE_WITH_KNOTS('',3,(#5649,#5650,#5651,#5652,#5653,
    #5654,#5655,#5656,#5657,#5658,#5659,#5660,#5661,#5662,#5663,#5664,
    #5665,#5666,#5667,#5668,#5669,#5670,#5671,#5672,#5673),
  .UNSPECIFIED.,.F.,.F.,(4,1,1,1,1,1,1,1,1,1,1,1,1,1,1,1,1,1,1,1,1,1,4),
  (0.466535885169,0.46957782609,0.472619767011,0.475661707931,
    0.478703648852,0.481745589773,0.484787530694,0.487829471615,
    0.490871412536,0.493913353457,0.496955294378,0.499997235299,
    0.50303917622,0.506081117141,0.509123058062,0.512164998983,
    0.515206939904,0.518248880825,0.521290821746,0.524332762666,
    0.527374703587,0.530416644508,0.533458585429),
  .QUASI_UNIFORM_KNOTS.);
#5649 = CARTESIAN_POINT('',(0.665804044364,16.266227827304));
#5650 = CARTESIAN_POINT('',(0.665674558263,16.256720867517));
#5651 = CARTESIAN_POINT('',(0.665427409238,16.237687426966));
#5652 = CARTESIAN_POINT('',(0.665092112568,16.209083887026));
#5653 = CARTESIAN_POINT('',(0.664792197812,16.180432160878));
#5654 = CARTESIAN_POINT('',(0.664527628022,16.151737409619));
#5655 = CARTESIAN_POINT('',(0.664298371331,16.123004780345));
#5656 = CARTESIAN_POINT('',(0.664104401582,16.094239408073));
#5657 = CARTESIAN_POINT('',(0.663945697996,16.065446421773));
#5658 = CARTESIAN_POINT('',(0.663822245102,16.036630949152));
#5659 = CARTESIAN_POINT('',(0.663734032602,16.007798121651));
#5660 = CARTESIAN_POINT('',(0.663681055245,15.978953079254));
#5661 = CARTESIAN_POINT('',(0.663663312708,15.95010097524));
#5662 = CARTESIAN_POINT('',(0.663680809471,15.921246980843));
#5663 = CARTESIAN_POINT('',(0.663733554695,15.892396289847));
#5664 = CARTESIAN_POINT('',(0.663821562103,15.863554123107));
#5665 = CARTESIAN_POINT('',(0.663944849853,15.834725733011));
#5666 = CARTESIAN_POINT('',(0.664103440424,15.805916407908));
#5667 = CARTESIAN_POINT('',(0.664297360491,15.777131476428));
#5668 = CARTESIAN_POINT('',(0.664526640812,15.748376311978));
#5669 = CARTESIAN_POINT('',(0.664791316078,15.719656336443));
#5670 = CARTESIAN_POINT('',(0.665091424913,15.690977026675));
#5671 = CARTESIAN_POINT('',(0.665427009311,15.66234391051));
#5672 = CARTESIAN_POINT('',(0.665674413888,15.643289704689));
#5673 = CARTESIAN_POINT('',(0.665804044172,15.633772167893));
#5674 = ( GEOMETRIC_REPRESENTATION_CONTEXT(2) 
PARAMETRIC_REPRESENTATION_CONTEXT() REPRESENTATION_CONTEXT('2D SPACE',''
  ) );
#5675 = PCURVE('',#5676,#5681);
#5676 = CYLINDRICAL_SURFACE('',#5677,1.7);
#5677 = AXIS2_PLACEMENT_3D('',#5678,#5679,#5680);
#5678 = CARTESIAN_POINT('',(-21.21320343559,-21.21320343559,14.95));
#5679 = DIRECTION('',(0.707106781187,0.707106781187,0.));
#5680 = DIRECTION('',(-0.707106781187,0.707106781187,0.));
#5681 = DEFINITIONAL_REPRESENTATION('',(#5682),#5708);
#5682 = B_SPLINE_CURVE_WITH_KNOTS('',3,(#5683,#5684,#5685,#5686,#5687,
    #5688,#5689,#5690,#5691,#5692,#5693,#5694,#5695,#5696,#5697,#5698,
    #5699,#5700,#5701,#5702,#5703,#5704,#5705,#5706,#5707),
  .UNSPECIFIED.,.F.,.F.,(4,1,1,1,1,1,1,1,1,1,1,1,1,1,1,1,1,1,1,1,1,1,4),
  (0.466535885169,0.46957782609,0.472619767011,0.475661707931,
    0.478703648852,0.481745589773,0.484787530694,0.487829471615,
    0.490871412536,0.493913353457,0.496955294378,0.499997235299,
    0.50303917622,0.506081117141,0.509123058062,0.512164998983,
    0.515206939904,0.518248880825,0.521290821746,0.524332762666,
    0.527374703587,0.530416644508,0.533458585429),
  .QUASI_UNIFORM_KNOTS.);
#5683 = CARTESIAN_POINT('',(2.954486468848,43.9));
#5684 = CARTESIAN_POINT('',(2.960178133542,43.899783711089));
#5685 = CARTESIAN_POINT('',(2.971554763446,43.899370199589));
#5686 = CARTESIAN_POINT('',(2.988601613586,43.898807549598));
#5687 = CARTESIAN_POINT('',(3.005632381886,43.898302952115));
#5688 = CARTESIAN_POINT('',(3.022649049229,43.89785678302));
#5689 = CARTESIAN_POINT('',(3.039653577305,43.897469379414));
#5690 = CARTESIAN_POINT('',(3.056647906912,43.897141034183));
#5691 = CARTESIAN_POINT('',(3.073633960103,43.89687199749));
#5692 = CARTESIAN_POINT('',(3.090613641274,43.896662476345));
#5693 = CARTESIAN_POINT('',(3.107588838496,43.896512634645));
#5694 = CARTESIAN_POINT('',(3.124561424767,43.896422593035));
#5695 = CARTESIAN_POINT('',(3.141533259257,43.896392428763));
#5696 = CARTESIAN_POINT('',(3.158506188536,43.896422175498));
#5697 = CARTESIAN_POINT('',(3.175482047799,43.896511823103));
#5698 = CARTESIAN_POINT('',(3.19246266207,43.896661317379));
#5699 = CARTESIAN_POINT('',(3.209449847411,43.896870559775));
#5700 = CARTESIAN_POINT('',(3.226445412114,43.897139407054));
#5701 = CARTESIAN_POINT('',(3.243451157902,43.89746767097));
#5702 = CARTESIAN_POINT('',(3.260468881123,43.897855117765));
#5703 = CARTESIAN_POINT('',(3.277500373939,43.898301468186));
#5704 = CARTESIAN_POINT('',(3.294547425538,43.898806395427));
#5705 = CARTESIAN_POINT('',(3.311611823288,43.899369530693));
#5706 = CARTESIAN_POINT('',(3.323000843843,43.899783470345));
#5707 = CARTESIAN_POINT('',(3.328698840811,43.9));
#5708 = ( GEOMETRIC_REPRESENTATION_CONTEXT(2) 
PARAMETRIC_REPRESENTATION_CONTEXT() REPRESENTATION_CONTEXT('2D SPACE',''
  ) );
#5709 = ORIENTED_EDGE('',*,*,#5710,.T.);
#5710 = EDGE_CURVE('',#5633,#5711,#5713,.T.);
#5711 = VERTEX_POINT('',#5712);
#5712 = CARTESIAN_POINT('',(11.009885439595,8.647683077391,
    17.247663944822));
#5713 = SURFACE_CURVE('',#5714,(#5718,#5724),.PCURVE_S1.);
#5714 = LINE('',#5715,#5716);
#5715 = CARTESIAN_POINT('',(11.009885439595,8.647683077391,-1.));
#5716 = VECTOR('',#5717,1.);
#5717 = DIRECTION('',(0.,0.,1.));
#5718 = PCURVE('',#3682,#5719);
#5719 = DEFINITIONAL_REPRESENTATION('',(#5720),#5723);
#5720 = B_SPLINE_CURVE_WITH_KNOTS('',1,(#5721,#5722),.UNSPECIFIED.,.F.,
  .F.,(2,2),(12.035565174894,18.8000006),.PIECEWISE_BEZIER_KNOTS.);
#5721 = CARTESIAN_POINT('',(0.665804043321,12.035565174894));
#5722 = CARTESIAN_POINT('',(0.665804043321,18.8000006));
#5723 = ( GEOMETRIC_REPRESENTATION_CONTEXT(2) 
PARAMETRIC_REPRESENTATION_CONTEXT() REPRESENTATION_CONTEXT('2D SPACE',''
  ) );
#5724 = PCURVE('',#5621,#5725);
#5725 = DEFINITIONAL_REPRESENTATION('',(#5726),#5729);
#5726 = B_SPLINE_CURVE_WITH_KNOTS('',1,(#5727,#5728),.UNSPECIFIED.,.F.,
  .F.,(2,2),(12.035565174894,18.8000006),.PIECEWISE_BEZIER_KNOTS.);
#5727 = CARTESIAN_POINT('',(-1.670329308849,-3.914434825106));
#5728 = CARTESIAN_POINT('',(-1.670329308849,2.8500006));
#5729 = ( GEOMETRIC_REPRESENTATION_CONTEXT(2) 
PARAMETRIC_REPRESENTATION_CONTEXT() REPRESENTATION_CONTEXT('2D SPACE',''
  ) );
#5730 = ORIENTED_EDGE('',*,*,#5731,.F.);
#5731 = EDGE_CURVE('',#3968,#5711,#5732,.T.);
#5732 = SURFACE_CURVE('',#5733,(#5738,#5748),.PCURVE_S1.);
#5733 = ELLIPSE('',#5734,16.16580753731,14.);
#5734 = AXIS2_PLACEMENT_3D('',#5735,#5736,#5737);
#5735 = CARTESIAN_POINT('',(0.,0.,18.212029020921));
#5736 = DIRECTION('',(-0.353553390593,0.353553390593,-0.866025403784));
#5737 = DIRECTION('',(-0.612372435696,0.612372435696,0.5));
#5738 = PCURVE('',#3682,#5739);
#5739 = DEFINITIONAL_REPRESENTATION('',(#5740),#5747);
#5740 = B_SPLINE_CURVE_WITH_KNOTS('',5,(#5741,#5742,#5743,#5744,#5745,
    #5746),.UNSPECIFIED.,.F.,.F.,(6,6),(1.621793726124,1.79462487573),
  .PIECEWISE_BEZIER_KNOTS.);
#5741 = CARTESIAN_POINT('',(0.734400764068,18.8000006));
#5742 = CARTESIAN_POINT('',(0.699834534147,18.520968327972));
#5743 = CARTESIAN_POINT('',(0.665268304226,18.242551432047));
#5744 = CARTESIAN_POINT('',(0.630702074304,17.965444489425));
#5745 = CARTESIAN_POINT('',(0.596135844383,17.690338991612));
#5746 = CARTESIAN_POINT('',(0.561569614462,17.417913059415));
#5747 = ( GEOMETRIC_REPRESENTATION_CONTEXT(2) 
PARAMETRIC_REPRESENTATION_CONTEXT() REPRESENTATION_CONTEXT('2D SPACE',''
  ) );
#5748 = PCURVE('',#5749,#5754);
#5749 = PLANE('',#5750);
#5750 = AXIS2_PLACEMENT_3D('',#5751,#5752,#5753);
#5751 = CARTESIAN_POINT('',(9.828784258493,9.828784258493,
    18.212029020921));
#5752 = DIRECTION('',(-0.353553390593,0.353553390593,-0.866025403784));
#5753 = DIRECTION('',(0.612372435696,-0.612372435696,-0.5));
#5754 = DEFINITIONAL_REPRESENTATION('',(#5755),#5759);
#5755 = ELLIPSE('',#5756,16.16580753731,14.);
#5756 = AXIS2_PLACEMENT_2D('',#5757,#5758);
#5757 = CARTESIAN_POINT('',(0.,13.9));
#5758 = DIRECTION('',(-1.,1.387778780781E-17));
#5759 = ( GEOMETRIC_REPRESENTATION_CONTEXT(2) 
PARAMETRIC_REPRESENTATION_CONTEXT() REPRESENTATION_CONTEXT('2D SPACE',''
  ) );
#5760 = ADVANCED_FACE('',(#5761),#5749,.T.);
#5761 = FACE_BOUND('',#5762,.T.);
#5762 = EDGE_LOOP('',(#5763,#5786,#5787,#5808,#5836));
#5763 = ORIENTED_EDGE('',*,*,#5764,.F.);
#5764 = EDGE_CURVE('',#5711,#5765,#5767,.T.);
#5765 = VERTEX_POINT('',#5766);
#5766 = CARTESIAN_POINT('',(11.826360915345,7.831207601641,
    16.581014510461));
#5767 = SURFACE_CURVE('',#5768,(#5772,#5779),.PCURVE_S1.);
#5768 = LINE('',#5769,#5770);
#5769 = CARTESIAN_POINT('',(9.828784258493,9.828784258493,
    18.212029020921));
#5770 = VECTOR('',#5771,1.);
#5771 = DIRECTION('',(0.612372435696,-0.612372435696,-0.5));
#5772 = PCURVE('',#5749,#5773);
#5773 = DEFINITIONAL_REPRESENTATION('',(#5774),#5778);
#5774 = LINE('',#5775,#5776);
#5775 = CARTESIAN_POINT('',(0.,0.));
#5776 = VECTOR('',#5777,1.);
#5777 = DIRECTION('',(1.,-1.387778780781E-17));
#5778 = ( GEOMETRIC_REPRESENTATION_CONTEXT(2) 
PARAMETRIC_REPRESENTATION_CONTEXT() REPRESENTATION_CONTEXT('2D SPACE',''
  ) );
#5779 = PCURVE('',#5621,#5780);
#5780 = DEFINITIONAL_REPRESENTATION('',(#5781),#5785);
#5781 = LINE('',#5782,#5783);
#5782 = CARTESIAN_POINT('',(1.256073966947E-15,3.262029020921));
#5783 = VECTOR('',#5784,1.);
#5784 = DIRECTION('',(-0.866025403784,-0.5));
#5785 = ( GEOMETRIC_REPRESENTATION_CONTEXT(2) 
PARAMETRIC_REPRESENTATION_CONTEXT() REPRESENTATION_CONTEXT('2D SPACE',''
  ) );
#5786 = ORIENTED_EDGE('',*,*,#5731,.F.);
#5787 = ORIENTED_EDGE('',*,*,#5788,.F.);
#5788 = EDGE_CURVE('',#5789,#3968,#5791,.T.);
#5789 = VERTEX_POINT('',#5790);
#5790 = CARTESIAN_POINT('',(12.242602997935,11.233342137459,17.8));
#5791 = SURFACE_CURVE('',#5792,(#5796,#5802),.PCURVE_S1.);
#5792 = LINE('',#5793,#5794);
#5793 = CARTESIAN_POINT('',(5.419022559484,4.409761699009,17.8));
#5794 = VECTOR('',#5795,1.);
#5795 = DIRECTION('',(-0.707106781187,-0.707106781187,0.));
#5796 = PCURVE('',#5749,#5797);
#5797 = DEFINITIONAL_REPRESENTATION('',(#5798),#5801);
#5798 = B_SPLINE_CURVE_WITH_KNOTS('',1,(#5799,#5800),.UNSPECIFIED.,.F.,
  .F.,(2,2),(-9.65,-6.95),.PIECEWISE_BEZIER_KNOTS.);
#5799 = CARTESIAN_POINT('',(0.824058041843,-2.7));
#5800 = CARTESIAN_POINT('',(0.824058041843,0.));
#5801 = ( GEOMETRIC_REPRESENTATION_CONTEXT(2) 
PARAMETRIC_REPRESENTATION_CONTEXT() REPRESENTATION_CONTEXT('2D SPACE',''
  ) );
#5802 = PCURVE('',#731,#5803);
#5803 = DEFINITIONAL_REPRESENTATION('',(#5804),#5807);
#5804 = B_SPLINE_CURVE_WITH_KNOTS('',1,(#5805,#5806),.UNSPECIFIED.,.F.,
  .F.,(2,2),(-9.65,-6.95),.PIECEWISE_BEZIER_KNOTS.);
#5805 = CARTESIAN_POINT('',(12.242602997935,11.233342137459));
#5806 = CARTESIAN_POINT('',(10.333414688731,9.324153828255));
#5807 = ( GEOMETRIC_REPRESENTATION_CONTEXT(2) 
PARAMETRIC_REPRESENTATION_CONTEXT() REPRESENTATION_CONTEXT('2D SPACE',''
  ) );
#5808 = ORIENTED_EDGE('',*,*,#5809,.T.);
#5809 = EDGE_CURVE('',#5789,#5810,#5812,.T.);
#5810 = VERTEX_POINT('',#5811);
#5811 = CARTESIAN_POINT('',(13.735549224549,9.740395910845,
    16.581014510461));
#5812 = SURFACE_CURVE('',#5813,(#5817,#5824),.PCURVE_S1.);
#5813 = LINE('',#5814,#5815);
#5814 = CARTESIAN_POINT('',(11.737972567697,11.737972567697,
    18.212029020921));
#5815 = VECTOR('',#5816,1.);
#5816 = DIRECTION('',(0.612372435696,-0.612372435696,-0.5));
#5817 = PCURVE('',#5749,#5818);
#5818 = DEFINITIONAL_REPRESENTATION('',(#5819),#5823);
#5819 = LINE('',#5820,#5821);
#5820 = CARTESIAN_POINT('',(-2.22044604925E-16,-2.7));
#5821 = VECTOR('',#5822,1.);
#5822 = DIRECTION('',(1.,-1.387778780781E-17));
#5823 = ( GEOMETRIC_REPRESENTATION_CONTEXT(2) 
PARAMETRIC_REPRESENTATION_CONTEXT() REPRESENTATION_CONTEXT('2D SPACE',''
  ) );
#5824 = PCURVE('',#5825,#5830);
#5825 = PLANE('',#5826);
#5826 = AXIS2_PLACEMENT_3D('',#5827,#5828,#5829);
#5827 = CARTESIAN_POINT('',(11.737972567697,11.737972567697,14.95));
#5828 = DIRECTION('',(0.707106781187,0.707106781187,0.));
#5829 = DIRECTION('',(-0.707106781187,0.707106781187,0.));
#5830 = DEFINITIONAL_REPRESENTATION('',(#5831),#5835);
#5831 = LINE('',#5832,#5833);
#5832 = CARTESIAN_POINT('',(1.256073966947E-15,3.262029020921));
#5833 = VECTOR('',#5834,1.);
#5834 = DIRECTION('',(-0.866025403784,-0.5));
#5835 = ( GEOMETRIC_REPRESENTATION_CONTEXT(2) 
PARAMETRIC_REPRESENTATION_CONTEXT() REPRESENTATION_CONTEXT('2D SPACE',''
  ) );
#5836 = ORIENTED_EDGE('',*,*,#5837,.F.);
#5837 = EDGE_CURVE('',#5765,#5810,#5838,.T.);
#5838 = SURFACE_CURVE('',#5839,(#5843,#5850),.PCURVE_S1.);
#5839 = LINE('',#5840,#5841);
#5840 = CARTESIAN_POINT('',(11.826360915345,7.831207601641,
    16.581014510461));
#5841 = VECTOR('',#5842,1.);
#5842 = DIRECTION('',(0.707106781187,0.707106781187,0.));
#5843 = PCURVE('',#5749,#5844);
#5844 = DEFINITIONAL_REPRESENTATION('',(#5845),#5849);
#5845 = LINE('',#5846,#5847);
#5846 = CARTESIAN_POINT('',(3.262029020921,3.988194632748E-16));
#5847 = VECTOR('',#5848,1.);
#5848 = DIRECTION('',(0.,-1.));
#5849 = ( GEOMETRIC_REPRESENTATION_CONTEXT(2) 
PARAMETRIC_REPRESENTATION_CONTEXT() REPRESENTATION_CONTEXT('2D SPACE',''
  ) );
#5850 = PCURVE('',#5851,#5856);
#5851 = PLANE('',#5852);
#5852 = AXIS2_PLACEMENT_3D('',#5853,#5854,#5855);
#5853 = CARTESIAN_POINT('',(11.826360915345,7.831207601641,
    16.581014510461));
#5854 = DIRECTION('',(-0.707106781187,0.707106781187,-4.084168537452E-16
    ));
#5855 = DIRECTION('',(2.887943268341E-16,-2.887943268341E-16,-1.));
#5856 = DEFINITIONAL_REPRESENTATION('',(#5857),#5861);
#5857 = LINE('',#5858,#5859);
#5858 = CARTESIAN_POINT('',(0.,0.));
#5859 = VECTOR('',#5860,1.);
#5860 = DIRECTION('',(0.,-1.));
#5861 = ( GEOMETRIC_REPRESENTATION_CONTEXT(2) 
PARAMETRIC_REPRESENTATION_CONTEXT() REPRESENTATION_CONTEXT('2D SPACE',''
  ) );
#5862 = ADVANCED_FACE('',(#5863,#6005),#5825,.F.);
#5863 = FACE_BOUND('',#5864,.F.);
#5864 = EDGE_LOOP('',(#5865,#5895,#5918,#5937,#5938,#5961,#5984));
#5865 = ORIENTED_EDGE('',*,*,#5866,.T.);
#5866 = EDGE_CURVE('',#5867,#5869,#5871,.T.);
#5867 = VERTEX_POINT('',#5868);
#5868 = CARTESIAN_POINT('',(9.740395910845,13.735549224549,
    13.318985489539));
#5869 = VERTEX_POINT('',#5870);
#5870 = CARTESIAN_POINT('',(9.740395910845,13.735549224549,
    16.581014510461));
#5871 = SURFACE_CURVE('',#5872,(#5876,#5883),.PCURVE_S1.);
#5872 = LINE('',#5873,#5874);
#5873 = CARTESIAN_POINT('',(9.740395910845,13.735549224549,
    13.318985489539));
#5874 = VECTOR('',#5875,1.);
#5875 = DIRECTION('',(-1.925295512227E-16,1.925295512227E-16,1.));
#5876 = PCURVE('',#5825,#5877);
#5877 = DEFINITIONAL_REPRESENTATION('',(#5878),#5882);
#5878 = LINE('',#5879,#5880);
#5879 = CARTESIAN_POINT('',(2.825,-1.631014510461));
#5880 = VECTOR('',#5881,1.);
#5881 = DIRECTION('',(2.722779024968E-16,1.));
#5882 = ( GEOMETRIC_REPRESENTATION_CONTEXT(2) 
PARAMETRIC_REPRESENTATION_CONTEXT() REPRESENTATION_CONTEXT('2D SPACE',''
  ) );
#5883 = PCURVE('',#5884,#5889);
#5884 = PLANE('',#5885);
#5885 = AXIS2_PLACEMENT_3D('',#5886,#5887,#5888);
#5886 = CARTESIAN_POINT('',(7.831207601641,11.826360915345,
    13.318985489539));
#5887 = DIRECTION('',(0.707106781187,-0.707106781187,2.722779024968E-16)
  );
#5888 = DIRECTION('',(-1.925295512227E-16,1.925295512227E-16,1.));
#5889 = DEFINITIONAL_REPRESENTATION('',(#5890),#5894);
#5890 = LINE('',#5891,#5892);
#5891 = CARTESIAN_POINT('',(-9.860761315263E-32,-2.7));
#5892 = VECTOR('',#5893,1.);
#5893 = DIRECTION('',(1.,0.));
#5894 = ( GEOMETRIC_REPRESENTATION_CONTEXT(2) 
PARAMETRIC_REPRESENTATION_CONTEXT() REPRESENTATION_CONTEXT('2D SPACE',''
  ) );
#5895 = ORIENTED_EDGE('',*,*,#5896,.T.);
#5896 = EDGE_CURVE('',#5869,#5897,#5899,.T.);
#5897 = VERTEX_POINT('',#5898);
#5898 = CARTESIAN_POINT('',(11.233342137459,12.242602997935,17.8));
#5899 = SURFACE_CURVE('',#5900,(#5904,#5911),.PCURVE_S1.);
#5900 = LINE('',#5901,#5902);
#5901 = CARTESIAN_POINT('',(9.740395910845,13.735549224549,
    16.581014510461));
#5902 = VECTOR('',#5903,1.);
#5903 = DIRECTION('',(0.612372435696,-0.612372435696,0.5));
#5904 = PCURVE('',#5825,#5905);
#5905 = DEFINITIONAL_REPRESENTATION('',(#5906),#5910);
#5906 = LINE('',#5907,#5908);
#5907 = CARTESIAN_POINT('',(2.825,1.631014510461));
#5908 = VECTOR('',#5909,1.);
#5909 = DIRECTION('',(-0.866025403784,0.5));
#5910 = ( GEOMETRIC_REPRESENTATION_CONTEXT(2) 
PARAMETRIC_REPRESENTATION_CONTEXT() REPRESENTATION_CONTEXT('2D SPACE',''
  ) );
#5911 = PCURVE('',#5398,#5912);
#5912 = DEFINITIONAL_REPRESENTATION('',(#5913),#5917);
#5913 = LINE('',#5914,#5915);
#5914 = CARTESIAN_POINT('',(-4.440892098501E-16,-2.7));
#5915 = VECTOR('',#5916,1.);
#5916 = DIRECTION('',(1.,-1.942890293094E-16));
#5917 = ( GEOMETRIC_REPRESENTATION_CONTEXT(2) 
PARAMETRIC_REPRESENTATION_CONTEXT() REPRESENTATION_CONTEXT('2D SPACE',''
  ) );
#5918 = ORIENTED_EDGE('',*,*,#5919,.F.);
#5919 = EDGE_CURVE('',#5789,#5897,#5920,.T.);
#5920 = SURFACE_CURVE('',#5921,(#5925,#5931),.PCURVE_S1.);
#5921 = LINE('',#5922,#5923);
#5922 = CARTESIAN_POINT('',(11.737972567697,11.737972567697,17.8));
#5923 = VECTOR('',#5924,1.);
#5924 = DIRECTION('',(-0.707106781187,0.707106781187,0.));
#5925 = PCURVE('',#5825,#5926);
#5926 = DEFINITIONAL_REPRESENTATION('',(#5927),#5930);
#5927 = B_SPLINE_CURVE_WITH_KNOTS('',1,(#5928,#5929),.UNSPECIFIED.,.F.,
  .F.,(2,2),(-2.825,2.825),.PIECEWISE_BEZIER_KNOTS.);
#5928 = CARTESIAN_POINT('',(-2.825,2.85));
#5929 = CARTESIAN_POINT('',(2.825,2.85));
#5930 = ( GEOMETRIC_REPRESENTATION_CONTEXT(2) 
PARAMETRIC_REPRESENTATION_CONTEXT() REPRESENTATION_CONTEXT('2D SPACE',''
  ) );
#5931 = PCURVE('',#731,#5932);
#5932 = DEFINITIONAL_REPRESENTATION('',(#5933),#5936);
#5933 = B_SPLINE_CURVE_WITH_KNOTS('',1,(#5934,#5935),.UNSPECIFIED.,.F.,
  .F.,(2,2),(-2.825,2.825),.PIECEWISE_BEZIER_KNOTS.);
#5934 = CARTESIAN_POINT('',(13.735549224549,9.740395910845));
#5935 = CARTESIAN_POINT('',(9.740395910845,13.735549224549));
#5936 = ( GEOMETRIC_REPRESENTATION_CONTEXT(2) 
PARAMETRIC_REPRESENTATION_CONTEXT() REPRESENTATION_CONTEXT('2D SPACE',''
  ) );
#5937 = ORIENTED_EDGE('',*,*,#5809,.T.);
#5938 = ORIENTED_EDGE('',*,*,#5939,.T.);
#5939 = EDGE_CURVE('',#5810,#5940,#5942,.T.);
#5940 = VERTEX_POINT('',#5941);
#5941 = CARTESIAN_POINT('',(13.735549224549,9.740395910845,
    13.318985489539));
#5942 = SURFACE_CURVE('',#5943,(#5947,#5954),.PCURVE_S1.);
#5943 = LINE('',#5944,#5945);
#5944 = CARTESIAN_POINT('',(13.735549224549,9.740395910845,
    16.581014510461));
#5945 = VECTOR('',#5946,1.);
#5946 = DIRECTION('',(2.887943268341E-16,-2.887943268341E-16,-1.));
#5947 = PCURVE('',#5825,#5948);
#5948 = DEFINITIONAL_REPRESENTATION('',(#5949),#5953);
#5949 = LINE('',#5950,#5951);
#5950 = CARTESIAN_POINT('',(-2.825,1.631014510461));
#5951 = VECTOR('',#5952,1.);
#5952 = DIRECTION('',(-4.084168537452E-16,-1.));
#5953 = ( GEOMETRIC_REPRESENTATION_CONTEXT(2) 
PARAMETRIC_REPRESENTATION_CONTEXT() REPRESENTATION_CONTEXT('2D SPACE',''
  ) );
#5954 = PCURVE('',#5851,#5955);
#5955 = DEFINITIONAL_REPRESENTATION('',(#5956),#5960);
#5956 = LINE('',#5957,#5958);
#5957 = CARTESIAN_POINT('',(-3.944304526105E-31,-2.7));
#5958 = VECTOR('',#5959,1.);
#5959 = DIRECTION('',(1.,0.));
#5960 = ( GEOMETRIC_REPRESENTATION_CONTEXT(2) 
PARAMETRIC_REPRESENTATION_CONTEXT() REPRESENTATION_CONTEXT('2D SPACE',''
  ) );
#5961 = ORIENTED_EDGE('',*,*,#5962,.T.);
#5962 = EDGE_CURVE('',#5940,#5963,#5965,.T.);
#5963 = VERTEX_POINT('',#5964);
#5964 = CARTESIAN_POINT('',(11.737972567697,11.737972567697,
    11.687970979079));
#5965 = SURFACE_CURVE('',#5966,(#5970,#5977),.PCURVE_S1.);
#5966 = LINE('',#5967,#5968);
#5967 = CARTESIAN_POINT('',(13.735549224549,9.740395910845,
    13.318985489539));
#5968 = VECTOR('',#5969,1.);
#5969 = DIRECTION('',(-0.612372435696,0.612372435696,-0.5));
#5970 = PCURVE('',#5825,#5971);
#5971 = DEFINITIONAL_REPRESENTATION('',(#5972),#5976);
#5972 = LINE('',#5973,#5974);
#5973 = CARTESIAN_POINT('',(-2.825,-1.631014510461));
#5974 = VECTOR('',#5975,1.);
#5975 = DIRECTION('',(0.866025403784,-0.5));
#5976 = ( GEOMETRIC_REPRESENTATION_CONTEXT(2) 
PARAMETRIC_REPRESENTATION_CONTEXT() REPRESENTATION_CONTEXT('2D SPACE',''
  ) );
#5977 = PCURVE('',#5594,#5978);
#5978 = DEFINITIONAL_REPRESENTATION('',(#5979),#5983);
#5979 = LINE('',#5980,#5981);
#5980 = CARTESIAN_POINT('',(2.22044604925E-16,-2.7));
#5981 = VECTOR('',#5982,1.);
#5982 = DIRECTION('',(1.,0.));
#5983 = ( GEOMETRIC_REPRESENTATION_CONTEXT(2) 
PARAMETRIC_REPRESENTATION_CONTEXT() REPRESENTATION_CONTEXT('2D SPACE',''
  ) );
#5984 = ORIENTED_EDGE('',*,*,#5985,.T.);
#5985 = EDGE_CURVE('',#5963,#5867,#5986,.T.);
#5986 = SURFACE_CURVE('',#5987,(#5991,#5998),.PCURVE_S1.);
#5987 = LINE('',#5988,#5989);
#5988 = CARTESIAN_POINT('',(11.737972567697,11.737972567697,
    11.687970979079));
#5989 = VECTOR('',#5990,1.);
#5990 = DIRECTION('',(-0.612372435696,0.612372435696,0.5));
#5991 = PCURVE('',#5825,#5992);
#5992 = DEFINITIONAL_REPRESENTATION('',(#5993),#5997);
#5993 = LINE('',#5994,#5995);
#5994 = CARTESIAN_POINT('',(1.256073966947E-15,-3.262029020921));
#5995 = VECTOR('',#5996,1.);
#5996 = DIRECTION('',(0.866025403784,0.5));
#5997 = ( GEOMETRIC_REPRESENTATION_CONTEXT(2) 
PARAMETRIC_REPRESENTATION_CONTEXT() REPRESENTATION_CONTEXT('2D SPACE',''
  ) );
#5998 = PCURVE('',#5562,#5999);
#5999 = DEFINITIONAL_REPRESENTATION('',(#6000),#6004);
#6000 = LINE('',#6001,#6002);
#6001 = CARTESIAN_POINT('',(0.,-2.7));
#6002 = VECTOR('',#6003,1.);
#6003 = DIRECTION('',(1.,0.));
#6004 = ( GEOMETRIC_REPRESENTATION_CONTEXT(2) 
PARAMETRIC_REPRESENTATION_CONTEXT() REPRESENTATION_CONTEXT('2D SPACE',''
  ) );
#6005 = FACE_BOUND('',#6006,.F.);
#6006 = EDGE_LOOP('',(#6007));
#6007 = ORIENTED_EDGE('',*,*,#6008,.F.);
#6008 = EDGE_CURVE('',#6009,#6009,#6011,.T.);
#6009 = VERTEX_POINT('',#6010);
#6010 = CARTESIAN_POINT('',(10.53589103968,12.940054095714,14.95));
#6011 = SURFACE_CURVE('',#6012,(#6017,#6024),.PCURVE_S1.);
#6012 = CIRCLE('',#6013,1.7);
#6013 = AXIS2_PLACEMENT_3D('',#6014,#6015,#6016);
#6014 = CARTESIAN_POINT('',(11.737972567697,11.737972567697,14.95));
#6015 = DIRECTION('',(0.707106781187,0.707106781187,0.));
#6016 = DIRECTION('',(-0.707106781187,0.707106781187,0.));
#6017 = PCURVE('',#5825,#6018);
#6018 = DEFINITIONAL_REPRESENTATION('',(#6019),#6023);
#6019 = CIRCLE('',#6020,1.7);
#6020 = AXIS2_PLACEMENT_2D('',#6021,#6022);
#6021 = CARTESIAN_POINT('',(0.,5.329070518201E-15));
#6022 = DIRECTION('',(1.,0.));
#6023 = ( GEOMETRIC_REPRESENTATION_CONTEXT(2) 
PARAMETRIC_REPRESENTATION_CONTEXT() REPRESENTATION_CONTEXT('2D SPACE',''
  ) );
#6024 = PCURVE('',#2422,#6025);
#6025 = DEFINITIONAL_REPRESENTATION('',(#6026),#6030);
#6026 = LINE('',#6027,#6028);
#6027 = CARTESIAN_POINT('',(0.,46.6));
#6028 = VECTOR('',#6029,1.);
#6029 = DIRECTION('',(1.,0.));
#6030 = ( GEOMETRIC_REPRESENTATION_CONTEXT(2) 
PARAMETRIC_REPRESENTATION_CONTEXT() REPRESENTATION_CONTEXT('2D SPACE',''
  ) );
#6031 = ADVANCED_FACE('',(#6032),#5884,.T.);
#6032 = FACE_BOUND('',#6033,.T.);
#6033 = EDGE_LOOP('',(#6034,#6057,#6058,#6081));
#6034 = ORIENTED_EDGE('',*,*,#6035,.T.);
#6035 = EDGE_CURVE('',#6036,#5867,#6038,.T.);
#6036 = VERTEX_POINT('',#6037);
#6037 = CARTESIAN_POINT('',(7.831207601641,11.826360915345,
    13.318985489539));
#6038 = SURFACE_CURVE('',#6039,(#6043,#6050),.PCURVE_S1.);
#6039 = LINE('',#6040,#6041);
#6040 = CARTESIAN_POINT('',(7.831207601641,11.826360915345,
    13.318985489539));
#6041 = VECTOR('',#6042,1.);
#6042 = DIRECTION('',(0.707106781187,0.707106781187,0.));
#6043 = PCURVE('',#5884,#6044);
#6044 = DEFINITIONAL_REPRESENTATION('',(#6045),#6049);
#6045 = LINE('',#6046,#6047);
#6046 = CARTESIAN_POINT('',(0.,0.));
#6047 = VECTOR('',#6048,1.);
#6048 = DIRECTION('',(0.,-1.));
#6049 = ( GEOMETRIC_REPRESENTATION_CONTEXT(2) 
PARAMETRIC_REPRESENTATION_CONTEXT() REPRESENTATION_CONTEXT('2D SPACE',''
  ) );
#6050 = PCURVE('',#5562,#6051);
#6051 = DEFINITIONAL_REPRESENTATION('',(#6052),#6056);
#6052 = LINE('',#6053,#6054);
#6053 = CARTESIAN_POINT('',(3.262029020921,-4.440892098501E-16));
#6054 = VECTOR('',#6055,1.);
#6055 = DIRECTION('',(0.,-1.));
#6056 = ( GEOMETRIC_REPRESENTATION_CONTEXT(2) 
PARAMETRIC_REPRESENTATION_CONTEXT() REPRESENTATION_CONTEXT('2D SPACE',''
  ) );
#6057 = ORIENTED_EDGE('',*,*,#5866,.T.);
#6058 = ORIENTED_EDGE('',*,*,#6059,.F.);
#6059 = EDGE_CURVE('',#6060,#5869,#6062,.T.);
#6060 = VERTEX_POINT('',#6061);
#6061 = CARTESIAN_POINT('',(7.831207601641,11.826360915345,
    16.581014510461));
#6062 = SURFACE_CURVE('',#6063,(#6067,#6074),.PCURVE_S1.);
#6063 = LINE('',#6064,#6065);
#6064 = CARTESIAN_POINT('',(7.831207601641,11.826360915345,
    16.581014510461));
#6065 = VECTOR('',#6066,1.);
#6066 = DIRECTION('',(0.707106781187,0.707106781187,0.));
#6067 = PCURVE('',#5884,#6068);
#6068 = DEFINITIONAL_REPRESENTATION('',(#6069),#6073);
#6069 = LINE('',#6070,#6071);
#6070 = CARTESIAN_POINT('',(3.262029020921,6.280369834735E-16));
#6071 = VECTOR('',#6072,1.);
#6072 = DIRECTION('',(0.,-1.));
#6073 = ( GEOMETRIC_REPRESENTATION_CONTEXT(2) 
PARAMETRIC_REPRESENTATION_CONTEXT() REPRESENTATION_CONTEXT('2D SPACE',''
  ) );
#6074 = PCURVE('',#5398,#6075);
#6075 = DEFINITIONAL_REPRESENTATION('',(#6076),#6080);
#6076 = LINE('',#6077,#6078);
#6077 = CARTESIAN_POINT('',(0.,-0.));
#6078 = VECTOR('',#6079,1.);
#6079 = DIRECTION('',(-5.551115123126E-17,-1.));
#6080 = ( GEOMETRIC_REPRESENTATION_CONTEXT(2) 
PARAMETRIC_REPRESENTATION_CONTEXT() REPRESENTATION_CONTEXT('2D SPACE',''
  ) );
#6081 = ORIENTED_EDGE('',*,*,#6082,.F.);
#6082 = EDGE_CURVE('',#6036,#6060,#6083,.T.);
#6083 = SURFACE_CURVE('',#6084,(#6088,#6095),.PCURVE_S1.);
#6084 = LINE('',#6085,#6086);
#6085 = CARTESIAN_POINT('',(7.831207601641,11.826360915345,
    13.318985489539));
#6086 = VECTOR('',#6087,1.);
#6087 = DIRECTION('',(-1.925295512227E-16,1.925295512227E-16,1.));
#6088 = PCURVE('',#5884,#6089);
#6089 = DEFINITIONAL_REPRESENTATION('',(#6090),#6094);
#6090 = LINE('',#6091,#6092);
#6091 = CARTESIAN_POINT('',(0.,0.));
#6092 = VECTOR('',#6093,1.);
#6093 = DIRECTION('',(1.,0.));
#6094 = ( GEOMETRIC_REPRESENTATION_CONTEXT(2) 
PARAMETRIC_REPRESENTATION_CONTEXT() REPRESENTATION_CONTEXT('2D SPACE',''
  ) );
#6095 = PCURVE('',#5425,#6096);
#6096 = DEFINITIONAL_REPRESENTATION('',(#6097),#6101);
#6097 = LINE('',#6098,#6099);
#6098 = CARTESIAN_POINT('',(2.825,-1.631014510461));
#6099 = VECTOR('',#6100,1.);
#6100 = DIRECTION('',(2.722779024968E-16,1.));
#6101 = ( GEOMETRIC_REPRESENTATION_CONTEXT(2) 
PARAMETRIC_REPRESENTATION_CONTEXT() REPRESENTATION_CONTEXT('2D SPACE',''
  ) );
#6102 = ADVANCED_FACE('',(#6103),#5851,.T.);
#6103 = FACE_BOUND('',#6104,.T.);
#6104 = EDGE_LOOP('',(#6105,#6106,#6107,#6130));
#6105 = ORIENTED_EDGE('',*,*,#5837,.T.);
#6106 = ORIENTED_EDGE('',*,*,#5939,.T.);
#6107 = ORIENTED_EDGE('',*,*,#6108,.F.);
#6108 = EDGE_CURVE('',#6109,#5940,#6111,.T.);
#6109 = VERTEX_POINT('',#6110);
#6110 = CARTESIAN_POINT('',(11.826360915345,7.831207601641,
    13.318985489539));
#6111 = SURFACE_CURVE('',#6112,(#6116,#6123),.PCURVE_S1.);
#6112 = LINE('',#6113,#6114);
#6113 = CARTESIAN_POINT('',(11.826360915345,7.831207601641,
    13.318985489539));
#6114 = VECTOR('',#6115,1.);
#6115 = DIRECTION('',(0.707106781187,0.707106781187,0.));
#6116 = PCURVE('',#5851,#6117);
#6117 = DEFINITIONAL_REPRESENTATION('',(#6118),#6122);
#6118 = LINE('',#6119,#6120);
#6119 = CARTESIAN_POINT('',(3.262029020921,-6.280369834735E-16));
#6120 = VECTOR('',#6121,1.);
#6121 = DIRECTION('',(0.,-1.));
#6122 = ( GEOMETRIC_REPRESENTATION_CONTEXT(2) 
PARAMETRIC_REPRESENTATION_CONTEXT() REPRESENTATION_CONTEXT('2D SPACE',''
  ) );
#6123 = PCURVE('',#5594,#6124);
#6124 = DEFINITIONAL_REPRESENTATION('',(#6125),#6129);
#6125 = LINE('',#6126,#6127);
#6126 = CARTESIAN_POINT('',(0.,0.));
#6127 = VECTOR('',#6128,1.);
#6128 = DIRECTION('',(0.,-1.));
#6129 = ( GEOMETRIC_REPRESENTATION_CONTEXT(2) 
PARAMETRIC_REPRESENTATION_CONTEXT() REPRESENTATION_CONTEXT('2D SPACE',''
  ) );
#6130 = ORIENTED_EDGE('',*,*,#6131,.F.);
#6131 = EDGE_CURVE('',#5765,#6109,#6132,.T.);
#6132 = SURFACE_CURVE('',#6133,(#6137,#6144),.PCURVE_S1.);
#6133 = LINE('',#6134,#6135);
#6134 = CARTESIAN_POINT('',(11.826360915345,7.831207601641,
    16.581014510461));
#6135 = VECTOR('',#6136,1.);
#6136 = DIRECTION('',(2.887943268341E-16,-2.887943268341E-16,-1.));
#6137 = PCURVE('',#5851,#6138);
#6138 = DEFINITIONAL_REPRESENTATION('',(#6139),#6143);
#6139 = LINE('',#6140,#6141);
#6140 = CARTESIAN_POINT('',(0.,0.));
#6141 = VECTOR('',#6142,1.);
#6142 = DIRECTION('',(1.,0.));
#6143 = ( GEOMETRIC_REPRESENTATION_CONTEXT(2) 
PARAMETRIC_REPRESENTATION_CONTEXT() REPRESENTATION_CONTEXT('2D SPACE',''
  ) );
#6144 = PCURVE('',#5621,#6145);
#6145 = DEFINITIONAL_REPRESENTATION('',(#6146),#6150);
#6146 = LINE('',#6147,#6148);
#6147 = CARTESIAN_POINT('',(-2.825,1.631014510461));
#6148 = VECTOR('',#6149,1.);
#6149 = DIRECTION('',(-4.084168537452E-16,-1.));
#6150 = ( GEOMETRIC_REPRESENTATION_CONTEXT(2) 
PARAMETRIC_REPRESENTATION_CONTEXT() REPRESENTATION_CONTEXT('2D SPACE',''
  ) );
#6151 = ADVANCED_FACE('',(#6152),#5676,.F.);
#6152 = FACE_BOUND('',#6153,.F.);
#6153 = EDGE_LOOP('',(#6154,#6176));
#6154 = ORIENTED_EDGE('',*,*,#6155,.F.);
#6155 = EDGE_CURVE('',#5633,#5607,#6156,.T.);
#6156 = SURFACE_CURVE('',#6157,(#6162,#6169),.PCURVE_S1.);
#6157 = CIRCLE('',#6158,1.7);
#6158 = AXIS2_PLACEMENT_3D('',#6159,#6160,#6161);
#6159 = CARTESIAN_POINT('',(9.828784258493,9.828784258493,14.95));
#6160 = DIRECTION('',(0.707106781187,0.707106781187,-3.885780586188E-15)
  );
#6161 = DIRECTION('',(0.694765395777,-0.694765395777,0.186016369336));
#6162 = PCURVE('',#5676,#6163);
#6163 = DEFINITIONAL_REPRESENTATION('',(#6164),#6168);
#6164 = LINE('',#6165,#6166);
#6165 = CARTESIAN_POINT('',(2.954486468848,43.9));
#6166 = VECTOR('',#6167,1.);
#6167 = DIRECTION('',(1.,0.));
#6168 = ( GEOMETRIC_REPRESENTATION_CONTEXT(2) 
PARAMETRIC_REPRESENTATION_CONTEXT() REPRESENTATION_CONTEXT('2D SPACE',''
  ) );
#6169 = PCURVE('',#5621,#6170);
#6170 = DEFINITIONAL_REPRESENTATION('',(#6171),#6175);
#6171 = CIRCLE('',#6172,1.7);
#6172 = AXIS2_PLACEMENT_2D('',#6173,#6174);
#6173 = CARTESIAN_POINT('',(2.512147933894E-15,5.329070518201E-15));
#6174 = DIRECTION('',(-0.982546645376,0.186016369336));
#6175 = ( GEOMETRIC_REPRESENTATION_CONTEXT(2) 
PARAMETRIC_REPRESENTATION_CONTEXT() REPRESENTATION_CONTEXT('2D SPACE',''
  ) );
#6176 = ORIENTED_EDGE('',*,*,#5632,.T.);
#6177 = ADVANCED_FACE('',(#6178),#5621,.T.);
#6178 = FACE_BOUND('',#6179,.T.);
#6179 = EDGE_LOOP('',(#6180,#6181,#6182,#6183,#6204,#6205));
#6180 = ORIENTED_EDGE('',*,*,#5710,.T.);
#6181 = ORIENTED_EDGE('',*,*,#5764,.T.);
#6182 = ORIENTED_EDGE('',*,*,#6131,.T.);
#6183 = ORIENTED_EDGE('',*,*,#6184,.T.);
#6184 = EDGE_CURVE('',#6109,#5575,#6185,.T.);
#6185 = SURFACE_CURVE('',#6186,(#6190,#6197),.PCURVE_S1.);
#6186 = LINE('',#6187,#6188);
#6187 = CARTESIAN_POINT('',(11.826360915345,7.831207601641,
    13.318985489539));
#6188 = VECTOR('',#6189,1.);
#6189 = DIRECTION('',(-0.612372435696,0.612372435696,-0.5));
#6190 = PCURVE('',#5621,#6191);
#6191 = DEFINITIONAL_REPRESENTATION('',(#6192),#6196);
#6192 = LINE('',#6193,#6194);
#6193 = CARTESIAN_POINT('',(-2.825,-1.631014510461));
#6194 = VECTOR('',#6195,1.);
#6195 = DIRECTION('',(0.866025403784,-0.5));
#6196 = ( GEOMETRIC_REPRESENTATION_CONTEXT(2) 
PARAMETRIC_REPRESENTATION_CONTEXT() REPRESENTATION_CONTEXT('2D SPACE',''
  ) );
#6197 = PCURVE('',#5594,#6198);
#6198 = DEFINITIONAL_REPRESENTATION('',(#6199),#6203);
#6199 = LINE('',#6200,#6201);
#6200 = CARTESIAN_POINT('',(0.,0.));
#6201 = VECTOR('',#6202,1.);
#6202 = DIRECTION('',(1.,0.));
#6203 = ( GEOMETRIC_REPRESENTATION_CONTEXT(2) 
PARAMETRIC_REPRESENTATION_CONTEXT() REPRESENTATION_CONTEXT('2D SPACE',''
  ) );
#6204 = ORIENTED_EDGE('',*,*,#5606,.T.);
#6205 = ORIENTED_EDGE('',*,*,#6155,.F.);
#6206 = ADVANCED_FACE('',(#6207),#5594,.T.);
#6207 = FACE_BOUND('',#6208,.T.);
#6208 = EDGE_LOOP('',(#6209,#6210,#6211,#6212,#6233));
#6209 = ORIENTED_EDGE('',*,*,#6184,.F.);
#6210 = ORIENTED_EDGE('',*,*,#6108,.T.);
#6211 = ORIENTED_EDGE('',*,*,#5962,.T.);
#6212 = ORIENTED_EDGE('',*,*,#6213,.F.);
#6213 = EDGE_CURVE('',#5543,#5963,#6214,.T.);
#6214 = SURFACE_CURVE('',#6215,(#6219,#6226),.PCURVE_S1.);
#6215 = LINE('',#6216,#6217);
#6216 = CARTESIAN_POINT('',(9.828784258493,9.828784258493,
    11.687970979079));
#6217 = VECTOR('',#6218,1.);
#6218 = DIRECTION('',(0.707106781187,0.707106781187,0.));
#6219 = PCURVE('',#5594,#6220);
#6220 = DEFINITIONAL_REPRESENTATION('',(#6221),#6225);
#6221 = LINE('',#6222,#6223);
#6222 = CARTESIAN_POINT('',(3.262029020921,2.22044604925E-16));
#6223 = VECTOR('',#6224,1.);
#6224 = DIRECTION('',(0.,-1.));
#6225 = ( GEOMETRIC_REPRESENTATION_CONTEXT(2) 
PARAMETRIC_REPRESENTATION_CONTEXT() REPRESENTATION_CONTEXT('2D SPACE',''
  ) );
#6226 = PCURVE('',#5562,#6227);
#6227 = DEFINITIONAL_REPRESENTATION('',(#6228),#6232);
#6228 = LINE('',#6229,#6230);
#6229 = CARTESIAN_POINT('',(0.,0.));
#6230 = VECTOR('',#6231,1.);
#6231 = DIRECTION('',(0.,-1.));
#6232 = ( GEOMETRIC_REPRESENTATION_CONTEXT(2) 
PARAMETRIC_REPRESENTATION_CONTEXT() REPRESENTATION_CONTEXT('2D SPACE',''
  ) );
#6233 = ORIENTED_EDGE('',*,*,#5574,.F.);
#6234 = ADVANCED_FACE('',(#6235),#5562,.T.);
#6235 = FACE_BOUND('',#6236,.T.);
#6236 = EDGE_LOOP('',(#6237,#6238,#6239,#6240,#6241));
#6237 = ORIENTED_EDGE('',*,*,#5542,.F.);
#6238 = ORIENTED_EDGE('',*,*,#6213,.T.);
#6239 = ORIENTED_EDGE('',*,*,#5985,.T.);
#6240 = ORIENTED_EDGE('',*,*,#6035,.F.);
#6241 = ORIENTED_EDGE('',*,*,#6242,.F.);
#6242 = EDGE_CURVE('',#5522,#6036,#6243,.T.);
#6243 = SURFACE_CURVE('',#6244,(#6248,#6255),.PCURVE_S1.);
#6244 = LINE('',#6245,#6246);
#6245 = CARTESIAN_POINT('',(9.828784258493,9.828784258493,
    11.687970979079));
#6246 = VECTOR('',#6247,1.);
#6247 = DIRECTION('',(-0.612372435696,0.612372435696,0.5));
#6248 = PCURVE('',#5562,#6249);
#6249 = DEFINITIONAL_REPRESENTATION('',(#6250),#6254);
#6250 = LINE('',#6251,#6252);
#6251 = CARTESIAN_POINT('',(0.,0.));
#6252 = VECTOR('',#6253,1.);
#6253 = DIRECTION('',(1.,0.));
#6254 = ( GEOMETRIC_REPRESENTATION_CONTEXT(2) 
PARAMETRIC_REPRESENTATION_CONTEXT() REPRESENTATION_CONTEXT('2D SPACE',''
  ) );
#6255 = PCURVE('',#5425,#6256);
#6256 = DEFINITIONAL_REPRESENTATION('',(#6257),#6261);
#6257 = LINE('',#6258,#6259);
#6258 = CARTESIAN_POINT('',(1.256073966947E-15,-3.262029020921));
#6259 = VECTOR('',#6260,1.);
#6260 = DIRECTION('',(0.866025403784,0.5));
#6261 = ( GEOMETRIC_REPRESENTATION_CONTEXT(2) 
PARAMETRIC_REPRESENTATION_CONTEXT() REPRESENTATION_CONTEXT('2D SPACE',''
  ) );
#6262 = ADVANCED_FACE('',(#6263),#5487,.F.);
#6263 = FACE_BOUND('',#6264,.F.);
#6264 = EDGE_LOOP('',(#6265,#6266));
#6265 = ORIENTED_EDGE('',*,*,#5436,.T.);
#6266 = ORIENTED_EDGE('',*,*,#6267,.T.);
#6267 = EDGE_CURVE('',#5411,#5437,#6268,.T.);
#6268 = SURFACE_CURVE('',#6269,(#6274,#6281),.PCURVE_S1.);
#6269 = CIRCLE('',#6270,1.7);
#6270 = AXIS2_PLACEMENT_3D('',#6271,#6272,#6273);
#6271 = CARTESIAN_POINT('',(9.828784258493,9.828784258493,14.95));
#6272 = DIRECTION('',(-0.707106781187,-0.707106781187,4.204969705768E-15
    ));
#6273 = DIRECTION('',(-0.694765414029,0.694765414029,0.186016232998));
#6274 = PCURVE('',#5487,#6275);
#6275 = DEFINITIONAL_REPRESENTATION('',(#6276),#6280);
#6276 = LINE('',#6277,#6278);
#6277 = CARTESIAN_POINT('',(6.470291353162,43.9));
#6278 = VECTOR('',#6279,1.);
#6279 = DIRECTION('',(-1.,-0.));
#6280 = ( GEOMETRIC_REPRESENTATION_CONTEXT(2) 
PARAMETRIC_REPRESENTATION_CONTEXT() REPRESENTATION_CONTEXT('2D SPACE',''
  ) );
#6281 = PCURVE('',#5425,#6282);
#6282 = DEFINITIONAL_REPRESENTATION('',(#6283),#6291);
#6283 = ( BOUNDED_CURVE() B_SPLINE_CURVE(2,(#6284,#6285,#6286,#6287,
#6288,#6289,#6290),.UNSPECIFIED.,.T.,.F.) B_SPLINE_CURVE_WITH_KNOTS((1,2
    ,2,2,2,1),(-2.094395102393,0.,2.094395102393,4.188790204786,
6.28318530718,8.377580409573),.UNSPECIFIED.) CURVE() 
GEOMETRIC_REPRESENTATION_ITEM() RATIONAL_B_SPLINE_CURVE((1.,0.5,1.,0.5,
1.,0.5,1.)) REPRESENTATION_ITEM('') );
#6284 = CARTESIAN_POINT('',(1.670329341018,0.316227596097));
#6285 = CARTESIAN_POINT('',(2.218051604214,-2.57686768792));
#6286 = CARTESIAN_POINT('',(-0.561303538911,-1.604661440057));
#6287 = CARTESIAN_POINT('',(-3.340658682037,-0.632455192194));
#6288 = CARTESIAN_POINT('',(-1.109025802107,1.28843384396));
#6289 = CARTESIAN_POINT('',(1.122607077823,3.209322880114));
#6290 = CARTESIAN_POINT('',(1.670329341018,0.316227596097));
#6291 = ( GEOMETRIC_REPRESENTATION_CONTEXT(2) 
PARAMETRIC_REPRESENTATION_CONTEXT() REPRESENTATION_CONTEXT('2D SPACE',''
  ) );
#6292 = ADVANCED_FACE('',(#6293),#5425,.T.);
#6293 = FACE_BOUND('',#6294,.T.);
#6294 = EDGE_LOOP('',(#6295,#6296,#6317,#6318,#6319,#6320));
#6295 = ORIENTED_EDGE('',*,*,#6082,.T.);
#6296 = ORIENTED_EDGE('',*,*,#6297,.T.);
#6297 = EDGE_CURVE('',#6060,#5379,#6298,.T.);
#6298 = SURFACE_CURVE('',#6299,(#6303,#6310),.PCURVE_S1.);
#6299 = LINE('',#6300,#6301);
#6300 = CARTESIAN_POINT('',(7.831207601641,11.826360915345,
    16.581014510461));
#6301 = VECTOR('',#6302,1.);
#6302 = DIRECTION('',(0.612372435696,-0.612372435696,0.5));
#6303 = PCURVE('',#5425,#6304);
#6304 = DEFINITIONAL_REPRESENTATION('',(#6305),#6309);
#6305 = LINE('',#6306,#6307);
#6306 = CARTESIAN_POINT('',(2.825,1.631014510461));
#6307 = VECTOR('',#6308,1.);
#6308 = DIRECTION('',(-0.866025403784,0.5));
#6309 = ( GEOMETRIC_REPRESENTATION_CONTEXT(2) 
PARAMETRIC_REPRESENTATION_CONTEXT() REPRESENTATION_CONTEXT('2D SPACE',''
  ) );
#6310 = PCURVE('',#5398,#6311);
#6311 = DEFINITIONAL_REPRESENTATION('',(#6312),#6316);
#6312 = LINE('',#6313,#6314);
#6313 = CARTESIAN_POINT('',(0.,-0.));
#6314 = VECTOR('',#6315,1.);
#6315 = DIRECTION('',(1.,-1.942890293094E-16));
#6316 = ( GEOMETRIC_REPRESENTATION_CONTEXT(2) 
PARAMETRIC_REPRESENTATION_CONTEXT() REPRESENTATION_CONTEXT('2D SPACE',''
  ) );
#6317 = ORIENTED_EDGE('',*,*,#5410,.F.);
#6318 = ORIENTED_EDGE('',*,*,#6267,.T.);
#6319 = ORIENTED_EDGE('',*,*,#5521,.F.);
#6320 = ORIENTED_EDGE('',*,*,#6242,.T.);
#6321 = ADVANCED_FACE('',(#6322),#5398,.T.);
#6322 = FACE_BOUND('',#6323,.T.);
#6323 = EDGE_LOOP('',(#6324,#6325,#6326,#6327,#6346));
#6324 = ORIENTED_EDGE('',*,*,#6297,.F.);
#6325 = ORIENTED_EDGE('',*,*,#6059,.T.);
#6326 = ORIENTED_EDGE('',*,*,#5896,.T.);
#6327 = ORIENTED_EDGE('',*,*,#6328,.F.);
#6328 = EDGE_CURVE('',#5355,#5897,#6329,.T.);
#6329 = SURFACE_CURVE('',#6330,(#6334,#6340),.PCURVE_S1.);
#6330 = LINE('',#6331,#6332);
#6331 = CARTESIAN_POINT('',(4.409761699009,5.419022559484,17.8));
#6332 = VECTOR('',#6333,1.);
#6333 = DIRECTION('',(0.707106781187,0.707106781187,-0.));
#6334 = PCURVE('',#5398,#6335);
#6335 = DEFINITIONAL_REPRESENTATION('',(#6336),#6339);
#6336 = B_SPLINE_CURVE_WITH_KNOTS('',1,(#6337,#6338),.UNSPECIFIED.,.F.,
  .F.,(2,2),(6.95,9.65),.PIECEWISE_BEZIER_KNOTS.);
#6337 = CARTESIAN_POINT('',(2.437970979079,0.));
#6338 = CARTESIAN_POINT('',(2.437970979079,-2.7));
#6339 = ( GEOMETRIC_REPRESENTATION_CONTEXT(2) 
PARAMETRIC_REPRESENTATION_CONTEXT() REPRESENTATION_CONTEXT('2D SPACE',''
  ) );
#6340 = PCURVE('',#731,#6341);
#6341 = DEFINITIONAL_REPRESENTATION('',(#6342),#6345);
#6342 = B_SPLINE_CURVE_WITH_KNOTS('',1,(#6343,#6344),.UNSPECIFIED.,.F.,
  .F.,(2,2),(6.95,9.65),.PIECEWISE_BEZIER_KNOTS.);
#6343 = CARTESIAN_POINT('',(9.324153828255,10.333414688731));
#6344 = CARTESIAN_POINT('',(11.233342137459,12.242602997935));
#6345 = ( GEOMETRIC_REPRESENTATION_CONTEXT(2) 
PARAMETRIC_REPRESENTATION_CONTEXT() REPRESENTATION_CONTEXT('2D SPACE',''
  ) );
#6346 = ORIENTED_EDGE('',*,*,#5378,.F.);
#6347 = ADVANCED_FACE('',(#6348),#5272,.F.);
#6348 = FACE_BOUND('',#6349,.F.);
#6349 = EDGE_LOOP('',(#6350,#6351));
#6350 = ORIENTED_EDGE('',*,*,#5221,.T.);
#6351 = ORIENTED_EDGE('',*,*,#6352,.T.);
#6352 = EDGE_CURVE('',#5196,#5222,#6353,.T.);
#6353 = SURFACE_CURVE('',#6354,(#6359,#6366),.PCURVE_S1.);
#6354 = CIRCLE('',#6355,1.7);
#6355 = AXIS2_PLACEMENT_3D('',#6356,#6357,#6358);
#6356 = CARTESIAN_POINT('',(-9.828784258493,9.828784258493,14.95));
#6357 = DIRECTION('',(0.707106781187,-0.707106781187,-1.193489751472E-14
    ));
#6358 = DIRECTION('',(0.694765414029,0.694765414029,-0.186016232998));
#6359 = PCURVE('',#5272,#6360);
#6360 = DEFINITIONAL_REPRESENTATION('',(#6361),#6365);
#6361 = LINE('',#6362,#6363);
#6362 = CARTESIAN_POINT('',(6.470291353162,43.9));
#6363 = VECTOR('',#6364,1.);
#6364 = DIRECTION('',(-1.,-0.));
#6365 = ( GEOMETRIC_REPRESENTATION_CONTEXT(2) 
PARAMETRIC_REPRESENTATION_CONTEXT() REPRESENTATION_CONTEXT('2D SPACE',''
  ) );
#6366 = PCURVE('',#5210,#6367);
#6367 = DEFINITIONAL_REPRESENTATION('',(#6368),#6376);
#6368 = ( BOUNDED_CURVE() B_SPLINE_CURVE(2,(#6369,#6370,#6371,#6372,
#6373,#6374,#6375),.UNSPECIFIED.,.T.,.F.) B_SPLINE_CURVE_WITH_KNOTS((1,2
    ,2,2,2,1),(-2.094395102393,0.,2.094395102393,4.188790204786,
6.28318530718,8.377580409573),.UNSPECIFIED.) CURVE() 
GEOMETRIC_REPRESENTATION_ITEM() RATIONAL_B_SPLINE_CURVE((1.,0.5,1.,0.5,
1.,0.5,1.)) REPRESENTATION_ITEM('') );
#6369 = CARTESIAN_POINT('',(1.670329341018,0.316227596097));
#6370 = CARTESIAN_POINT('',(2.218051604214,-2.576867687919));
#6371 = CARTESIAN_POINT('',(-0.561303538911,-1.604661440057));
#6372 = CARTESIAN_POINT('',(-3.340658682037,-0.632455192195));
#6373 = CARTESIAN_POINT('',(-1.109025802107,1.28843384396));
#6374 = CARTESIAN_POINT('',(1.122607077822,3.209322880114));
#6375 = CARTESIAN_POINT('',(1.670329341018,0.316227596097));
#6376 = ( GEOMETRIC_REPRESENTATION_CONTEXT(2) 
PARAMETRIC_REPRESENTATION_CONTEXT() REPRESENTATION_CONTEXT('2D SPACE',''
  ) );
#6377 = ADVANCED_FACE('',(#6378),#5210,.T.);
#6378 = FACE_BOUND('',#6379,.T.);
#6379 = EDGE_LOOP('',(#6380,#6381,#6404,#6427,#6448,#6449));
#6380 = ORIENTED_EDGE('',*,*,#5306,.T.);
#6381 = ORIENTED_EDGE('',*,*,#6382,.T.);
#6382 = EDGE_CURVE('',#5307,#6383,#6385,.T.);
#6383 = VERTEX_POINT('',#6384);
#6384 = CARTESIAN_POINT('',(-7.831207601641,11.826360915345,
    16.581014510461));
#6385 = SURFACE_CURVE('',#6386,(#6390,#6397),.PCURVE_S1.);
#6386 = LINE('',#6387,#6388);
#6387 = CARTESIAN_POINT('',(-9.828784258493,9.828784258493,
    18.212029020921));
#6388 = VECTOR('',#6389,1.);
#6389 = DIRECTION('',(0.612372435696,0.612372435696,-0.5));
#6390 = PCURVE('',#5210,#6391);
#6391 = DEFINITIONAL_REPRESENTATION('',(#6392),#6396);
#6392 = LINE('',#6393,#6394);
#6393 = CARTESIAN_POINT('',(-1.256073966947E-15,-3.262029020921));
#6394 = VECTOR('',#6395,1.);
#6395 = DIRECTION('',(0.866025403784,0.5));
#6396 = ( GEOMETRIC_REPRESENTATION_CONTEXT(2) 
PARAMETRIC_REPRESENTATION_CONTEXT() REPRESENTATION_CONTEXT('2D SPACE',''
  ) );
#6397 = PCURVE('',#3563,#6398);
#6398 = DEFINITIONAL_REPRESENTATION('',(#6399),#6403);
#6399 = LINE('',#6400,#6401);
#6400 = CARTESIAN_POINT('',(0.,0.));
#6401 = VECTOR('',#6402,1.);
#6402 = DIRECTION('',(1.,-1.387778780781E-17));
#6403 = ( GEOMETRIC_REPRESENTATION_CONTEXT(2) 
PARAMETRIC_REPRESENTATION_CONTEXT() REPRESENTATION_CONTEXT('2D SPACE',''
  ) );
#6404 = ORIENTED_EDGE('',*,*,#6405,.T.);
#6405 = EDGE_CURVE('',#6383,#6406,#6408,.T.);
#6406 = VERTEX_POINT('',#6407);
#6407 = CARTESIAN_POINT('',(-7.831207601641,11.826360915345,
    13.318985489539));
#6408 = SURFACE_CURVE('',#6409,(#6413,#6420),.PCURVE_S1.);
#6409 = LINE('',#6410,#6411);
#6410 = CARTESIAN_POINT('',(-7.831207601641,11.826360915345,
    16.581014510461));
#6411 = VECTOR('',#6412,1.);
#6412 = DIRECTION('',(2.887943268341E-16,2.887943268341E-16,-1.));
#6413 = PCURVE('',#5210,#6414);
#6414 = DEFINITIONAL_REPRESENTATION('',(#6415),#6419);
#6415 = LINE('',#6416,#6417);
#6416 = CARTESIAN_POINT('',(2.825,-1.631014510461));
#6417 = VECTOR('',#6418,1.);
#6418 = DIRECTION('',(4.084168537452E-16,1.));
#6419 = ( GEOMETRIC_REPRESENTATION_CONTEXT(2) 
PARAMETRIC_REPRESENTATION_CONTEXT() REPRESENTATION_CONTEXT('2D SPACE',''
  ) );
#6420 = PCURVE('',#3591,#6421);
#6421 = DEFINITIONAL_REPRESENTATION('',(#6422),#6426);
#6422 = LINE('',#6423,#6424);
#6423 = CARTESIAN_POINT('',(0.,0.));
#6424 = VECTOR('',#6425,1.);
#6425 = DIRECTION('',(1.,0.));
#6426 = ( GEOMETRIC_REPRESENTATION_CONTEXT(2) 
PARAMETRIC_REPRESENTATION_CONTEXT() REPRESENTATION_CONTEXT('2D SPACE',''
  ) );
#6427 = ORIENTED_EDGE('',*,*,#6428,.T.);
#6428 = EDGE_CURVE('',#6406,#5169,#6429,.T.);
#6429 = SURFACE_CURVE('',#6430,(#6434,#6441),.PCURVE_S1.);
#6430 = LINE('',#6431,#6432);
#6431 = CARTESIAN_POINT('',(-7.831207601641,11.826360915345,
    13.318985489539));
#6432 = VECTOR('',#6433,1.);
#6433 = DIRECTION('',(-0.612372435696,-0.612372435696,-0.5));
#6434 = PCURVE('',#5210,#6435);
#6435 = DEFINITIONAL_REPRESENTATION('',(#6436),#6440);
#6436 = LINE('',#6437,#6438);
#6437 = CARTESIAN_POINT('',(2.825,1.631014510461));
#6438 = VECTOR('',#6439,1.);
#6439 = DIRECTION('',(-0.866025403784,0.5));
#6440 = ( GEOMETRIC_REPRESENTATION_CONTEXT(2) 
PARAMETRIC_REPRESENTATION_CONTEXT() REPRESENTATION_CONTEXT('2D SPACE',''
  ) );
#6441 = PCURVE('',#3619,#6442);
#6442 = DEFINITIONAL_REPRESENTATION('',(#6443),#6447);
#6443 = LINE('',#6444,#6445);
#6444 = CARTESIAN_POINT('',(-0.,0.));
#6445 = VECTOR('',#6446,1.);
#6446 = DIRECTION('',(1.,0.));
#6447 = ( GEOMETRIC_REPRESENTATION_CONTEXT(2) 
PARAMETRIC_REPRESENTATION_CONTEXT() REPRESENTATION_CONTEXT('2D SPACE',''
  ) );
#6448 = ORIENTED_EDGE('',*,*,#5195,.T.);
#6449 = ORIENTED_EDGE('',*,*,#6352,.T.);
#6450 = ADVANCED_FACE('',(#6451),#5103,.T.);
#6451 = FACE_BOUND('',#6452,.T.);
#6452 = EDGE_LOOP('',(#6453,#6476,#6477,#6498,#6526));
#6453 = ORIENTED_EDGE('',*,*,#6454,.F.);
#6454 = EDGE_CURVE('',#5063,#6455,#6457,.T.);
#6455 = VERTEX_POINT('',#6456);
#6456 = CARTESIAN_POINT('',(-11.82636091534,-7.831207601641,
    16.581014510461));
#6457 = SURFACE_CURVE('',#6458,(#6462,#6469),.PCURVE_S1.);
#6458 = LINE('',#6459,#6460);
#6459 = CARTESIAN_POINT('',(-9.828784258493,-9.828784258493,
    18.212029020921));
#6460 = VECTOR('',#6461,1.);
#6461 = DIRECTION('',(-0.612372435696,0.612372435696,-0.5));
#6462 = PCURVE('',#5103,#6463);
#6463 = DEFINITIONAL_REPRESENTATION('',(#6464),#6468);
#6464 = LINE('',#6465,#6466);
#6465 = CARTESIAN_POINT('',(0.,0.));
#6466 = VECTOR('',#6467,1.);
#6467 = DIRECTION('',(1.,-1.387778780781E-17));
#6468 = ( GEOMETRIC_REPRESENTATION_CONTEXT(2) 
PARAMETRIC_REPRESENTATION_CONTEXT() REPRESENTATION_CONTEXT('2D SPACE',''
  ) );
#6469 = PCURVE('',#4966,#6470);
#6470 = DEFINITIONAL_REPRESENTATION('',(#6471),#6475);
#6471 = LINE('',#6472,#6473);
#6472 = CARTESIAN_POINT('',(0.,3.262029020921));
#6473 = VECTOR('',#6474,1.);
#6474 = DIRECTION('',(-0.866025403784,-0.5));
#6475 = ( GEOMETRIC_REPRESENTATION_CONTEXT(2) 
PARAMETRIC_REPRESENTATION_CONTEXT() REPRESENTATION_CONTEXT('2D SPACE',''
  ) );
#6476 = ORIENTED_EDGE('',*,*,#5083,.F.);
#6477 = ORIENTED_EDGE('',*,*,#6478,.F.);
#6478 = EDGE_CURVE('',#6479,#5084,#6481,.T.);
#6479 = VERTEX_POINT('',#6480);
#6480 = CARTESIAN_POINT('',(-12.24260299793,-11.23334213745,17.8));
#6481 = SURFACE_CURVE('',#6482,(#6486,#6492),.PCURVE_S1.);
#6482 = LINE('',#6483,#6484);
#6483 = CARTESIAN_POINT('',(-5.419022559484,-4.409761699009,17.8));
#6484 = VECTOR('',#6485,1.);
#6485 = DIRECTION('',(0.707106781187,0.707106781187,-0.));
#6486 = PCURVE('',#5103,#6487);
#6487 = DEFINITIONAL_REPRESENTATION('',(#6488),#6491);
#6488 = B_SPLINE_CURVE_WITH_KNOTS('',1,(#6489,#6490),.UNSPECIFIED.,.F.,
  .F.,(2,2),(-9.65,-6.95),.PIECEWISE_BEZIER_KNOTS.);
#6489 = CARTESIAN_POINT('',(0.824058041843,-2.7));
#6490 = CARTESIAN_POINT('',(0.824058041843,8.881784197001E-16));
#6491 = ( GEOMETRIC_REPRESENTATION_CONTEXT(2) 
PARAMETRIC_REPRESENTATION_CONTEXT() REPRESENTATION_CONTEXT('2D SPACE',''
  ) );
#6492 = PCURVE('',#731,#6493);
#6493 = DEFINITIONAL_REPRESENTATION('',(#6494),#6497);
#6494 = B_SPLINE_CURVE_WITH_KNOTS('',1,(#6495,#6496),.UNSPECIFIED.,.F.,
  .F.,(2,2),(-9.65,-6.95),.PIECEWISE_BEZIER_KNOTS.);
#6495 = CARTESIAN_POINT('',(-12.24260299793,-11.23334213745));
#6496 = CARTESIAN_POINT('',(-10.33341468873,-9.324153828255));
#6497 = ( GEOMETRIC_REPRESENTATION_CONTEXT(2) 
PARAMETRIC_REPRESENTATION_CONTEXT() REPRESENTATION_CONTEXT('2D SPACE',''
  ) );
#6498 = ORIENTED_EDGE('',*,*,#6499,.T.);
#6499 = EDGE_CURVE('',#6479,#6500,#6502,.T.);
#6500 = VERTEX_POINT('',#6501);
#6501 = CARTESIAN_POINT('',(-13.73554922454,-9.740395910845,
    16.581014510461));
#6502 = SURFACE_CURVE('',#6503,(#6507,#6514),.PCURVE_S1.);
#6503 = LINE('',#6504,#6505);
#6504 = CARTESIAN_POINT('',(-11.73797256769,-11.73797256769,
    18.212029020921));
#6505 = VECTOR('',#6506,1.);
#6506 = DIRECTION('',(-0.612372435696,0.612372435696,-0.5));
#6507 = PCURVE('',#5103,#6508);
#6508 = DEFINITIONAL_REPRESENTATION('',(#6509),#6513);
#6509 = LINE('',#6510,#6511);
#6510 = CARTESIAN_POINT('',(-2.22044604925E-16,-2.7));
#6511 = VECTOR('',#6512,1.);
#6512 = DIRECTION('',(1.,-1.387778780781E-17));
#6513 = ( GEOMETRIC_REPRESENTATION_CONTEXT(2) 
PARAMETRIC_REPRESENTATION_CONTEXT() REPRESENTATION_CONTEXT('2D SPACE',''
  ) );
#6514 = PCURVE('',#6515,#6520);
#6515 = PLANE('',#6516);
#6516 = AXIS2_PLACEMENT_3D('',#6517,#6518,#6519);
#6517 = CARTESIAN_POINT('',(-11.73797256769,-11.73797256769,14.95));
#6518 = DIRECTION('',(-0.707106781187,-0.707106781187,-0.));
#6519 = DIRECTION('',(0.707106781187,-0.707106781187,0.));
#6520 = DEFINITIONAL_REPRESENTATION('',(#6521),#6525);
#6521 = LINE('',#6522,#6523);
#6522 = CARTESIAN_POINT('',(0.,3.262029020921));
#6523 = VECTOR('',#6524,1.);
#6524 = DIRECTION('',(-0.866025403784,-0.5));
#6525 = ( GEOMETRIC_REPRESENTATION_CONTEXT(2) 
PARAMETRIC_REPRESENTATION_CONTEXT() REPRESENTATION_CONTEXT('2D SPACE',''
  ) );
#6526 = ORIENTED_EDGE('',*,*,#6527,.F.);
#6527 = EDGE_CURVE('',#6455,#6500,#6528,.T.);
#6528 = SURFACE_CURVE('',#6529,(#6533,#6540),.PCURVE_S1.);
#6529 = LINE('',#6530,#6531);
#6530 = CARTESIAN_POINT('',(-11.82636091534,-7.831207601641,
    16.581014510461));
#6531 = VECTOR('',#6532,1.);
#6532 = DIRECTION('',(-0.707106781187,-0.707106781187,0.));
#6533 = PCURVE('',#5103,#6534);
#6534 = DEFINITIONAL_REPRESENTATION('',(#6535),#6539);
#6535 = LINE('',#6536,#6537);
#6536 = CARTESIAN_POINT('',(3.262029020921,8.429086731248E-16));
#6537 = VECTOR('',#6538,1.);
#6538 = DIRECTION('',(0.,-1.));
#6539 = ( GEOMETRIC_REPRESENTATION_CONTEXT(2) 
PARAMETRIC_REPRESENTATION_CONTEXT() REPRESENTATION_CONTEXT('2D SPACE',''
  ) );
#6540 = PCURVE('',#6541,#6546);
#6541 = PLANE('',#6542);
#6542 = AXIS2_PLACEMENT_3D('',#6543,#6544,#6545);
#6543 = CARTESIAN_POINT('',(-11.82636091534,-7.831207601641,
    16.581014510461));
#6544 = DIRECTION('',(0.707106781187,-0.707106781187,-4.084168537452E-16
    ));
#6545 = DIRECTION('',(-2.887943268341E-16,2.887943268341E-16,-1.));
#6546 = DEFINITIONAL_REPRESENTATION('',(#6547),#6551);
#6547 = LINE('',#6548,#6549);
#6548 = CARTESIAN_POINT('',(0.,0.));
#6549 = VECTOR('',#6550,1.);
#6550 = DIRECTION('',(-2.465190328816E-32,-1.));
#6551 = ( GEOMETRIC_REPRESENTATION_CONTEXT(2) 
PARAMETRIC_REPRESENTATION_CONTEXT() REPRESENTATION_CONTEXT('2D SPACE',''
  ) );
#6552 = ADVANCED_FACE('',(#6553,#6695),#6515,.F.);
#6553 = FACE_BOUND('',#6554,.F.);
#6554 = EDGE_LOOP('',(#6555,#6585,#6608,#6627,#6628,#6651,#6674));
#6555 = ORIENTED_EDGE('',*,*,#6556,.T.);
#6556 = EDGE_CURVE('',#6557,#6559,#6561,.T.);
#6557 = VERTEX_POINT('',#6558);
#6558 = CARTESIAN_POINT('',(-9.740395910845,-13.73554922454,
    13.318985489539));
#6559 = VERTEX_POINT('',#6560);
#6560 = CARTESIAN_POINT('',(-9.740395910845,-13.73554922454,
    16.581014510461));
#6561 = SURFACE_CURVE('',#6562,(#6566,#6573),.PCURVE_S1.);
#6562 = LINE('',#6563,#6564);
#6563 = CARTESIAN_POINT('',(-9.740395910845,-13.73554922454,
    13.318985489539));
#6564 = VECTOR('',#6565,1.);
#6565 = DIRECTION('',(1.925295512227E-16,-1.925295512227E-16,1.));
#6566 = PCURVE('',#6515,#6567);
#6567 = DEFINITIONAL_REPRESENTATION('',(#6568),#6572);
#6568 = LINE('',#6569,#6570);
#6569 = CARTESIAN_POINT('',(2.825,-1.631014510461));
#6570 = VECTOR('',#6571,1.);
#6571 = DIRECTION('',(2.722779024968E-16,1.));
#6572 = ( GEOMETRIC_REPRESENTATION_CONTEXT(2) 
PARAMETRIC_REPRESENTATION_CONTEXT() REPRESENTATION_CONTEXT('2D SPACE',''
  ) );
#6573 = PCURVE('',#6574,#6579);
#6574 = PLANE('',#6575);
#6575 = AXIS2_PLACEMENT_3D('',#6576,#6577,#6578);
#6576 = CARTESIAN_POINT('',(-7.831207601641,-11.82636091534,
    13.318985489539));
#6577 = DIRECTION('',(-0.707106781187,0.707106781187,2.722779024968E-16)
  );
#6578 = DIRECTION('',(1.925295512227E-16,-1.925295512227E-16,1.));
#6579 = DEFINITIONAL_REPRESENTATION('',(#6580),#6584);
#6580 = LINE('',#6581,#6582);
#6581 = CARTESIAN_POINT('',(-1.479114197289E-31,-2.7));
#6582 = VECTOR('',#6583,1.);
#6583 = DIRECTION('',(1.,-2.465190328816E-32));
#6584 = ( GEOMETRIC_REPRESENTATION_CONTEXT(2) 
PARAMETRIC_REPRESENTATION_CONTEXT() REPRESENTATION_CONTEXT('2D SPACE',''
  ) );
#6585 = ORIENTED_EDGE('',*,*,#6586,.T.);
#6586 = EDGE_CURVE('',#6559,#6587,#6589,.T.);
#6587 = VERTEX_POINT('',#6588);
#6588 = CARTESIAN_POINT('',(-11.23334213745,-12.24260299793,17.8));
#6589 = SURFACE_CURVE('',#6590,(#6594,#6601),.PCURVE_S1.);
#6590 = LINE('',#6591,#6592);
#6591 = CARTESIAN_POINT('',(-9.740395910845,-13.73554922454,
    16.581014510461));
#6592 = VECTOR('',#6593,1.);
#6593 = DIRECTION('',(-0.612372435696,0.612372435696,0.5));
#6594 = PCURVE('',#6515,#6595);
#6595 = DEFINITIONAL_REPRESENTATION('',(#6596),#6600);
#6596 = LINE('',#6597,#6598);
#6597 = CARTESIAN_POINT('',(2.825,1.631014510461));
#6598 = VECTOR('',#6599,1.);
#6599 = DIRECTION('',(-0.866025403784,0.5));
#6600 = ( GEOMETRIC_REPRESENTATION_CONTEXT(2) 
PARAMETRIC_REPRESENTATION_CONTEXT() REPRESENTATION_CONTEXT('2D SPACE',''
  ) );
#6601 = PCURVE('',#4620,#6602);
#6602 = DEFINITIONAL_REPRESENTATION('',(#6603),#6607);
#6603 = LINE('',#6604,#6605);
#6604 = CARTESIAN_POINT('',(-4.440892098501E-16,-2.7));
#6605 = VECTOR('',#6606,1.);
#6606 = DIRECTION('',(1.,-1.110223024625E-16));
#6607 = ( GEOMETRIC_REPRESENTATION_CONTEXT(2) 
PARAMETRIC_REPRESENTATION_CONTEXT() REPRESENTATION_CONTEXT('2D SPACE',''
  ) );
#6608 = ORIENTED_EDGE('',*,*,#6609,.F.);
#6609 = EDGE_CURVE('',#6479,#6587,#6610,.T.);
#6610 = SURFACE_CURVE('',#6611,(#6615,#6621),.PCURVE_S1.);
#6611 = LINE('',#6612,#6613);
#6612 = CARTESIAN_POINT('',(-11.73797256769,-11.73797256769,17.8));
#6613 = VECTOR('',#6614,1.);
#6614 = DIRECTION('',(0.707106781187,-0.707106781187,0.));
#6615 = PCURVE('',#6515,#6616);
#6616 = DEFINITIONAL_REPRESENTATION('',(#6617),#6620);
#6617 = B_SPLINE_CURVE_WITH_KNOTS('',1,(#6618,#6619),.UNSPECIFIED.,.F.,
  .F.,(2,2),(-2.825,2.825),.PIECEWISE_BEZIER_KNOTS.);
#6618 = CARTESIAN_POINT('',(-2.825,2.85));
#6619 = CARTESIAN_POINT('',(2.825,2.85));
#6620 = ( GEOMETRIC_REPRESENTATION_CONTEXT(2) 
PARAMETRIC_REPRESENTATION_CONTEXT() REPRESENTATION_CONTEXT('2D SPACE',''
  ) );
#6621 = PCURVE('',#731,#6622);
#6622 = DEFINITIONAL_REPRESENTATION('',(#6623),#6626);
#6623 = B_SPLINE_CURVE_WITH_KNOTS('',1,(#6624,#6625),.UNSPECIFIED.,.F.,
  .F.,(2,2),(-2.825,2.825),.PIECEWISE_BEZIER_KNOTS.);
#6624 = CARTESIAN_POINT('',(-13.73554922454,-9.740395910845));
#6625 = CARTESIAN_POINT('',(-9.740395910845,-13.73554922454));
#6626 = ( GEOMETRIC_REPRESENTATION_CONTEXT(2) 
PARAMETRIC_REPRESENTATION_CONTEXT() REPRESENTATION_CONTEXT('2D SPACE',''
  ) );
#6627 = ORIENTED_EDGE('',*,*,#6499,.T.);
#6628 = ORIENTED_EDGE('',*,*,#6629,.T.);
#6629 = EDGE_CURVE('',#6500,#6630,#6632,.T.);
#6630 = VERTEX_POINT('',#6631);
#6631 = CARTESIAN_POINT('',(-13.73554922454,-9.740395910845,
    13.318985489539));
#6632 = SURFACE_CURVE('',#6633,(#6637,#6644),.PCURVE_S1.);
#6633 = LINE('',#6634,#6635);
#6634 = CARTESIAN_POINT('',(-13.73554922454,-9.740395910845,
    16.581014510461));
#6635 = VECTOR('',#6636,1.);
#6636 = DIRECTION('',(-2.887943268341E-16,2.887943268341E-16,-1.));
#6637 = PCURVE('',#6515,#6638);
#6638 = DEFINITIONAL_REPRESENTATION('',(#6639),#6643);
#6639 = LINE('',#6640,#6641);
#6640 = CARTESIAN_POINT('',(-2.825,1.631014510461));
#6641 = VECTOR('',#6642,1.);
#6642 = DIRECTION('',(-4.084168537452E-16,-1.));
#6643 = ( GEOMETRIC_REPRESENTATION_CONTEXT(2) 
PARAMETRIC_REPRESENTATION_CONTEXT() REPRESENTATION_CONTEXT('2D SPACE',''
  ) );
#6644 = PCURVE('',#6541,#6645);
#6645 = DEFINITIONAL_REPRESENTATION('',(#6646),#6650);
#6646 = LINE('',#6647,#6648);
#6647 = CARTESIAN_POINT('',(-1.972152263053E-31,-2.7));
#6648 = VECTOR('',#6649,1.);
#6649 = DIRECTION('',(1.,-2.465190328816E-32));
#6650 = ( GEOMETRIC_REPRESENTATION_CONTEXT(2) 
PARAMETRIC_REPRESENTATION_CONTEXT() REPRESENTATION_CONTEXT('2D SPACE',''
  ) );
#6651 = ORIENTED_EDGE('',*,*,#6652,.T.);
#6652 = EDGE_CURVE('',#6630,#6653,#6655,.T.);
#6653 = VERTEX_POINT('',#6654);
#6654 = CARTESIAN_POINT('',(-11.73797256769,-11.73797256769,
    11.687970979079));
#6655 = SURFACE_CURVE('',#6656,(#6660,#6667),.PCURVE_S1.);
#6656 = LINE('',#6657,#6658);
#6657 = CARTESIAN_POINT('',(-13.73554922454,-9.740395910845,
    13.318985489539));
#6658 = VECTOR('',#6659,1.);
#6659 = DIRECTION('',(0.612372435696,-0.612372435696,-0.5));
#6660 = PCURVE('',#6515,#6661);
#6661 = DEFINITIONAL_REPRESENTATION('',(#6662),#6666);
#6662 = LINE('',#6663,#6664);
#6663 = CARTESIAN_POINT('',(-2.825,-1.631014510461));
#6664 = VECTOR('',#6665,1.);
#6665 = DIRECTION('',(0.866025403784,-0.5));
#6666 = ( GEOMETRIC_REPRESENTATION_CONTEXT(2) 
PARAMETRIC_REPRESENTATION_CONTEXT() REPRESENTATION_CONTEXT('2D SPACE',''
  ) );
#6667 = PCURVE('',#4939,#6668);
#6668 = DEFINITIONAL_REPRESENTATION('',(#6669),#6673);
#6669 = LINE('',#6670,#6671);
#6670 = CARTESIAN_POINT('',(4.440892098501E-16,-2.7));
#6671 = VECTOR('',#6672,1.);
#6672 = DIRECTION('',(1.,1.110223024625E-16));
#6673 = ( GEOMETRIC_REPRESENTATION_CONTEXT(2) 
PARAMETRIC_REPRESENTATION_CONTEXT() REPRESENTATION_CONTEXT('2D SPACE',''
  ) );
#6674 = ORIENTED_EDGE('',*,*,#6675,.T.);
#6675 = EDGE_CURVE('',#6653,#6557,#6676,.T.);
#6676 = SURFACE_CURVE('',#6677,(#6681,#6688),.PCURVE_S1.);
#6677 = LINE('',#6678,#6679);
#6678 = CARTESIAN_POINT('',(-11.73797256769,-11.73797256769,
    11.687970979079));
#6679 = VECTOR('',#6680,1.);
#6680 = DIRECTION('',(0.612372435696,-0.612372435696,0.5));
#6681 = PCURVE('',#6515,#6682);
#6682 = DEFINITIONAL_REPRESENTATION('',(#6683),#6687);
#6683 = LINE('',#6684,#6685);
#6684 = CARTESIAN_POINT('',(0.,-3.262029020921));
#6685 = VECTOR('',#6686,1.);
#6686 = DIRECTION('',(0.866025403784,0.5));
#6687 = ( GEOMETRIC_REPRESENTATION_CONTEXT(2) 
PARAMETRIC_REPRESENTATION_CONTEXT() REPRESENTATION_CONTEXT('2D SPACE',''
  ) );
#6688 = PCURVE('',#4907,#6689);
#6689 = DEFINITIONAL_REPRESENTATION('',(#6690),#6694);
#6690 = LINE('',#6691,#6692);
#6691 = CARTESIAN_POINT('',(2.22044604925E-16,-2.7));
#6692 = VECTOR('',#6693,1.);
#6693 = DIRECTION('',(1.,5.551115123126E-17));
#6694 = ( GEOMETRIC_REPRESENTATION_CONTEXT(2) 
PARAMETRIC_REPRESENTATION_CONTEXT() REPRESENTATION_CONTEXT('2D SPACE',''
  ) );
#6695 = FACE_BOUND('',#6696,.F.);
#6696 = EDGE_LOOP('',(#6697));
#6697 = ORIENTED_EDGE('',*,*,#6698,.T.);
#6698 = EDGE_CURVE('',#6699,#6699,#6701,.T.);
#6699 = VERTEX_POINT('',#6700);
#6700 = CARTESIAN_POINT('',(-12.94005409571,-10.53589103968,14.95));
#6701 = SURFACE_CURVE('',#6702,(#6707,#6718),.PCURVE_S1.);
#6702 = CIRCLE('',#6703,1.7);
#6703 = AXIS2_PLACEMENT_3D('',#6704,#6705,#6706);
#6704 = CARTESIAN_POINT('',(-11.73797256769,-11.73797256769,14.95));
#6705 = DIRECTION('',(0.707106781187,0.707106781187,0.));
#6706 = DIRECTION('',(-0.707106781187,0.707106781187,0.));
#6707 = PCURVE('',#6515,#6708);
#6708 = DEFINITIONAL_REPRESENTATION('',(#6709),#6717);
#6709 = ( BOUNDED_CURVE() B_SPLINE_CURVE(2,(#6710,#6711,#6712,#6713,
#6714,#6715,#6716),.UNSPECIFIED.,.T.,.F.) B_SPLINE_CURVE_WITH_KNOTS((1,2
    ,2,2,2,1),(-2.094395102393,0.,2.094395102393,4.188790204786,
6.28318530718,8.377580409573),.UNSPECIFIED.) CURVE() 
GEOMETRIC_REPRESENTATION_ITEM() RATIONAL_B_SPLINE_CURVE((1.,0.5,1.,0.5,
1.,0.5,1.)) REPRESENTATION_ITEM('') );
#6710 = CARTESIAN_POINT('',(-1.7,5.329070518201E-15));
#6711 = CARTESIAN_POINT('',(-1.7,2.944486372867));
#6712 = CARTESIAN_POINT('',(0.85,1.472243186434));
#6713 = CARTESIAN_POINT('',(3.4,5.745450429911E-15));
#6714 = CARTESIAN_POINT('',(0.85,-1.472243186434));
#6715 = CARTESIAN_POINT('',(-1.7,-2.944486372867));
#6716 = CARTESIAN_POINT('',(-1.7,5.329070518201E-15));
#6717 = ( GEOMETRIC_REPRESENTATION_CONTEXT(2) 
PARAMETRIC_REPRESENTATION_CONTEXT() REPRESENTATION_CONTEXT('2D SPACE',''
  ) );
#6718 = PCURVE('',#1704,#6719);
#6719 = DEFINITIONAL_REPRESENTATION('',(#6720),#6724);
#6720 = LINE('',#6721,#6722);
#6721 = CARTESIAN_POINT('',(0.,13.4));
#6722 = VECTOR('',#6723,1.);
#6723 = DIRECTION('',(1.,0.));
#6724 = ( GEOMETRIC_REPRESENTATION_CONTEXT(2) 
PARAMETRIC_REPRESENTATION_CONTEXT() REPRESENTATION_CONTEXT('2D SPACE',''
  ) );
#6725 = ADVANCED_FACE('',(#6726),#6574,.T.);
#6726 = FACE_BOUND('',#6727,.T.);
#6727 = EDGE_LOOP('',(#6728,#6751,#6752,#6775));
#6728 = ORIENTED_EDGE('',*,*,#6729,.T.);
#6729 = EDGE_CURVE('',#6730,#6557,#6732,.T.);
#6730 = VERTEX_POINT('',#6731);
#6731 = CARTESIAN_POINT('',(-7.831207601641,-11.82636091534,
    13.318985489539));
#6732 = SURFACE_CURVE('',#6733,(#6737,#6744),.PCURVE_S1.);
#6733 = LINE('',#6734,#6735);
#6734 = CARTESIAN_POINT('',(-7.831207601641,-11.82636091534,
    13.318985489539));
#6735 = VECTOR('',#6736,1.);
#6736 = DIRECTION('',(-0.707106781187,-0.707106781187,0.));
#6737 = PCURVE('',#6574,#6738);
#6738 = DEFINITIONAL_REPRESENTATION('',(#6739),#6743);
#6739 = LINE('',#6740,#6741);
#6740 = CARTESIAN_POINT('',(0.,0.));
#6741 = VECTOR('',#6742,1.);
#6742 = DIRECTION('',(-4.930380657631E-32,-1.));
#6743 = ( GEOMETRIC_REPRESENTATION_CONTEXT(2) 
PARAMETRIC_REPRESENTATION_CONTEXT() REPRESENTATION_CONTEXT('2D SPACE',''
  ) );
#6744 = PCURVE('',#4907,#6745);
#6745 = DEFINITIONAL_REPRESENTATION('',(#6746),#6750);
#6746 = LINE('',#6747,#6748);
#6747 = CARTESIAN_POINT('',(3.262029020921,0.));
#6748 = VECTOR('',#6749,1.);
#6749 = DIRECTION('',(0.,-1.));
#6750 = ( GEOMETRIC_REPRESENTATION_CONTEXT(2) 
PARAMETRIC_REPRESENTATION_CONTEXT() REPRESENTATION_CONTEXT('2D SPACE',''
  ) );
#6751 = ORIENTED_EDGE('',*,*,#6556,.T.);
#6752 = ORIENTED_EDGE('',*,*,#6753,.F.);
#6753 = EDGE_CURVE('',#6754,#6559,#6756,.T.);
#6754 = VERTEX_POINT('',#6755);
#6755 = CARTESIAN_POINT('',(-7.831207601641,-11.82636091534,
    16.581014510461));
#6756 = SURFACE_CURVE('',#6757,(#6761,#6768),.PCURVE_S1.);
#6757 = LINE('',#6758,#6759);
#6758 = CARTESIAN_POINT('',(-7.831207601641,-11.82636091534,
    16.581014510461));
#6759 = VECTOR('',#6760,1.);
#6760 = DIRECTION('',(-0.707106781187,-0.707106781187,0.));
#6761 = PCURVE('',#6574,#6762);
#6762 = DEFINITIONAL_REPRESENTATION('',(#6763),#6767);
#6763 = LINE('',#6764,#6765);
#6764 = CARTESIAN_POINT('',(3.262029020921,6.280369834735E-16));
#6765 = VECTOR('',#6766,1.);
#6766 = DIRECTION('',(-4.930380657631E-32,-1.));
#6767 = ( GEOMETRIC_REPRESENTATION_CONTEXT(2) 
PARAMETRIC_REPRESENTATION_CONTEXT() REPRESENTATION_CONTEXT('2D SPACE',''
  ) );
#6768 = PCURVE('',#4620,#6769);
#6769 = DEFINITIONAL_REPRESENTATION('',(#6770),#6774);
#6770 = LINE('',#6771,#6772);
#6771 = CARTESIAN_POINT('',(0.,0.));
#6772 = VECTOR('',#6773,1.);
#6773 = DIRECTION('',(0.,-1.));
#6774 = ( GEOMETRIC_REPRESENTATION_CONTEXT(2) 
PARAMETRIC_REPRESENTATION_CONTEXT() REPRESENTATION_CONTEXT('2D SPACE',''
  ) );
#6775 = ORIENTED_EDGE('',*,*,#6776,.F.);
#6776 = EDGE_CURVE('',#6730,#6754,#6777,.T.);
#6777 = SURFACE_CURVE('',#6778,(#6782,#6789),.PCURVE_S1.);
#6778 = LINE('',#6779,#6780);
#6779 = CARTESIAN_POINT('',(-7.831207601641,-11.82636091534,
    13.318985489539));
#6780 = VECTOR('',#6781,1.);
#6781 = DIRECTION('',(1.925295512227E-16,-1.925295512227E-16,1.));
#6782 = PCURVE('',#6574,#6783);
#6783 = DEFINITIONAL_REPRESENTATION('',(#6784),#6788);
#6784 = LINE('',#6785,#6786);
#6785 = CARTESIAN_POINT('',(0.,0.));
#6786 = VECTOR('',#6787,1.);
#6787 = DIRECTION('',(1.,-2.465190328816E-32));
#6788 = ( GEOMETRIC_REPRESENTATION_CONTEXT(2) 
PARAMETRIC_REPRESENTATION_CONTEXT() REPRESENTATION_CONTEXT('2D SPACE',''
  ) );
#6789 = PCURVE('',#4647,#6790);
#6790 = DEFINITIONAL_REPRESENTATION('',(#6791),#6795);
#6791 = LINE('',#6792,#6793);
#6792 = CARTESIAN_POINT('',(2.825,-1.631014510461));
#6793 = VECTOR('',#6794,1.);
#6794 = DIRECTION('',(2.722779024968E-16,1.));
#6795 = ( GEOMETRIC_REPRESENTATION_CONTEXT(2) 
PARAMETRIC_REPRESENTATION_CONTEXT() REPRESENTATION_CONTEXT('2D SPACE',''
  ) );
#6796 = ADVANCED_FACE('',(#6797),#6541,.T.);
#6797 = FACE_BOUND('',#6798,.T.);
#6798 = EDGE_LOOP('',(#6799,#6800,#6801,#6824));
#6799 = ORIENTED_EDGE('',*,*,#6527,.T.);
#6800 = ORIENTED_EDGE('',*,*,#6629,.T.);
#6801 = ORIENTED_EDGE('',*,*,#6802,.F.);
#6802 = EDGE_CURVE('',#6803,#6630,#6805,.T.);
#6803 = VERTEX_POINT('',#6804);
#6804 = CARTESIAN_POINT('',(-11.82636091534,-7.831207601641,
    13.318985489539));
#6805 = SURFACE_CURVE('',#6806,(#6810,#6817),.PCURVE_S1.);
#6806 = LINE('',#6807,#6808);
#6807 = CARTESIAN_POINT('',(-11.82636091534,-7.831207601641,
    13.318985489539));
#6808 = VECTOR('',#6809,1.);
#6809 = DIRECTION('',(-0.707106781187,-0.707106781187,0.));
#6810 = PCURVE('',#6541,#6811);
#6811 = DEFINITIONAL_REPRESENTATION('',(#6812),#6816);
#6812 = LINE('',#6813,#6814);
#6813 = CARTESIAN_POINT('',(3.262029020921,-1.256073966947E-15));
#6814 = VECTOR('',#6815,1.);
#6815 = DIRECTION('',(-2.465190328816E-32,-1.));
#6816 = ( GEOMETRIC_REPRESENTATION_CONTEXT(2) 
PARAMETRIC_REPRESENTATION_CONTEXT() REPRESENTATION_CONTEXT('2D SPACE',''
  ) );
#6817 = PCURVE('',#4939,#6818);
#6818 = DEFINITIONAL_REPRESENTATION('',(#6819),#6823);
#6819 = LINE('',#6820,#6821);
#6820 = CARTESIAN_POINT('',(0.,0.));
#6821 = VECTOR('',#6822,1.);
#6822 = DIRECTION('',(0.,-1.));
#6823 = ( GEOMETRIC_REPRESENTATION_CONTEXT(2) 
PARAMETRIC_REPRESENTATION_CONTEXT() REPRESENTATION_CONTEXT('2D SPACE',''
  ) );
#6824 = ORIENTED_EDGE('',*,*,#6825,.F.);
#6825 = EDGE_CURVE('',#6455,#6803,#6826,.T.);
#6826 = SURFACE_CURVE('',#6827,(#6831,#6838),.PCURVE_S1.);
#6827 = LINE('',#6828,#6829);
#6828 = CARTESIAN_POINT('',(-11.82636091534,-7.831207601641,
    16.581014510461));
#6829 = VECTOR('',#6830,1.);
#6830 = DIRECTION('',(-2.887943268341E-16,2.887943268341E-16,-1.));
#6831 = PCURVE('',#6541,#6832);
#6832 = DEFINITIONAL_REPRESENTATION('',(#6833),#6837);
#6833 = LINE('',#6834,#6835);
#6834 = CARTESIAN_POINT('',(0.,0.));
#6835 = VECTOR('',#6836,1.);
#6836 = DIRECTION('',(1.,-2.465190328816E-32));
#6837 = ( GEOMETRIC_REPRESENTATION_CONTEXT(2) 
PARAMETRIC_REPRESENTATION_CONTEXT() REPRESENTATION_CONTEXT('2D SPACE',''
  ) );
#6838 = PCURVE('',#4966,#6839);
#6839 = DEFINITIONAL_REPRESENTATION('',(#6840),#6844);
#6840 = LINE('',#6841,#6842);
#6841 = CARTESIAN_POINT('',(-2.825,1.631014510461));
#6842 = VECTOR('',#6843,1.);
#6843 = DIRECTION('',(-4.084168537452E-16,-1.));
#6844 = ( GEOMETRIC_REPRESENTATION_CONTEXT(2) 
PARAMETRIC_REPRESENTATION_CONTEXT() REPRESENTATION_CONTEXT('2D SPACE',''
  ) );
#6845 = ADVANCED_FACE('',(#6846),#5028,.F.);
#6846 = FACE_BOUND('',#6847,.F.);
#6847 = EDGE_LOOP('',(#6848,#6849));
#6848 = ORIENTED_EDGE('',*,*,#4977,.T.);
#6849 = ORIENTED_EDGE('',*,*,#6850,.T.);
#6850 = EDGE_CURVE('',#4952,#4978,#6851,.T.);
#6851 = SURFACE_CURVE('',#6852,(#6857,#6864),.PCURVE_S1.);
#6852 = CIRCLE('',#6853,1.7);
#6853 = AXIS2_PLACEMENT_3D('',#6854,#6855,#6856);
#6854 = CARTESIAN_POINT('',(-9.828784258493,-9.828784258493,14.95));
#6855 = DIRECTION('',(0.707106781187,0.707106781187,4.19109191796E-15));
#6856 = DIRECTION('',(-0.694765401709,0.694765401709,-0.186016325026));
#6857 = PCURVE('',#5028,#6858);
#6858 = DEFINITIONAL_REPRESENTATION('',(#6859),#6863);
#6859 = LINE('',#6860,#6861);
#6860 = CARTESIAN_POINT('',(6.096079167535,16.1));
#6861 = VECTOR('',#6862,1.);
#6862 = DIRECTION('',(1.,0.));
#6863 = ( GEOMETRIC_REPRESENTATION_CONTEXT(2) 
PARAMETRIC_REPRESENTATION_CONTEXT() REPRESENTATION_CONTEXT('2D SPACE',''
  ) );
#6864 = PCURVE('',#4966,#6865);
#6865 = DEFINITIONAL_REPRESENTATION('',(#6866),#6874);
#6866 = ( BOUNDED_CURVE() B_SPLINE_CURVE(2,(#6867,#6868,#6869,#6870,
#6871,#6872,#6873),.UNSPECIFIED.,.T.,.F.) B_SPLINE_CURVE_WITH_KNOTS((1,2
    ,2,2,2,1),(-2.094395102393,0.,2.094395102393,4.188790204786,
6.28318530718,8.377580409573),.UNSPECIFIED.) CURVE() 
GEOMETRIC_REPRESENTATION_ITEM() RATIONAL_B_SPLINE_CURVE((1.,0.5,1.,0.5,
1.,0.5,1.)) REPRESENTATION_ITEM('') );
#6867 = CARTESIAN_POINT('',(-1.6703293114,-0.316227752544));
#6868 = CARTESIAN_POINT('',(-2.21805184557,2.576867480171));
#6869 = CARTESIAN_POINT('',(0.561303388615,1.60466149263));
#6870 = CARTESIAN_POINT('',(3.340658622799,0.632455505089));
#6871 = CARTESIAN_POINT('',(1.109025922785,-1.288433740086));
#6872 = CARTESIAN_POINT('',(-1.12260677723,-3.20932298526));
#6873 = CARTESIAN_POINT('',(-1.6703293114,-0.316227752544));
#6874 = ( GEOMETRIC_REPRESENTATION_CONTEXT(2) 
PARAMETRIC_REPRESENTATION_CONTEXT() REPRESENTATION_CONTEXT('2D SPACE',''
  ) );
#6875 = ADVANCED_FACE('',(#6876),#4966,.T.);
#6876 = FACE_BOUND('',#6877,.T.);
#6877 = EDGE_LOOP('',(#6878,#6879,#6880,#6881,#6902,#6903));
#6878 = ORIENTED_EDGE('',*,*,#5062,.T.);
#6879 = ORIENTED_EDGE('',*,*,#6454,.T.);
#6880 = ORIENTED_EDGE('',*,*,#6825,.T.);
#6881 = ORIENTED_EDGE('',*,*,#6882,.T.);
#6882 = EDGE_CURVE('',#6803,#4920,#6883,.T.);
#6883 = SURFACE_CURVE('',#6884,(#6888,#6895),.PCURVE_S1.);
#6884 = LINE('',#6885,#6886);
#6885 = CARTESIAN_POINT('',(-11.82636091534,-7.831207601641,
    13.318985489539));
#6886 = VECTOR('',#6887,1.);
#6887 = DIRECTION('',(0.612372435696,-0.612372435696,-0.5));
#6888 = PCURVE('',#4966,#6889);
#6889 = DEFINITIONAL_REPRESENTATION('',(#6890),#6894);
#6890 = LINE('',#6891,#6892);
#6891 = CARTESIAN_POINT('',(-2.825,-1.631014510461));
#6892 = VECTOR('',#6893,1.);
#6893 = DIRECTION('',(0.866025403784,-0.5));
#6894 = ( GEOMETRIC_REPRESENTATION_CONTEXT(2) 
PARAMETRIC_REPRESENTATION_CONTEXT() REPRESENTATION_CONTEXT('2D SPACE',''
  ) );
#6895 = PCURVE('',#4939,#6896);
#6896 = DEFINITIONAL_REPRESENTATION('',(#6897),#6901);
#6897 = LINE('',#6898,#6899);
#6898 = CARTESIAN_POINT('',(0.,0.));
#6899 = VECTOR('',#6900,1.);
#6900 = DIRECTION('',(1.,1.110223024625E-16));
#6901 = ( GEOMETRIC_REPRESENTATION_CONTEXT(2) 
PARAMETRIC_REPRESENTATION_CONTEXT() REPRESENTATION_CONTEXT('2D SPACE',''
  ) );
#6902 = ORIENTED_EDGE('',*,*,#4951,.T.);
#6903 = ORIENTED_EDGE('',*,*,#6850,.T.);
#6904 = ADVANCED_FACE('',(#6905),#4939,.T.);
#6905 = FACE_BOUND('',#6906,.T.);
#6906 = EDGE_LOOP('',(#6907,#6908,#6909,#6910,#6931));
#6907 = ORIENTED_EDGE('',*,*,#6882,.F.);
#6908 = ORIENTED_EDGE('',*,*,#6802,.T.);
#6909 = ORIENTED_EDGE('',*,*,#6652,.T.);
#6910 = ORIENTED_EDGE('',*,*,#6911,.F.);
#6911 = EDGE_CURVE('',#4888,#6653,#6912,.T.);
#6912 = SURFACE_CURVE('',#6913,(#6917,#6924),.PCURVE_S1.);
#6913 = LINE('',#6914,#6915);
#6914 = CARTESIAN_POINT('',(-9.828784258493,-9.828784258493,
    11.687970979079));
#6915 = VECTOR('',#6916,1.);
#6916 = DIRECTION('',(-0.707106781187,-0.707106781187,0.));
#6917 = PCURVE('',#4939,#6918);
#6918 = DEFINITIONAL_REPRESENTATION('',(#6919),#6923);
#6919 = LINE('',#6920,#6921);
#6920 = CARTESIAN_POINT('',(3.262029020921,6.661338147751E-16));
#6921 = VECTOR('',#6922,1.);
#6922 = DIRECTION('',(0.,-1.));
#6923 = ( GEOMETRIC_REPRESENTATION_CONTEXT(2) 
PARAMETRIC_REPRESENTATION_CONTEXT() REPRESENTATION_CONTEXT('2D SPACE',''
  ) );
#6924 = PCURVE('',#4907,#6925);
#6925 = DEFINITIONAL_REPRESENTATION('',(#6926),#6930);
#6926 = LINE('',#6927,#6928);
#6927 = CARTESIAN_POINT('',(0.,0.));
#6928 = VECTOR('',#6929,1.);
#6929 = DIRECTION('',(0.,-1.));
#6930 = ( GEOMETRIC_REPRESENTATION_CONTEXT(2) 
PARAMETRIC_REPRESENTATION_CONTEXT() REPRESENTATION_CONTEXT('2D SPACE',''
  ) );
#6931 = ORIENTED_EDGE('',*,*,#4919,.F.);
#6932 = ADVANCED_FACE('',(#6933),#4907,.T.);
#6933 = FACE_BOUND('',#6934,.T.);
#6934 = EDGE_LOOP('',(#6935,#6936,#6937,#6938,#6939));
#6935 = ORIENTED_EDGE('',*,*,#4887,.F.);
#6936 = ORIENTED_EDGE('',*,*,#6911,.T.);
#6937 = ORIENTED_EDGE('',*,*,#6675,.T.);
#6938 = ORIENTED_EDGE('',*,*,#6729,.F.);
#6939 = ORIENTED_EDGE('',*,*,#6940,.F.);
#6940 = EDGE_CURVE('',#4867,#6730,#6941,.T.);
#6941 = SURFACE_CURVE('',#6942,(#6946,#6953),.PCURVE_S1.);
#6942 = LINE('',#6943,#6944);
#6943 = CARTESIAN_POINT('',(-9.828784258493,-9.828784258493,
    11.687970979079));
#6944 = VECTOR('',#6945,1.);
#6945 = DIRECTION('',(0.612372435696,-0.612372435696,0.5));
#6946 = PCURVE('',#4907,#6947);
#6947 = DEFINITIONAL_REPRESENTATION('',(#6948),#6952);
#6948 = LINE('',#6949,#6950);
#6949 = CARTESIAN_POINT('',(0.,0.));
#6950 = VECTOR('',#6951,1.);
#6951 = DIRECTION('',(1.,5.551115123126E-17));
#6952 = ( GEOMETRIC_REPRESENTATION_CONTEXT(2) 
PARAMETRIC_REPRESENTATION_CONTEXT() REPRESENTATION_CONTEXT('2D SPACE',''
  ) );
#6953 = PCURVE('',#4647,#6954);
#6954 = DEFINITIONAL_REPRESENTATION('',(#6955),#6959);
#6955 = LINE('',#6956,#6957);
#6956 = CARTESIAN_POINT('',(0.,-3.262029020921));
#6957 = VECTOR('',#6958,1.);
#6958 = DIRECTION('',(0.866025403784,0.5));
#6959 = ( GEOMETRIC_REPRESENTATION_CONTEXT(2) 
PARAMETRIC_REPRESENTATION_CONTEXT() REPRESENTATION_CONTEXT('2D SPACE',''
  ) );
#6960 = ADVANCED_FACE('',(#6961),#4788,.F.);
#6961 = FACE_BOUND('',#6962,.F.);
#6962 = EDGE_LOOP('',(#6963,#6964));
#6963 = ORIENTED_EDGE('',*,*,#4658,.T.);
#6964 = ORIENTED_EDGE('',*,*,#6965,.T.);
#6965 = EDGE_CURVE('',#4633,#4659,#6966,.T.);
#6966 = SURFACE_CURVE('',#6967,(#6972,#6979),.PCURVE_S1.);
#6967 = CIRCLE('',#6968,1.7);
#6968 = AXIS2_PLACEMENT_3D('',#6969,#6970,#6971);
#6969 = CARTESIAN_POINT('',(-9.828784258493,-9.828784258493,14.95));
#6970 = DIRECTION('',(0.707106781187,0.707106781187,0.));
#6971 = DIRECTION('',(-0.707106781187,0.707106781187,0.));
#6972 = PCURVE('',#4788,#6973);
#6973 = DEFINITIONAL_REPRESENTATION('',(#6974),#6978);
#6974 = LINE('',#6975,#6976);
#6975 = CARTESIAN_POINT('',(0.,16.1));
#6976 = VECTOR('',#6977,1.);
#6977 = DIRECTION('',(1.,0.));
#6978 = ( GEOMETRIC_REPRESENTATION_CONTEXT(2) 
PARAMETRIC_REPRESENTATION_CONTEXT() REPRESENTATION_CONTEXT('2D SPACE',''
  ) );
#6979 = PCURVE('',#4647,#6980);
#6980 = DEFINITIONAL_REPRESENTATION('',(#6981),#6989);
#6981 = ( BOUNDED_CURVE() B_SPLINE_CURVE(2,(#6982,#6983,#6984,#6985,
#6986,#6987,#6988),.UNSPECIFIED.,.T.,.F.) B_SPLINE_CURVE_WITH_KNOTS((1,2
    ,2,2,2,1),(-2.094395102393,0.,2.094395102393,4.188790204786,
6.28318530718,8.377580409573),.UNSPECIFIED.) CURVE() 
GEOMETRIC_REPRESENTATION_ITEM() RATIONAL_B_SPLINE_CURVE((1.,0.5,1.,0.5,
1.,0.5,1.)) REPRESENTATION_ITEM('') );
#6982 = CARTESIAN_POINT('',(-1.7,5.329070518201E-15));
#6983 = CARTESIAN_POINT('',(-1.7,2.944486372867));
#6984 = CARTESIAN_POINT('',(0.85,1.472243186434));
#6985 = CARTESIAN_POINT('',(3.4,5.745450429911E-15));
#6986 = CARTESIAN_POINT('',(0.85,-1.472243186434));
#6987 = CARTESIAN_POINT('',(-1.7,-2.944486372867));
#6988 = CARTESIAN_POINT('',(-1.7,5.329070518201E-15));
#6989 = ( GEOMETRIC_REPRESENTATION_CONTEXT(2) 
PARAMETRIC_REPRESENTATION_CONTEXT() REPRESENTATION_CONTEXT('2D SPACE',''
  ) );
#6990 = ADVANCED_FACE('',(#6991),#4647,.T.);
#6991 = FACE_BOUND('',#6992,.T.);
#6992 = EDGE_LOOP('',(#6993,#6994,#7015,#7016,#7017,#7018));
#6993 = ORIENTED_EDGE('',*,*,#6776,.T.);
#6994 = ORIENTED_EDGE('',*,*,#6995,.T.);
#6995 = EDGE_CURVE('',#6754,#4601,#6996,.T.);
#6996 = SURFACE_CURVE('',#6997,(#7001,#7008),.PCURVE_S1.);
#6997 = LINE('',#6998,#6999);
#6998 = CARTESIAN_POINT('',(-7.831207601641,-11.82636091534,
    16.581014510461));
#6999 = VECTOR('',#7000,1.);
#7000 = DIRECTION('',(-0.612372435696,0.612372435696,0.5));
#7001 = PCURVE('',#4647,#7002);
#7002 = DEFINITIONAL_REPRESENTATION('',(#7003),#7007);
#7003 = LINE('',#7004,#7005);
#7004 = CARTESIAN_POINT('',(2.825,1.631014510461));
#7005 = VECTOR('',#7006,1.);
#7006 = DIRECTION('',(-0.866025403784,0.5));
#7007 = ( GEOMETRIC_REPRESENTATION_CONTEXT(2) 
PARAMETRIC_REPRESENTATION_CONTEXT() REPRESENTATION_CONTEXT('2D SPACE',''
  ) );
#7008 = PCURVE('',#4620,#7009);
#7009 = DEFINITIONAL_REPRESENTATION('',(#7010),#7014);
#7010 = LINE('',#7011,#7012);
#7011 = CARTESIAN_POINT('',(0.,0.));
#7012 = VECTOR('',#7013,1.);
#7013 = DIRECTION('',(1.,-1.110223024625E-16));
#7014 = ( GEOMETRIC_REPRESENTATION_CONTEXT(2) 
PARAMETRIC_REPRESENTATION_CONTEXT() REPRESENTATION_CONTEXT('2D SPACE',''
  ) );
#7015 = ORIENTED_EDGE('',*,*,#4632,.F.);
#7016 = ORIENTED_EDGE('',*,*,#6965,.T.);
#7017 = ORIENTED_EDGE('',*,*,#4866,.F.);
#7018 = ORIENTED_EDGE('',*,*,#6940,.T.);
#7019 = ADVANCED_FACE('',(#7020),#4620,.T.);
#7020 = FACE_BOUND('',#7021,.T.);
#7021 = EDGE_LOOP('',(#7022,#7023,#7024,#7025,#7044));
#7022 = ORIENTED_EDGE('',*,*,#6995,.F.);
#7023 = ORIENTED_EDGE('',*,*,#6753,.T.);
#7024 = ORIENTED_EDGE('',*,*,#6586,.T.);
#7025 = ORIENTED_EDGE('',*,*,#7026,.F.);
#7026 = EDGE_CURVE('',#4577,#6587,#7027,.T.);
#7027 = SURFACE_CURVE('',#7028,(#7032,#7038),.PCURVE_S1.);
#7028 = LINE('',#7029,#7030);
#7029 = CARTESIAN_POINT('',(-4.409761699009,-5.419022559484,17.8));
#7030 = VECTOR('',#7031,1.);
#7031 = DIRECTION('',(-0.707106781187,-0.707106781187,0.));
#7032 = PCURVE('',#4620,#7033);
#7033 = DEFINITIONAL_REPRESENTATION('',(#7034),#7037);
#7034 = B_SPLINE_CURVE_WITH_KNOTS('',1,(#7035,#7036),.UNSPECIFIED.,.F.,
  .F.,(2,2),(6.95,9.65),.PIECEWISE_BEZIER_KNOTS.);
#7035 = CARTESIAN_POINT('',(2.437970979079,0.));
#7036 = CARTESIAN_POINT('',(2.437970979079,-2.7));
#7037 = ( GEOMETRIC_REPRESENTATION_CONTEXT(2) 
PARAMETRIC_REPRESENTATION_CONTEXT() REPRESENTATION_CONTEXT('2D SPACE',''
  ) );
#7038 = PCURVE('',#731,#7039);
#7039 = DEFINITIONAL_REPRESENTATION('',(#7040),#7043);
#7040 = B_SPLINE_CURVE_WITH_KNOTS('',1,(#7041,#7042),.UNSPECIFIED.,.F.,
  .F.,(2,2),(6.95,9.65),.PIECEWISE_BEZIER_KNOTS.);
#7041 = CARTESIAN_POINT('',(-9.324153828255,-10.33341468873));
#7042 = CARTESIAN_POINT('',(-11.23334213745,-12.24260299793));
#7043 = ( GEOMETRIC_REPRESENTATION_CONTEXT(2) 
PARAMETRIC_REPRESENTATION_CONTEXT() REPRESENTATION_CONTEXT('2D SPACE',''
  ) );
#7044 = ORIENTED_EDGE('',*,*,#4600,.F.);
#7045 = ADVANCED_FACE('',(#7046),#4564,.T.);
#7046 = FACE_BOUND('',#7047,.T.);
#7047 = EDGE_LOOP('',(#7048,#7071,#7072,#7093,#7121));
#7048 = ORIENTED_EDGE('',*,*,#7049,.F.);
#7049 = EDGE_CURVE('',#4524,#7050,#7052,.T.);
#7050 = VERTEX_POINT('',#7051);
#7051 = CARTESIAN_POINT('',(7.831207601641,-11.82636091534,
    16.581014510461));
#7052 = SURFACE_CURVE('',#7053,(#7057,#7064),.PCURVE_S1.);
#7053 = LINE('',#7054,#7055);
#7054 = CARTESIAN_POINT('',(9.828784258493,-9.828784258493,
    18.212029020921));
#7055 = VECTOR('',#7056,1.);
#7056 = DIRECTION('',(-0.612372435696,-0.612372435696,-0.5));
#7057 = PCURVE('',#4564,#7058);
#7058 = DEFINITIONAL_REPRESENTATION('',(#7059),#7063);
#7059 = LINE('',#7060,#7061);
#7060 = CARTESIAN_POINT('',(-0.,0.));
#7061 = VECTOR('',#7062,1.);
#7062 = DIRECTION('',(1.,-8.326672684689E-17));
#7063 = ( GEOMETRIC_REPRESENTATION_CONTEXT(2) 
PARAMETRIC_REPRESENTATION_CONTEXT() REPRESENTATION_CONTEXT('2D SPACE',''
  ) );
#7064 = PCURVE('',#4304,#7065);
#7065 = DEFINITIONAL_REPRESENTATION('',(#7066),#7070);
#7066 = LINE('',#7067,#7068);
#7067 = CARTESIAN_POINT('',(0.,-3.262029020921));
#7068 = VECTOR('',#7069,1.);
#7069 = DIRECTION('',(0.866025403784,0.5));
#7070 = ( GEOMETRIC_REPRESENTATION_CONTEXT(2) 
PARAMETRIC_REPRESENTATION_CONTEXT() REPRESENTATION_CONTEXT('2D SPACE',''
  ) );
#7071 = ORIENTED_EDGE('',*,*,#4544,.F.);
#7072 = ORIENTED_EDGE('',*,*,#7073,.F.);
#7073 = EDGE_CURVE('',#7074,#4545,#7076,.T.);
#7074 = VERTEX_POINT('',#7075);
#7075 = CARTESIAN_POINT('',(11.233342137459,-12.24260299793,17.8));
#7076 = SURFACE_CURVE('',#7077,(#7081,#7087),.PCURVE_S1.);
#7077 = LINE('',#7078,#7079);
#7078 = CARTESIAN_POINT('',(4.409761699009,-5.419022559484,17.8));
#7079 = VECTOR('',#7080,1.);
#7080 = DIRECTION('',(-0.707106781187,0.707106781187,0.));
#7081 = PCURVE('',#4564,#7082);
#7082 = DEFINITIONAL_REPRESENTATION('',(#7083),#7086);
#7083 = B_SPLINE_CURVE_WITH_KNOTS('',1,(#7084,#7085),.UNSPECIFIED.,.F.,
  .F.,(2,2),(-9.65,-6.95),.PIECEWISE_BEZIER_KNOTS.);
#7084 = CARTESIAN_POINT('',(0.824058041843,-2.7));
#7085 = CARTESIAN_POINT('',(0.824058041843,0.));
#7086 = ( GEOMETRIC_REPRESENTATION_CONTEXT(2) 
PARAMETRIC_REPRESENTATION_CONTEXT() REPRESENTATION_CONTEXT('2D SPACE',''
  ) );
#7087 = PCURVE('',#731,#7088);
#7088 = DEFINITIONAL_REPRESENTATION('',(#7089),#7092);
#7089 = B_SPLINE_CURVE_WITH_KNOTS('',1,(#7090,#7091),.UNSPECIFIED.,.F.,
  .F.,(2,2),(-9.65,-6.95),.PIECEWISE_BEZIER_KNOTS.);
#7090 = CARTESIAN_POINT('',(11.233342137459,-12.24260299793));
#7091 = CARTESIAN_POINT('',(9.324153828255,-10.33341468873));
#7092 = ( GEOMETRIC_REPRESENTATION_CONTEXT(2) 
PARAMETRIC_REPRESENTATION_CONTEXT() REPRESENTATION_CONTEXT('2D SPACE',''
  ) );
#7093 = ORIENTED_EDGE('',*,*,#7094,.T.);
#7094 = EDGE_CURVE('',#7074,#7095,#7097,.T.);
#7095 = VERTEX_POINT('',#7096);
#7096 = CARTESIAN_POINT('',(9.740395910845,-13.73554922454,
    16.581014510461));
#7097 = SURFACE_CURVE('',#7098,(#7102,#7109),.PCURVE_S1.);
#7098 = LINE('',#7099,#7100);
#7099 = CARTESIAN_POINT('',(11.737972567697,-11.73797256769,
    18.212029020921));
#7100 = VECTOR('',#7101,1.);
#7101 = DIRECTION('',(-0.612372435696,-0.612372435696,-0.5));
#7102 = PCURVE('',#4564,#7103);
#7103 = DEFINITIONAL_REPRESENTATION('',(#7104),#7108);
#7104 = LINE('',#7105,#7106);
#7105 = CARTESIAN_POINT('',(-6.661338147751E-16,-2.7));
#7106 = VECTOR('',#7107,1.);
#7107 = DIRECTION('',(1.,-8.326672684689E-17));
#7108 = ( GEOMETRIC_REPRESENTATION_CONTEXT(2) 
PARAMETRIC_REPRESENTATION_CONTEXT() REPRESENTATION_CONTEXT('2D SPACE',''
  ) );
#7109 = PCURVE('',#7110,#7115);
#7110 = PLANE('',#7111);
#7111 = AXIS2_PLACEMENT_3D('',#7112,#7113,#7114);
#7112 = CARTESIAN_POINT('',(11.737972567697,-11.73797256769,14.95));
#7113 = DIRECTION('',(0.707106781187,-0.707106781187,-0.));
#7114 = DIRECTION('',(-0.707106781187,-0.707106781187,0.));
#7115 = DEFINITIONAL_REPRESENTATION('',(#7116),#7120);
#7116 = LINE('',#7117,#7118);
#7117 = CARTESIAN_POINT('',(0.,-3.262029020921));
#7118 = VECTOR('',#7119,1.);
#7119 = DIRECTION('',(0.866025403784,0.5));
#7120 = ( GEOMETRIC_REPRESENTATION_CONTEXT(2) 
PARAMETRIC_REPRESENTATION_CONTEXT() REPRESENTATION_CONTEXT('2D SPACE',''
  ) );
#7121 = ORIENTED_EDGE('',*,*,#7122,.F.);
#7122 = EDGE_CURVE('',#7050,#7095,#7123,.T.);
#7123 = SURFACE_CURVE('',#7124,(#7128,#7135),.PCURVE_S1.);
#7124 = LINE('',#7125,#7126);
#7125 = CARTESIAN_POINT('',(7.831207601641,-11.82636091534,
    16.581014510461));
#7126 = VECTOR('',#7127,1.);
#7127 = DIRECTION('',(0.707106781187,-0.707106781187,0.));
#7128 = PCURVE('',#4564,#7129);
#7129 = DEFINITIONAL_REPRESENTATION('',(#7130),#7134);
#7130 = LINE('',#7131,#7132);
#7131 = CARTESIAN_POINT('',(3.262029020921,3.535497166995E-16));
#7132 = VECTOR('',#7133,1.);
#7133 = DIRECTION('',(-1.110223024625E-16,-1.));
#7134 = ( GEOMETRIC_REPRESENTATION_CONTEXT(2) 
PARAMETRIC_REPRESENTATION_CONTEXT() REPRESENTATION_CONTEXT('2D SPACE',''
  ) );
#7135 = PCURVE('',#7136,#7141);
#7136 = PLANE('',#7137);
#7137 = AXIS2_PLACEMENT_3D('',#7138,#7139,#7140);
#7138 = CARTESIAN_POINT('',(7.831207601641,-11.82636091534,
    16.581014510461));
#7139 = DIRECTION('',(0.707106781187,0.707106781187,-4.084168537452E-16)
  );
#7140 = DIRECTION('',(-2.887943268341E-16,-2.887943268341E-16,-1.));
#7141 = DEFINITIONAL_REPRESENTATION('',(#7142),#7146);
#7142 = LINE('',#7143,#7144);
#7143 = CARTESIAN_POINT('',(-0.,0.));
#7144 = VECTOR('',#7145,1.);
#7145 = DIRECTION('',(0.,-1.));
#7146 = ( GEOMETRIC_REPRESENTATION_CONTEXT(2) 
PARAMETRIC_REPRESENTATION_CONTEXT() REPRESENTATION_CONTEXT('2D SPACE',''
  ) );
#7147 = ADVANCED_FACE('',(#7148,#7290),#7110,.F.);
#7148 = FACE_BOUND('',#7149,.F.);
#7149 = EDGE_LOOP('',(#7150,#7180,#7203,#7222,#7223,#7246,#7269));
#7150 = ORIENTED_EDGE('',*,*,#7151,.T.);
#7151 = EDGE_CURVE('',#7152,#7154,#7156,.T.);
#7152 = VERTEX_POINT('',#7153);
#7153 = CARTESIAN_POINT('',(13.735549224549,-9.740395910845,
    13.318985489539));
#7154 = VERTEX_POINT('',#7155);
#7155 = CARTESIAN_POINT('',(13.735549224549,-9.740395910845,
    16.581014510461));
#7156 = SURFACE_CURVE('',#7157,(#7161,#7168),.PCURVE_S1.);
#7157 = LINE('',#7158,#7159);
#7158 = CARTESIAN_POINT('',(13.735549224549,-9.740395910845,
    13.318985489539));
#7159 = VECTOR('',#7160,1.);
#7160 = DIRECTION('',(1.925295512227E-16,1.925295512227E-16,1.));
#7161 = PCURVE('',#7110,#7162);
#7162 = DEFINITIONAL_REPRESENTATION('',(#7163),#7167);
#7163 = LINE('',#7164,#7165);
#7164 = CARTESIAN_POINT('',(-2.825,1.631014510461));
#7165 = VECTOR('',#7166,1.);
#7166 = DIRECTION('',(-2.722779024968E-16,-1.));
#7167 = ( GEOMETRIC_REPRESENTATION_CONTEXT(2) 
PARAMETRIC_REPRESENTATION_CONTEXT() REPRESENTATION_CONTEXT('2D SPACE',''
  ) );
#7168 = PCURVE('',#7169,#7174);
#7169 = PLANE('',#7170);
#7170 = AXIS2_PLACEMENT_3D('',#7171,#7172,#7173);
#7171 = CARTESIAN_POINT('',(11.826360915345,-7.831207601641,
    13.318985489539));
#7172 = DIRECTION('',(-0.707106781187,-0.707106781187,2.722779024968E-16
    ));
#7173 = DIRECTION('',(1.925295512227E-16,1.925295512227E-16,1.));
#7174 = DEFINITIONAL_REPRESENTATION('',(#7175),#7179);
#7175 = LINE('',#7176,#7177);
#7176 = CARTESIAN_POINT('',(1.479114197289E-31,-2.7));
#7177 = VECTOR('',#7178,1.);
#7178 = DIRECTION('',(1.,0.));
#7179 = ( GEOMETRIC_REPRESENTATION_CONTEXT(2) 
PARAMETRIC_REPRESENTATION_CONTEXT() REPRESENTATION_CONTEXT('2D SPACE',''
  ) );
#7180 = ORIENTED_EDGE('',*,*,#7181,.T.);
#7181 = EDGE_CURVE('',#7154,#7182,#7184,.T.);
#7182 = VERTEX_POINT('',#7183);
#7183 = CARTESIAN_POINT('',(12.242602997935,-11.23334213745,17.8));
#7184 = SURFACE_CURVE('',#7185,(#7189,#7196),.PCURVE_S1.);
#7185 = LINE('',#7186,#7187);
#7186 = CARTESIAN_POINT('',(13.735549224549,-9.740395910845,
    16.581014510461));
#7187 = VECTOR('',#7188,1.);
#7188 = DIRECTION('',(-0.612372435696,-0.612372435696,0.5));
#7189 = PCURVE('',#7110,#7190);
#7190 = DEFINITIONAL_REPRESENTATION('',(#7191),#7195);
#7191 = LINE('',#7192,#7193);
#7192 = CARTESIAN_POINT('',(-2.825,-1.631014510461));
#7193 = VECTOR('',#7194,1.);
#7194 = DIRECTION('',(0.866025403784,-0.5));
#7195 = ( GEOMETRIC_REPRESENTATION_CONTEXT(2) 
PARAMETRIC_REPRESENTATION_CONTEXT() REPRESENTATION_CONTEXT('2D SPACE',''
  ) );
#7196 = PCURVE('',#4081,#7197);
#7197 = DEFINITIONAL_REPRESENTATION('',(#7198),#7202);
#7198 = LINE('',#7199,#7200);
#7199 = CARTESIAN_POINT('',(0.,-2.7));
#7200 = VECTOR('',#7201,1.);
#7201 = DIRECTION('',(1.,-4.163336342344E-17));
#7202 = ( GEOMETRIC_REPRESENTATION_CONTEXT(2) 
PARAMETRIC_REPRESENTATION_CONTEXT() REPRESENTATION_CONTEXT('2D SPACE',''
  ) );
#7203 = ORIENTED_EDGE('',*,*,#7204,.F.);
#7204 = EDGE_CURVE('',#7074,#7182,#7205,.T.);
#7205 = SURFACE_CURVE('',#7206,(#7210,#7216),.PCURVE_S1.);
#7206 = LINE('',#7207,#7208);
#7207 = CARTESIAN_POINT('',(11.737972567697,-11.73797256769,17.8));
#7208 = VECTOR('',#7209,1.);
#7209 = DIRECTION('',(0.707106781187,0.707106781187,-0.));
#7210 = PCURVE('',#7110,#7211);
#7211 = DEFINITIONAL_REPRESENTATION('',(#7212),#7215);
#7212 = B_SPLINE_CURVE_WITH_KNOTS('',1,(#7213,#7214),.UNSPECIFIED.,.F.,
  .F.,(2,2),(-2.825,2.825),.PIECEWISE_BEZIER_KNOTS.);
#7213 = CARTESIAN_POINT('',(2.825,-2.85));
#7214 = CARTESIAN_POINT('',(-2.825,-2.85));
#7215 = ( GEOMETRIC_REPRESENTATION_CONTEXT(2) 
PARAMETRIC_REPRESENTATION_CONTEXT() REPRESENTATION_CONTEXT('2D SPACE',''
  ) );
#7216 = PCURVE('',#731,#7217);
#7217 = DEFINITIONAL_REPRESENTATION('',(#7218),#7221);
#7218 = B_SPLINE_CURVE_WITH_KNOTS('',1,(#7219,#7220),.UNSPECIFIED.,.F.,
  .F.,(2,2),(-2.825,2.825),.PIECEWISE_BEZIER_KNOTS.);
#7219 = CARTESIAN_POINT('',(9.740395910845,-13.73554922454));
#7220 = CARTESIAN_POINT('',(13.735549224549,-9.740395910845));
#7221 = ( GEOMETRIC_REPRESENTATION_CONTEXT(2) 
PARAMETRIC_REPRESENTATION_CONTEXT() REPRESENTATION_CONTEXT('2D SPACE',''
  ) );
#7222 = ORIENTED_EDGE('',*,*,#7094,.T.);
#7223 = ORIENTED_EDGE('',*,*,#7224,.T.);
#7224 = EDGE_CURVE('',#7095,#7225,#7227,.T.);
#7225 = VERTEX_POINT('',#7226);
#7226 = CARTESIAN_POINT('',(9.740395910845,-13.73554922454,
    13.318985489539));
#7227 = SURFACE_CURVE('',#7228,(#7232,#7239),.PCURVE_S1.);
#7228 = LINE('',#7229,#7230);
#7229 = CARTESIAN_POINT('',(9.740395910845,-13.73554922454,
    16.581014510461));
#7230 = VECTOR('',#7231,1.);
#7231 = DIRECTION('',(-2.887943268341E-16,-2.887943268341E-16,-1.));
#7232 = PCURVE('',#7110,#7233);
#7233 = DEFINITIONAL_REPRESENTATION('',(#7234),#7238);
#7234 = LINE('',#7235,#7236);
#7235 = CARTESIAN_POINT('',(2.825,-1.631014510461));
#7236 = VECTOR('',#7237,1.);
#7237 = DIRECTION('',(4.084168537452E-16,1.));
#7238 = ( GEOMETRIC_REPRESENTATION_CONTEXT(2) 
PARAMETRIC_REPRESENTATION_CONTEXT() REPRESENTATION_CONTEXT('2D SPACE',''
  ) );
#7239 = PCURVE('',#7136,#7240);
#7240 = DEFINITIONAL_REPRESENTATION('',(#7241),#7245);
#7241 = LINE('',#7242,#7243);
#7242 = CARTESIAN_POINT('',(-2.958228394579E-31,-2.7));
#7243 = VECTOR('',#7244,1.);
#7244 = DIRECTION('',(1.,0.));
#7245 = ( GEOMETRIC_REPRESENTATION_CONTEXT(2) 
PARAMETRIC_REPRESENTATION_CONTEXT() REPRESENTATION_CONTEXT('2D SPACE',''
  ) );
#7246 = ORIENTED_EDGE('',*,*,#7247,.T.);
#7247 = EDGE_CURVE('',#7225,#7248,#7250,.T.);
#7248 = VERTEX_POINT('',#7249);
#7249 = CARTESIAN_POINT('',(11.737972567697,-11.73797256769,
    11.687970979079));
#7250 = SURFACE_CURVE('',#7251,(#7255,#7262),.PCURVE_S1.);
#7251 = LINE('',#7252,#7253);
#7252 = CARTESIAN_POINT('',(9.740395910845,-13.73554922454,
    13.318985489539));
#7253 = VECTOR('',#7254,1.);
#7254 = DIRECTION('',(0.612372435696,0.612372435696,-0.5));
#7255 = PCURVE('',#7110,#7256);
#7256 = DEFINITIONAL_REPRESENTATION('',(#7257),#7261);
#7257 = LINE('',#7258,#7259);
#7258 = CARTESIAN_POINT('',(2.825,1.631014510461));
#7259 = VECTOR('',#7260,1.);
#7260 = DIRECTION('',(-0.866025403784,0.5));
#7261 = ( GEOMETRIC_REPRESENTATION_CONTEXT(2) 
PARAMETRIC_REPRESENTATION_CONTEXT() REPRESENTATION_CONTEXT('2D SPACE',''
  ) );
#7262 = PCURVE('',#4277,#7263);
#7263 = DEFINITIONAL_REPRESENTATION('',(#7264),#7268);
#7264 = LINE('',#7265,#7266);
#7265 = CARTESIAN_POINT('',(4.440892098501E-16,-2.7));
#7266 = VECTOR('',#7267,1.);
#7267 = DIRECTION('',(1.,4.163336342344E-17));
#7268 = ( GEOMETRIC_REPRESENTATION_CONTEXT(2) 
PARAMETRIC_REPRESENTATION_CONTEXT() REPRESENTATION_CONTEXT('2D SPACE',''
  ) );
#7269 = ORIENTED_EDGE('',*,*,#7270,.T.);
#7270 = EDGE_CURVE('',#7248,#7152,#7271,.T.);
#7271 = SURFACE_CURVE('',#7272,(#7276,#7283),.PCURVE_S1.);
#7272 = LINE('',#7273,#7274);
#7273 = CARTESIAN_POINT('',(11.737972567697,-11.73797256769,
    11.687970979079));
#7274 = VECTOR('',#7275,1.);
#7275 = DIRECTION('',(0.612372435696,0.612372435696,0.5));
#7276 = PCURVE('',#7110,#7277);
#7277 = DEFINITIONAL_REPRESENTATION('',(#7278),#7282);
#7278 = LINE('',#7279,#7280);
#7279 = CARTESIAN_POINT('',(-0.,3.262029020921));
#7280 = VECTOR('',#7281,1.);
#7281 = DIRECTION('',(-0.866025403784,-0.5));
#7282 = ( GEOMETRIC_REPRESENTATION_CONTEXT(2) 
PARAMETRIC_REPRESENTATION_CONTEXT() REPRESENTATION_CONTEXT('2D SPACE',''
  ) );
#7283 = PCURVE('',#4245,#7284);
#7284 = DEFINITIONAL_REPRESENTATION('',(#7285),#7289);
#7285 = LINE('',#7286,#7287);
#7286 = CARTESIAN_POINT('',(4.440892098501E-16,-2.7));
#7287 = VECTOR('',#7288,1.);
#7288 = DIRECTION('',(1.,1.387778780781E-17));
#7289 = ( GEOMETRIC_REPRESENTATION_CONTEXT(2) 
PARAMETRIC_REPRESENTATION_CONTEXT() REPRESENTATION_CONTEXT('2D SPACE',''
  ) );
#7290 = FACE_BOUND('',#7291,.F.);
#7291 = EDGE_LOOP('',(#7292));
#7292 = ORIENTED_EDGE('',*,*,#7293,.T.);
#7293 = EDGE_CURVE('',#7294,#7294,#7296,.T.);
#7294 = VERTEX_POINT('',#7295);
#7295 = CARTESIAN_POINT('',(12.940054095714,-10.53589103968,14.95));
#7296 = SURFACE_CURVE('',#7297,(#7302,#7313),.PCURVE_S1.);
#7297 = CIRCLE('',#7298,1.7);
#7298 = AXIS2_PLACEMENT_3D('',#7299,#7300,#7301);
#7299 = CARTESIAN_POINT('',(11.737972567697,-11.73797256769,14.95));
#7300 = DIRECTION('',(-0.707106781187,0.707106781187,0.));
#7301 = DIRECTION('',(0.707106781187,0.707106781187,0.));
#7302 = PCURVE('',#7110,#7303);
#7303 = DEFINITIONAL_REPRESENTATION('',(#7304),#7312);
#7304 = ( BOUNDED_CURVE() B_SPLINE_CURVE(2,(#7305,#7306,#7307,#7308,
#7309,#7310,#7311),.UNSPECIFIED.,.T.,.F.) B_SPLINE_CURVE_WITH_KNOTS((1,2
    ,2,2,2,1),(-2.094395102393,0.,2.094395102393,4.188790204786,
6.28318530718,8.377580409573),.UNSPECIFIED.) CURVE() 
GEOMETRIC_REPRESENTATION_ITEM() RATIONAL_B_SPLINE_CURVE((1.,0.5,1.,0.5,
1.,0.5,1.)) REPRESENTATION_ITEM('') );
#7305 = CARTESIAN_POINT('',(-1.7,1.7763568394E-15));
#7306 = CARTESIAN_POINT('',(-1.7,2.944486372867));
#7307 = CARTESIAN_POINT('',(0.85,1.472243186434));
#7308 = CARTESIAN_POINT('',(3.4,2.19273675111E-15));
#7309 = CARTESIAN_POINT('',(0.85,-1.472243186434));
#7310 = CARTESIAN_POINT('',(-1.7,-2.944486372867));
#7311 = CARTESIAN_POINT('',(-1.7,1.7763568394E-15));
#7312 = ( GEOMETRIC_REPRESENTATION_CONTEXT(2) 
PARAMETRIC_REPRESENTATION_CONTEXT() REPRESENTATION_CONTEXT('2D SPACE',''
  ) );
#7313 = PCURVE('',#2625,#7314);
#7314 = DEFINITIONAL_REPRESENTATION('',(#7315),#7319);
#7315 = LINE('',#7316,#7317);
#7316 = CARTESIAN_POINT('',(0.,13.4));
#7317 = VECTOR('',#7318,1.);
#7318 = DIRECTION('',(1.,0.));
#7319 = ( GEOMETRIC_REPRESENTATION_CONTEXT(2) 
PARAMETRIC_REPRESENTATION_CONTEXT() REPRESENTATION_CONTEXT('2D SPACE',''
  ) );
#7320 = ADVANCED_FACE('',(#7321),#7169,.T.);
#7321 = FACE_BOUND('',#7322,.T.);
#7322 = EDGE_LOOP('',(#7323,#7346,#7347,#7370));
#7323 = ORIENTED_EDGE('',*,*,#7324,.T.);
#7324 = EDGE_CURVE('',#7325,#7152,#7327,.T.);
#7325 = VERTEX_POINT('',#7326);
#7326 = CARTESIAN_POINT('',(11.826360915345,-7.831207601641,
    13.318985489539));
#7327 = SURFACE_CURVE('',#7328,(#7332,#7339),.PCURVE_S1.);
#7328 = LINE('',#7329,#7330);
#7329 = CARTESIAN_POINT('',(11.826360915345,-7.831207601641,
    13.318985489539));
#7330 = VECTOR('',#7331,1.);
#7331 = DIRECTION('',(0.707106781187,-0.707106781187,0.));
#7332 = PCURVE('',#7169,#7333);
#7333 = DEFINITIONAL_REPRESENTATION('',(#7334),#7338);
#7334 = LINE('',#7335,#7336);
#7335 = CARTESIAN_POINT('',(0.,0.));
#7336 = VECTOR('',#7337,1.);
#7337 = DIRECTION('',(0.,-1.));
#7338 = ( GEOMETRIC_REPRESENTATION_CONTEXT(2) 
PARAMETRIC_REPRESENTATION_CONTEXT() REPRESENTATION_CONTEXT('2D SPACE',''
  ) );
#7339 = PCURVE('',#4245,#7340);
#7340 = DEFINITIONAL_REPRESENTATION('',(#7341),#7345);
#7341 = LINE('',#7342,#7343);
#7342 = CARTESIAN_POINT('',(3.262029020921,-3.988194632748E-16));
#7343 = VECTOR('',#7344,1.);
#7344 = DIRECTION('',(5.551115123126E-17,-1.));
#7345 = ( GEOMETRIC_REPRESENTATION_CONTEXT(2) 
PARAMETRIC_REPRESENTATION_CONTEXT() REPRESENTATION_CONTEXT('2D SPACE',''
  ) );
#7346 = ORIENTED_EDGE('',*,*,#7151,.T.);
#7347 = ORIENTED_EDGE('',*,*,#7348,.F.);
#7348 = EDGE_CURVE('',#7349,#7154,#7351,.T.);
#7349 = VERTEX_POINT('',#7350);
#7350 = CARTESIAN_POINT('',(11.826360915345,-7.831207601641,
    16.581014510461));
#7351 = SURFACE_CURVE('',#7352,(#7356,#7363),.PCURVE_S1.);
#7352 = LINE('',#7353,#7354);
#7353 = CARTESIAN_POINT('',(11.826360915345,-7.831207601641,
    16.581014510461));
#7354 = VECTOR('',#7355,1.);
#7355 = DIRECTION('',(0.707106781187,-0.707106781187,0.));
#7356 = PCURVE('',#7169,#7357);
#7357 = DEFINITIONAL_REPRESENTATION('',(#7358),#7362);
#7358 = LINE('',#7359,#7360);
#7359 = CARTESIAN_POINT('',(3.262029020921,6.280369834735E-16));
#7360 = VECTOR('',#7361,1.);
#7361 = DIRECTION('',(0.,-1.));
#7362 = ( GEOMETRIC_REPRESENTATION_CONTEXT(2) 
PARAMETRIC_REPRESENTATION_CONTEXT() REPRESENTATION_CONTEXT('2D SPACE',''
  ) );
#7363 = PCURVE('',#4081,#7364);
#7364 = DEFINITIONAL_REPRESENTATION('',(#7365),#7369);
#7365 = LINE('',#7366,#7367);
#7366 = CARTESIAN_POINT('',(0.,0.));
#7367 = VECTOR('',#7368,1.);
#7368 = DIRECTION('',(5.551115123126E-17,-1.));
#7369 = ( GEOMETRIC_REPRESENTATION_CONTEXT(2) 
PARAMETRIC_REPRESENTATION_CONTEXT() REPRESENTATION_CONTEXT('2D SPACE',''
  ) );
#7370 = ORIENTED_EDGE('',*,*,#7371,.F.);
#7371 = EDGE_CURVE('',#7325,#7349,#7372,.T.);
#7372 = SURFACE_CURVE('',#7373,(#7377,#7384),.PCURVE_S1.);
#7373 = LINE('',#7374,#7375);
#7374 = CARTESIAN_POINT('',(11.826360915345,-7.831207601641,
    13.318985489539));
#7375 = VECTOR('',#7376,1.);
#7376 = DIRECTION('',(1.925295512227E-16,1.925295512227E-16,1.));
#7377 = PCURVE('',#7169,#7378);
#7378 = DEFINITIONAL_REPRESENTATION('',(#7379),#7383);
#7379 = LINE('',#7380,#7381);
#7380 = CARTESIAN_POINT('',(0.,0.));
#7381 = VECTOR('',#7382,1.);
#7382 = DIRECTION('',(1.,0.));
#7383 = ( GEOMETRIC_REPRESENTATION_CONTEXT(2) 
PARAMETRIC_REPRESENTATION_CONTEXT() REPRESENTATION_CONTEXT('2D SPACE',''
  ) );
#7384 = PCURVE('',#4108,#7385);
#7385 = DEFINITIONAL_REPRESENTATION('',(#7386),#7390);
#7386 = LINE('',#7387,#7388);
#7387 = CARTESIAN_POINT('',(-2.825,1.631014510461));
#7388 = VECTOR('',#7389,1.);
#7389 = DIRECTION('',(-2.722779024968E-16,-1.));
#7390 = ( GEOMETRIC_REPRESENTATION_CONTEXT(2) 
PARAMETRIC_REPRESENTATION_CONTEXT() REPRESENTATION_CONTEXT('2D SPACE',''
  ) );
#7391 = ADVANCED_FACE('',(#7392),#7136,.T.);
#7392 = FACE_BOUND('',#7393,.T.);
#7393 = EDGE_LOOP('',(#7394,#7395,#7396,#7419));
#7394 = ORIENTED_EDGE('',*,*,#7122,.T.);
#7395 = ORIENTED_EDGE('',*,*,#7224,.T.);
#7396 = ORIENTED_EDGE('',*,*,#7397,.F.);
#7397 = EDGE_CURVE('',#7398,#7225,#7400,.T.);
#7398 = VERTEX_POINT('',#7399);
#7399 = CARTESIAN_POINT('',(7.831207601641,-11.82636091534,
    13.318985489539));
#7400 = SURFACE_CURVE('',#7401,(#7405,#7412),.PCURVE_S1.);
#7401 = LINE('',#7402,#7403);
#7402 = CARTESIAN_POINT('',(7.831207601641,-11.82636091534,
    13.318985489539));
#7403 = VECTOR('',#7404,1.);
#7404 = DIRECTION('',(0.707106781187,-0.707106781187,0.));
#7405 = PCURVE('',#7136,#7406);
#7406 = DEFINITIONAL_REPRESENTATION('',(#7407),#7411);
#7407 = LINE('',#7408,#7409);
#7408 = CARTESIAN_POINT('',(3.262029020921,-1.256073966947E-15));
#7409 = VECTOR('',#7410,1.);
#7410 = DIRECTION('',(0.,-1.));
#7411 = ( GEOMETRIC_REPRESENTATION_CONTEXT(2) 
PARAMETRIC_REPRESENTATION_CONTEXT() REPRESENTATION_CONTEXT('2D SPACE',''
  ) );
#7412 = PCURVE('',#4277,#7413);
#7413 = DEFINITIONAL_REPRESENTATION('',(#7414),#7418);
#7414 = LINE('',#7415,#7416);
#7415 = CARTESIAN_POINT('',(0.,0.));
#7416 = VECTOR('',#7417,1.);
#7417 = DIRECTION('',(-5.551115123126E-17,-1.));
#7418 = ( GEOMETRIC_REPRESENTATION_CONTEXT(2) 
PARAMETRIC_REPRESENTATION_CONTEXT() REPRESENTATION_CONTEXT('2D SPACE',''
  ) );
#7419 = ORIENTED_EDGE('',*,*,#7420,.F.);
#7420 = EDGE_CURVE('',#7050,#7398,#7421,.T.);
#7421 = SURFACE_CURVE('',#7422,(#7426,#7433),.PCURVE_S1.);
#7422 = LINE('',#7423,#7424);
#7423 = CARTESIAN_POINT('',(7.831207601641,-11.82636091534,
    16.581014510461));
#7424 = VECTOR('',#7425,1.);
#7425 = DIRECTION('',(-2.887943268341E-16,-2.887943268341E-16,-1.));
#7426 = PCURVE('',#7136,#7427);
#7427 = DEFINITIONAL_REPRESENTATION('',(#7428),#7432);
#7428 = LINE('',#7429,#7430);
#7429 = CARTESIAN_POINT('',(-0.,0.));
#7430 = VECTOR('',#7431,1.);
#7431 = DIRECTION('',(1.,0.));
#7432 = ( GEOMETRIC_REPRESENTATION_CONTEXT(2) 
PARAMETRIC_REPRESENTATION_CONTEXT() REPRESENTATION_CONTEXT('2D SPACE',''
  ) );
#7433 = PCURVE('',#4304,#7434);
#7434 = DEFINITIONAL_REPRESENTATION('',(#7435),#7439);
#7435 = LINE('',#7436,#7437);
#7436 = CARTESIAN_POINT('',(2.825,-1.631014510461));
#7437 = VECTOR('',#7438,1.);
#7438 = DIRECTION('',(4.084168537452E-16,1.));
#7439 = ( GEOMETRIC_REPRESENTATION_CONTEXT(2) 
PARAMETRIC_REPRESENTATION_CONTEXT() REPRESENTATION_CONTEXT('2D SPACE',''
  ) );
#7440 = ADVANCED_FACE('',(#7441),#4445,.F.);
#7441 = FACE_BOUND('',#7442,.F.);
#7442 = EDGE_LOOP('',(#7443,#7444));
#7443 = ORIENTED_EDGE('',*,*,#4315,.T.);
#7444 = ORIENTED_EDGE('',*,*,#7445,.T.);
#7445 = EDGE_CURVE('',#4290,#4316,#7446,.T.);
#7446 = SURFACE_CURVE('',#7447,(#7452,#7459),.PCURVE_S1.);
#7447 = CIRCLE('',#7448,1.7);
#7448 = AXIS2_PLACEMENT_3D('',#7449,#7450,#7451);
#7449 = CARTESIAN_POINT('',(9.828784258493,-9.828784258493,14.95));
#7450 = DIRECTION('',(-0.707106781187,0.707106781187,0.));
#7451 = DIRECTION('',(0.707106781187,0.707106781187,0.));
#7452 = PCURVE('',#4445,#7453);
#7453 = DEFINITIONAL_REPRESENTATION('',(#7454),#7458);
#7454 = LINE('',#7455,#7456);
#7455 = CARTESIAN_POINT('',(0.,16.1));
#7456 = VECTOR('',#7457,1.);
#7457 = DIRECTION('',(1.,0.));
#7458 = ( GEOMETRIC_REPRESENTATION_CONTEXT(2) 
PARAMETRIC_REPRESENTATION_CONTEXT() REPRESENTATION_CONTEXT('2D SPACE',''
  ) );
#7459 = PCURVE('',#4304,#7460);
#7460 = DEFINITIONAL_REPRESENTATION('',(#7461),#7469);
#7461 = ( BOUNDED_CURVE() B_SPLINE_CURVE(2,(#7462,#7463,#7464,#7465,
#7466,#7467,#7468),.UNSPECIFIED.,.T.,.F.) B_SPLINE_CURVE_WITH_KNOTS((1,2
    ,2,2,2,1),(-2.094395102393,0.,2.094395102393,4.188790204786,
6.28318530718,8.377580409573),.UNSPECIFIED.) CURVE() 
GEOMETRIC_REPRESENTATION_ITEM() RATIONAL_B_SPLINE_CURVE((1.,0.5,1.,0.5,
1.,0.5,1.)) REPRESENTATION_ITEM('') );
#7462 = CARTESIAN_POINT('',(-1.7,1.7763568394E-15));
#7463 = CARTESIAN_POINT('',(-1.7,2.944486372867));
#7464 = CARTESIAN_POINT('',(0.85,1.472243186434));
#7465 = CARTESIAN_POINT('',(3.4,2.19273675111E-15));
#7466 = CARTESIAN_POINT('',(0.85,-1.472243186434));
#7467 = CARTESIAN_POINT('',(-1.7,-2.944486372867));
#7468 = CARTESIAN_POINT('',(-1.7,1.7763568394E-15));
#7469 = ( GEOMETRIC_REPRESENTATION_CONTEXT(2) 
PARAMETRIC_REPRESENTATION_CONTEXT() REPRESENTATION_CONTEXT('2D SPACE',''
  ) );
#7470 = ADVANCED_FACE('',(#7471),#4304,.T.);
#7471 = FACE_BOUND('',#7472,.T.);
#7472 = EDGE_LOOP('',(#7473,#7474,#7475,#7476,#7497,#7498));
#7473 = ORIENTED_EDGE('',*,*,#4523,.T.);
#7474 = ORIENTED_EDGE('',*,*,#7049,.T.);
#7475 = ORIENTED_EDGE('',*,*,#7420,.T.);
#7476 = ORIENTED_EDGE('',*,*,#7477,.T.);
#7477 = EDGE_CURVE('',#7398,#4258,#7478,.T.);
#7478 = SURFACE_CURVE('',#7479,(#7483,#7490),.PCURVE_S1.);
#7479 = LINE('',#7480,#7481);
#7480 = CARTESIAN_POINT('',(7.831207601641,-11.82636091534,
    13.318985489539));
#7481 = VECTOR('',#7482,1.);
#7482 = DIRECTION('',(0.612372435696,0.612372435696,-0.5));
#7483 = PCURVE('',#4304,#7484);
#7484 = DEFINITIONAL_REPRESENTATION('',(#7485),#7489);
#7485 = LINE('',#7486,#7487);
#7486 = CARTESIAN_POINT('',(2.825,1.631014510461));
#7487 = VECTOR('',#7488,1.);
#7488 = DIRECTION('',(-0.866025403784,0.5));
#7489 = ( GEOMETRIC_REPRESENTATION_CONTEXT(2) 
PARAMETRIC_REPRESENTATION_CONTEXT() REPRESENTATION_CONTEXT('2D SPACE',''
  ) );
#7490 = PCURVE('',#4277,#7491);
#7491 = DEFINITIONAL_REPRESENTATION('',(#7492),#7496);
#7492 = LINE('',#7493,#7494);
#7493 = CARTESIAN_POINT('',(0.,0.));
#7494 = VECTOR('',#7495,1.);
#7495 = DIRECTION('',(1.,4.163336342344E-17));
#7496 = ( GEOMETRIC_REPRESENTATION_CONTEXT(2) 
PARAMETRIC_REPRESENTATION_CONTEXT() REPRESENTATION_CONTEXT('2D SPACE',''
  ) );
#7497 = ORIENTED_EDGE('',*,*,#4289,.T.);
#7498 = ORIENTED_EDGE('',*,*,#7445,.T.);
#7499 = ADVANCED_FACE('',(#7500),#4277,.T.);
#7500 = FACE_BOUND('',#7501,.T.);
#7501 = EDGE_LOOP('',(#7502,#7503,#7504,#7505,#7526));
#7502 = ORIENTED_EDGE('',*,*,#7477,.F.);
#7503 = ORIENTED_EDGE('',*,*,#7397,.T.);
#7504 = ORIENTED_EDGE('',*,*,#7247,.T.);
#7505 = ORIENTED_EDGE('',*,*,#7506,.F.);
#7506 = EDGE_CURVE('',#4226,#7248,#7507,.T.);
#7507 = SURFACE_CURVE('',#7508,(#7512,#7519),.PCURVE_S1.);
#7508 = LINE('',#7509,#7510);
#7509 = CARTESIAN_POINT('',(9.828784258493,-9.828784258493,
    11.687970979079));
#7510 = VECTOR('',#7511,1.);
#7511 = DIRECTION('',(0.707106781187,-0.707106781187,0.));
#7512 = PCURVE('',#4277,#7513);
#7513 = DEFINITIONAL_REPRESENTATION('',(#7514),#7518);
#7514 = LINE('',#7515,#7516);
#7515 = CARTESIAN_POINT('',(3.262029020921,6.208640681998E-16));
#7516 = VECTOR('',#7517,1.);
#7517 = DIRECTION('',(-5.551115123126E-17,-1.));
#7518 = ( GEOMETRIC_REPRESENTATION_CONTEXT(2) 
PARAMETRIC_REPRESENTATION_CONTEXT() REPRESENTATION_CONTEXT('2D SPACE',''
  ) );
#7519 = PCURVE('',#4245,#7520);
#7520 = DEFINITIONAL_REPRESENTATION('',(#7521),#7525);
#7521 = LINE('',#7522,#7523);
#7522 = CARTESIAN_POINT('',(0.,0.));
#7523 = VECTOR('',#7524,1.);
#7524 = DIRECTION('',(5.551115123126E-17,-1.));
#7525 = ( GEOMETRIC_REPRESENTATION_CONTEXT(2) 
PARAMETRIC_REPRESENTATION_CONTEXT() REPRESENTATION_CONTEXT('2D SPACE',''
  ) );
#7526 = ORIENTED_EDGE('',*,*,#4257,.F.);
#7527 = ADVANCED_FACE('',(#7528),#4245,.T.);
#7528 = FACE_BOUND('',#7529,.T.);
#7529 = EDGE_LOOP('',(#7530,#7531,#7532,#7533,#7534));
#7530 = ORIENTED_EDGE('',*,*,#4225,.F.);
#7531 = ORIENTED_EDGE('',*,*,#7506,.T.);
#7532 = ORIENTED_EDGE('',*,*,#7270,.T.);
#7533 = ORIENTED_EDGE('',*,*,#7324,.F.);
#7534 = ORIENTED_EDGE('',*,*,#7535,.F.);
#7535 = EDGE_CURVE('',#4205,#7325,#7536,.T.);
#7536 = SURFACE_CURVE('',#7537,(#7541,#7548),.PCURVE_S1.);
#7537 = LINE('',#7538,#7539);
#7538 = CARTESIAN_POINT('',(9.828784258493,-9.828784258493,
    11.687970979079));
#7539 = VECTOR('',#7540,1.);
#7540 = DIRECTION('',(0.612372435696,0.612372435696,0.5));
#7541 = PCURVE('',#4245,#7542);
#7542 = DEFINITIONAL_REPRESENTATION('',(#7543),#7547);
#7543 = LINE('',#7544,#7545);
#7544 = CARTESIAN_POINT('',(0.,0.));
#7545 = VECTOR('',#7546,1.);
#7546 = DIRECTION('',(1.,1.387778780781E-17));
#7547 = ( GEOMETRIC_REPRESENTATION_CONTEXT(2) 
PARAMETRIC_REPRESENTATION_CONTEXT() REPRESENTATION_CONTEXT('2D SPACE',''
  ) );
#7548 = PCURVE('',#4108,#7549);
#7549 = DEFINITIONAL_REPRESENTATION('',(#7550),#7554);
#7550 = LINE('',#7551,#7552);
#7551 = CARTESIAN_POINT('',(-0.,3.262029020921));
#7552 = VECTOR('',#7553,1.);
#7553 = DIRECTION('',(-0.866025403784,-0.5));
#7554 = ( GEOMETRIC_REPRESENTATION_CONTEXT(2) 
PARAMETRIC_REPRESENTATION_CONTEXT() REPRESENTATION_CONTEXT('2D SPACE',''
  ) );
#7555 = ADVANCED_FACE('',(#7556),#4170,.F.);
#7556 = FACE_BOUND('',#7557,.F.);
#7557 = EDGE_LOOP('',(#7558,#7559));
#7558 = ORIENTED_EDGE('',*,*,#4119,.T.);
#7559 = ORIENTED_EDGE('',*,*,#7560,.T.);
#7560 = EDGE_CURVE('',#4094,#4120,#7561,.T.);
#7561 = SURFACE_CURVE('',#7562,(#7567,#7574),.PCURVE_S1.);
#7562 = CIRCLE('',#7563,1.7);
#7563 = AXIS2_PLACEMENT_3D('',#7564,#7565,#7566);
#7564 = CARTESIAN_POINT('',(9.828784258493,-9.828784258493,14.95));
#7565 = DIRECTION('',(-0.707106781187,0.707106781187,1.998401444325E-14)
  );
#7566 = DIRECTION('',(0.694765401709,0.694765401709,0.186016325026));
#7567 = PCURVE('',#4170,#7568);
#7568 = DEFINITIONAL_REPRESENTATION('',(#7569),#7573);
#7569 = LINE('',#7570,#7571);
#7570 = CARTESIAN_POINT('',(6.096079167535,16.1));
#7571 = VECTOR('',#7572,1.);
#7572 = DIRECTION('',(1.,0.));
#7573 = ( GEOMETRIC_REPRESENTATION_CONTEXT(2) 
PARAMETRIC_REPRESENTATION_CONTEXT() REPRESENTATION_CONTEXT('2D SPACE',''
  ) );
#7574 = PCURVE('',#4108,#7575);
#7575 = DEFINITIONAL_REPRESENTATION('',(#7576),#7584);
#7576 = ( BOUNDED_CURVE() B_SPLINE_CURVE(2,(#7577,#7578,#7579,#7580,
#7581,#7582,#7583),.UNSPECIFIED.,.T.,.F.) B_SPLINE_CURVE_WITH_KNOTS((1,2
    ,2,2,2,1),(-2.094395102393,0.,2.094395102393,4.188790204786,
6.28318530718,8.377580409573),.UNSPECIFIED.) CURVE() 
GEOMETRIC_REPRESENTATION_ITEM() RATIONAL_B_SPLINE_CURVE((1.,0.5,1.,0.5,
1.,0.5,1.)) REPRESENTATION_ITEM('') );
#7577 = CARTESIAN_POINT('',(-1.6703293114,-0.316227752544));
#7578 = CARTESIAN_POINT('',(-2.21805184557,2.576867480171));
#7579 = CARTESIAN_POINT('',(0.561303388615,1.60466149263));
#7580 = CARTESIAN_POINT('',(3.340658622799,0.632455505089));
#7581 = CARTESIAN_POINT('',(1.109025922785,-1.288433740086));
#7582 = CARTESIAN_POINT('',(-1.122606777229,-3.20932298526));
#7583 = CARTESIAN_POINT('',(-1.6703293114,-0.316227752544));
#7584 = ( GEOMETRIC_REPRESENTATION_CONTEXT(2) 
PARAMETRIC_REPRESENTATION_CONTEXT() REPRESENTATION_CONTEXT('2D SPACE',''
  ) );
#7585 = ADVANCED_FACE('',(#7586),#4108,.T.);
#7586 = FACE_BOUND('',#7587,.T.);
#7587 = EDGE_LOOP('',(#7588,#7589,#7610,#7611,#7612,#7613));
#7588 = ORIENTED_EDGE('',*,*,#7371,.T.);
#7589 = ORIENTED_EDGE('',*,*,#7590,.T.);
#7590 = EDGE_CURVE('',#7349,#4062,#7591,.T.);
#7591 = SURFACE_CURVE('',#7592,(#7596,#7603),.PCURVE_S1.);
#7592 = LINE('',#7593,#7594);
#7593 = CARTESIAN_POINT('',(11.826360915345,-7.831207601641,
    16.581014510461));
#7594 = VECTOR('',#7595,1.);
#7595 = DIRECTION('',(-0.612372435696,-0.612372435696,0.5));
#7596 = PCURVE('',#4108,#7597);
#7597 = DEFINITIONAL_REPRESENTATION('',(#7598),#7602);
#7598 = LINE('',#7599,#7600);
#7599 = CARTESIAN_POINT('',(-2.825,-1.631014510461));
#7600 = VECTOR('',#7601,1.);
#7601 = DIRECTION('',(0.866025403784,-0.5));
#7602 = ( GEOMETRIC_REPRESENTATION_CONTEXT(2) 
PARAMETRIC_REPRESENTATION_CONTEXT() REPRESENTATION_CONTEXT('2D SPACE',''
  ) );
#7603 = PCURVE('',#4081,#7604);
#7604 = DEFINITIONAL_REPRESENTATION('',(#7605),#7609);
#7605 = LINE('',#7606,#7607);
#7606 = CARTESIAN_POINT('',(0.,0.));
#7607 = VECTOR('',#7608,1.);
#7608 = DIRECTION('',(1.,-4.163336342344E-17));
#7609 = ( GEOMETRIC_REPRESENTATION_CONTEXT(2) 
PARAMETRIC_REPRESENTATION_CONTEXT() REPRESENTATION_CONTEXT('2D SPACE',''
  ) );
#7610 = ORIENTED_EDGE('',*,*,#4093,.F.);
#7611 = ORIENTED_EDGE('',*,*,#7560,.T.);
#7612 = ORIENTED_EDGE('',*,*,#4204,.F.);
#7613 = ORIENTED_EDGE('',*,*,#7535,.T.);
#7614 = ADVANCED_FACE('',(#7615),#4081,.T.);
#7615 = FACE_BOUND('',#7616,.T.);
#7616 = EDGE_LOOP('',(#7617,#7618,#7619,#7620,#7639));
#7617 = ORIENTED_EDGE('',*,*,#7590,.F.);
#7618 = ORIENTED_EDGE('',*,*,#7348,.T.);
#7619 = ORIENTED_EDGE('',*,*,#7181,.T.);
#7620 = ORIENTED_EDGE('',*,*,#7621,.F.);
#7621 = EDGE_CURVE('',#4038,#7182,#7622,.T.);
#7622 = SURFACE_CURVE('',#7623,(#7627,#7633),.PCURVE_S1.);
#7623 = LINE('',#7624,#7625);
#7624 = CARTESIAN_POINT('',(5.419022559484,-4.409761699009,17.8));
#7625 = VECTOR('',#7626,1.);
#7626 = DIRECTION('',(0.707106781187,-0.707106781187,0.));
#7627 = PCURVE('',#4081,#7628);
#7628 = DEFINITIONAL_REPRESENTATION('',(#7629),#7632);
#7629 = B_SPLINE_CURVE_WITH_KNOTS('',1,(#7630,#7631),.UNSPECIFIED.,.F.,
  .F.,(2,2),(6.95,9.65),.PIECEWISE_BEZIER_KNOTS.);
#7630 = CARTESIAN_POINT('',(2.437970979079,0.));
#7631 = CARTESIAN_POINT('',(2.437970979079,-2.7));
#7632 = ( GEOMETRIC_REPRESENTATION_CONTEXT(2) 
PARAMETRIC_REPRESENTATION_CONTEXT() REPRESENTATION_CONTEXT('2D SPACE',''
  ) );
#7633 = PCURVE('',#731,#7634);
#7634 = DEFINITIONAL_REPRESENTATION('',(#7635),#7638);
#7635 = B_SPLINE_CURVE_WITH_KNOTS('',1,(#7636,#7637),.UNSPECIFIED.,.F.,
  .F.,(2,2),(6.95,9.65),.PIECEWISE_BEZIER_KNOTS.);
#7636 = CARTESIAN_POINT('',(10.333414688731,-9.324153828255));
#7637 = CARTESIAN_POINT('',(12.242602997935,-11.23334213745));
#7638 = ( GEOMETRIC_REPRESENTATION_CONTEXT(2) 
PARAMETRIC_REPRESENTATION_CONTEXT() REPRESENTATION_CONTEXT('2D SPACE',''
  ) );
#7639 = ORIENTED_EDGE('',*,*,#4061,.F.);
#7640 = ADVANCED_FACE('',(#7641),#3619,.T.);
#7641 = FACE_BOUND('',#7642,.T.);
#7642 = EDGE_LOOP('',(#7643,#7644,#7665,#7666,#7667));
#7643 = ORIENTED_EDGE('',*,*,#6428,.F.);
#7644 = ORIENTED_EDGE('',*,*,#7645,.T.);
#7645 = EDGE_CURVE('',#6406,#3576,#7646,.T.);
#7646 = SURFACE_CURVE('',#7647,(#7651,#7658),.PCURVE_S1.);
#7647 = LINE('',#7648,#7649);
#7648 = CARTESIAN_POINT('',(-7.831207601641,11.826360915345,
    13.318985489539));
#7649 = VECTOR('',#7650,1.);
#7650 = DIRECTION('',(-0.707106781187,0.707106781187,0.));
#7651 = PCURVE('',#3619,#7652);
#7652 = DEFINITIONAL_REPRESENTATION('',(#7653),#7657);
#7653 = LINE('',#7654,#7655);
#7654 = CARTESIAN_POINT('',(-0.,0.));
#7655 = VECTOR('',#7656,1.);
#7656 = DIRECTION('',(0.,-1.));
#7657 = ( GEOMETRIC_REPRESENTATION_CONTEXT(2) 
PARAMETRIC_REPRESENTATION_CONTEXT() REPRESENTATION_CONTEXT('2D SPACE',''
  ) );
#7658 = PCURVE('',#3591,#7659);
#7659 = DEFINITIONAL_REPRESENTATION('',(#7660),#7664);
#7660 = LINE('',#7661,#7662);
#7661 = CARTESIAN_POINT('',(3.262029020921,-6.280369834735E-16));
#7662 = VECTOR('',#7663,1.);
#7663 = DIRECTION('',(0.,-1.));
#7664 = ( GEOMETRIC_REPRESENTATION_CONTEXT(2) 
PARAMETRIC_REPRESENTATION_CONTEXT() REPRESENTATION_CONTEXT('2D SPACE',''
  ) );
#7665 = ORIENTED_EDGE('',*,*,#3603,.T.);
#7666 = ORIENTED_EDGE('',*,*,#3697,.F.);
#7667 = ORIENTED_EDGE('',*,*,#5168,.F.);
#7668 = ADVANCED_FACE('',(#7669),#3591,.T.);
#7669 = FACE_BOUND('',#7670,.T.);
#7670 = EDGE_LOOP('',(#7671,#7692,#7693,#7694));
#7671 = ORIENTED_EDGE('',*,*,#7672,.T.);
#7672 = EDGE_CURVE('',#6383,#3548,#7673,.T.);
#7673 = SURFACE_CURVE('',#7674,(#7678,#7685),.PCURVE_S1.);
#7674 = LINE('',#7675,#7676);
#7675 = CARTESIAN_POINT('',(-7.831207601641,11.826360915345,
    16.581014510461));
#7676 = VECTOR('',#7677,1.);
#7677 = DIRECTION('',(-0.707106781187,0.707106781187,0.));
#7678 = PCURVE('',#3591,#7679);
#7679 = DEFINITIONAL_REPRESENTATION('',(#7680),#7684);
#7680 = LINE('',#7681,#7682);
#7681 = CARTESIAN_POINT('',(0.,0.));
#7682 = VECTOR('',#7683,1.);
#7683 = DIRECTION('',(0.,-1.));
#7684 = ( GEOMETRIC_REPRESENTATION_CONTEXT(2) 
PARAMETRIC_REPRESENTATION_CONTEXT() REPRESENTATION_CONTEXT('2D SPACE',''
  ) );
#7685 = PCURVE('',#3563,#7686);
#7686 = DEFINITIONAL_REPRESENTATION('',(#7687),#7691);
#7687 = LINE('',#7688,#7689);
#7688 = CARTESIAN_POINT('',(3.262029020921,3.988194632748E-16));
#7689 = VECTOR('',#7690,1.);
#7690 = DIRECTION('',(0.,-1.));
#7691 = ( GEOMETRIC_REPRESENTATION_CONTEXT(2) 
PARAMETRIC_REPRESENTATION_CONTEXT() REPRESENTATION_CONTEXT('2D SPACE',''
  ) );
#7692 = ORIENTED_EDGE('',*,*,#3575,.T.);
#7693 = ORIENTED_EDGE('',*,*,#7645,.F.);
#7694 = ORIENTED_EDGE('',*,*,#6405,.F.);
#7695 = ADVANCED_FACE('',(#7696),#3563,.T.);
#7696 = FACE_BOUND('',#7697,.T.);
#7697 = EDGE_LOOP('',(#7698,#7699,#7700,#7719,#7720));
#7698 = ORIENTED_EDGE('',*,*,#6382,.F.);
#7699 = ORIENTED_EDGE('',*,*,#5327,.F.);
#7700 = ORIENTED_EDGE('',*,*,#7701,.F.);
#7701 = EDGE_CURVE('',#3527,#5328,#7702,.T.);
#7702 = SURFACE_CURVE('',#7703,(#7707,#7713),.PCURVE_S1.);
#7703 = LINE('',#7704,#7705);
#7704 = CARTESIAN_POINT('',(-4.409761699009,5.419022559484,17.8));
#7705 = VECTOR('',#7706,1.);
#7706 = DIRECTION('',(0.707106781187,-0.707106781187,0.));
#7707 = PCURVE('',#3563,#7708);
#7708 = DEFINITIONAL_REPRESENTATION('',(#7709),#7712);
#7709 = B_SPLINE_CURVE_WITH_KNOTS('',1,(#7710,#7711),.UNSPECIFIED.,.F.,
  .F.,(2,2),(-9.65,-6.95),.PIECEWISE_BEZIER_KNOTS.);
#7710 = CARTESIAN_POINT('',(0.824058041843,-2.7));
#7711 = CARTESIAN_POINT('',(0.824058041843,0.));
#7712 = ( GEOMETRIC_REPRESENTATION_CONTEXT(2) 
PARAMETRIC_REPRESENTATION_CONTEXT() REPRESENTATION_CONTEXT('2D SPACE',''
  ) );
#7713 = PCURVE('',#731,#7714);
#7714 = DEFINITIONAL_REPRESENTATION('',(#7715),#7718);
#7715 = B_SPLINE_CURVE_WITH_KNOTS('',1,(#7716,#7717),.UNSPECIFIED.,.F.,
  .F.,(2,2),(-9.65,-6.95),.PIECEWISE_BEZIER_KNOTS.);
#7716 = CARTESIAN_POINT('',(-11.23334213745,12.242602997935));
#7717 = CARTESIAN_POINT('',(-9.324153828255,10.333414688731));
#7718 = ( GEOMETRIC_REPRESENTATION_CONTEXT(2) 
PARAMETRIC_REPRESENTATION_CONTEXT() REPRESENTATION_CONTEXT('2D SPACE',''
  ) );
#7719 = ORIENTED_EDGE('',*,*,#3547,.T.);
#7720 = ORIENTED_EDGE('',*,*,#7672,.F.);
#7721 = ADVANCED_FACE('',(#7722),#3514,.T.);
#7722 = FACE_BOUND('',#7723,.T.);
#7723 = EDGE_LOOP('',(#7724,#7725,#7746,#7747,#7766));
#7724 = ORIENTED_EDGE('',*,*,#3794,.F.);
#7725 = ORIENTED_EDGE('',*,*,#7726,.T.);
#7726 = EDGE_CURVE('',#3772,#3471,#7727,.T.);
#7727 = SURFACE_CURVE('',#7728,(#7732,#7739),.PCURVE_S1.);
#7728 = LINE('',#7729,#7730);
#7729 = CARTESIAN_POINT('',(-11.82636091534,7.831207601641,
    16.581014510461));
#7730 = VECTOR('',#7731,1.);
#7731 = DIRECTION('',(-0.707106781187,0.707106781187,0.));
#7732 = PCURVE('',#3514,#7733);
#7733 = DEFINITIONAL_REPRESENTATION('',(#7734),#7738);
#7734 = LINE('',#7735,#7736);
#7735 = CARTESIAN_POINT('',(0.,0.));
#7736 = VECTOR('',#7737,1.);
#7737 = DIRECTION('',(-5.551115123126E-17,-1.));
#7738 = ( GEOMETRIC_REPRESENTATION_CONTEXT(2) 
PARAMETRIC_REPRESENTATION_CONTEXT() REPRESENTATION_CONTEXT('2D SPACE',''
  ) );
#7739 = PCURVE('',#3486,#7740);
#7740 = DEFINITIONAL_REPRESENTATION('',(#7741),#7745);
#7741 = LINE('',#7742,#7743);
#7742 = CARTESIAN_POINT('',(3.262029020921,6.280369834735E-16));
#7743 = VECTOR('',#7744,1.);
#7744 = DIRECTION('',(0.,-1.));
#7745 = ( GEOMETRIC_REPRESENTATION_CONTEXT(2) 
PARAMETRIC_REPRESENTATION_CONTEXT() REPRESENTATION_CONTEXT('2D SPACE',''
  ) );
#7746 = ORIENTED_EDGE('',*,*,#3498,.T.);
#7747 = ORIENTED_EDGE('',*,*,#7748,.F.);
#7748 = EDGE_CURVE('',#5116,#3499,#7749,.T.);
#7749 = SURFACE_CURVE('',#7750,(#7754,#7760),.PCURVE_S1.);
#7750 = LINE('',#7751,#7752);
#7751 = CARTESIAN_POINT('',(-5.419022559484,4.409761699009,17.8));
#7752 = VECTOR('',#7753,1.);
#7753 = DIRECTION('',(-0.707106781187,0.707106781187,0.));
#7754 = PCURVE('',#3514,#7755);
#7755 = DEFINITIONAL_REPRESENTATION('',(#7756),#7759);
#7756 = B_SPLINE_CURVE_WITH_KNOTS('',1,(#7757,#7758),.UNSPECIFIED.,.F.,
  .F.,(2,2),(6.95,9.65),.PIECEWISE_BEZIER_KNOTS.);
#7757 = CARTESIAN_POINT('',(2.437970979079,0.));
#7758 = CARTESIAN_POINT('',(2.437970979079,-2.7));
#7759 = ( GEOMETRIC_REPRESENTATION_CONTEXT(2) 
PARAMETRIC_REPRESENTATION_CONTEXT() REPRESENTATION_CONTEXT('2D SPACE',''
  ) );
#7760 = PCURVE('',#731,#7761);
#7761 = DEFINITIONAL_REPRESENTATION('',(#7762),#7765);
#7762 = B_SPLINE_CURVE_WITH_KNOTS('',1,(#7763,#7764),.UNSPECIFIED.,.F.,
  .F.,(2,2),(6.95,9.65),.PIECEWISE_BEZIER_KNOTS.);
#7763 = CARTESIAN_POINT('',(-10.33341468873,9.324153828255));
#7764 = CARTESIAN_POINT('',(-12.24260299793,11.233342137459));
#7765 = ( GEOMETRIC_REPRESENTATION_CONTEXT(2) 
PARAMETRIC_REPRESENTATION_CONTEXT() REPRESENTATION_CONTEXT('2D SPACE',''
  ) );
#7766 = ORIENTED_EDGE('',*,*,#5139,.F.);
#7767 = ADVANCED_FACE('',(#7768),#3486,.T.);
#7768 = FACE_BOUND('',#7769,.T.);
#7769 = EDGE_LOOP('',(#7770,#7771,#7772,#7773));
#7770 = ORIENTED_EDGE('',*,*,#3719,.T.);
#7771 = ORIENTED_EDGE('',*,*,#3468,.T.);
#7772 = ORIENTED_EDGE('',*,*,#7726,.F.);
#7773 = ORIENTED_EDGE('',*,*,#3771,.F.);
#7774 = ADVANCED_FACE('',(#7775),#2985,.T.);
#7775 = FACE_BOUND('',#7776,.F.);
#7776 = EDGE_LOOP('',(#7777));
#7777 = ORIENTED_EDGE('',*,*,#2705,.T.);
#7778 = ADVANCED_FACE('',(#7779),#2625,.F.);
#7779 = FACE_BOUND('',#7780,.F.);
#7780 = EDGE_LOOP('',(#7781,#7782,#7803,#7804));
#7781 = ORIENTED_EDGE('',*,*,#2502,.T.);
#7782 = ORIENTED_EDGE('',*,*,#7783,.T.);
#7783 = EDGE_CURVE('',#2503,#7294,#7784,.T.);
#7784 = SEAM_CURVE('',#7785,(#7789,#7796),.PCURVE_S1.);
#7785 = LINE('',#7786,#7787);
#7786 = CARTESIAN_POINT('',(22.415284963614,-20.01112190757,14.95));
#7787 = VECTOR('',#7788,1.);
#7788 = DIRECTION('',(-0.707106781187,0.707106781187,0.));
#7789 = PCURVE('',#2625,#7790);
#7790 = DEFINITIONAL_REPRESENTATION('',(#7791),#7795);
#7791 = LINE('',#7792,#7793);
#7792 = CARTESIAN_POINT('',(0.,-0.));
#7793 = VECTOR('',#7794,1.);
#7794 = DIRECTION('',(0.,1.));
#7795 = ( GEOMETRIC_REPRESENTATION_CONTEXT(2) 
PARAMETRIC_REPRESENTATION_CONTEXT() REPRESENTATION_CONTEXT('2D SPACE',''
  ) );
#7796 = PCURVE('',#2625,#7797);
#7797 = DEFINITIONAL_REPRESENTATION('',(#7798),#7802);
#7798 = LINE('',#7799,#7800);
#7799 = CARTESIAN_POINT('',(6.28318530718,-0.));
#7800 = VECTOR('',#7801,1.);
#7801 = DIRECTION('',(0.,1.));
#7802 = ( GEOMETRIC_REPRESENTATION_CONTEXT(2) 
PARAMETRIC_REPRESENTATION_CONTEXT() REPRESENTATION_CONTEXT('2D SPACE',''
  ) );
#7803 = ORIENTED_EDGE('',*,*,#7293,.F.);
#7804 = ORIENTED_EDGE('',*,*,#7783,.F.);
#7805 = ADVANCED_FACE('',(#7806),#2422,.F.);
#7806 = FACE_BOUND('',#7807,.F.);
#7807 = EDGE_LOOP('',(#7808,#7829,#7830,#7831));
#7808 = ORIENTED_EDGE('',*,*,#7809,.T.);
#7809 = EDGE_CURVE('',#6009,#2300,#7810,.T.);
#7810 = SEAM_CURVE('',#7811,(#7815,#7822),.PCURVE_S1.);
#7811 = LINE('',#7812,#7813);
#7812 = CARTESIAN_POINT('',(-22.41528496361,-20.01112190757,14.95));
#7813 = VECTOR('',#7814,1.);
#7814 = DIRECTION('',(0.707106781187,0.707106781187,0.));
#7815 = PCURVE('',#2422,#7816);
#7816 = DEFINITIONAL_REPRESENTATION('',(#7817),#7821);
#7817 = LINE('',#7818,#7819);
#7818 = CARTESIAN_POINT('',(6.28318530718,-0.));
#7819 = VECTOR('',#7820,1.);
#7820 = DIRECTION('',(0.,1.));
#7821 = ( GEOMETRIC_REPRESENTATION_CONTEXT(2) 
PARAMETRIC_REPRESENTATION_CONTEXT() REPRESENTATION_CONTEXT('2D SPACE',''
  ) );
#7822 = PCURVE('',#2422,#7823);
#7823 = DEFINITIONAL_REPRESENTATION('',(#7824),#7828);
#7824 = LINE('',#7825,#7826);
#7825 = CARTESIAN_POINT('',(0.,-0.));
#7826 = VECTOR('',#7827,1.);
#7827 = DIRECTION('',(0.,1.));
#7828 = ( GEOMETRIC_REPRESENTATION_CONTEXT(2) 
PARAMETRIC_REPRESENTATION_CONTEXT() REPRESENTATION_CONTEXT('2D SPACE',''
  ) );
#7829 = ORIENTED_EDGE('',*,*,#2299,.T.);
#7830 = ORIENTED_EDGE('',*,*,#7809,.F.);
#7831 = ORIENTED_EDGE('',*,*,#6008,.T.);
#7832 = ADVANCED_FACE('',(#7833),#2106,.T.);
#7833 = FACE_BOUND('',#7834,.F.);
#7834 = EDGE_LOOP('',(#7835));
#7835 = ORIENTED_EDGE('',*,*,#1784,.T.);
#7836 = ADVANCED_FACE('',(#7837),#1704,.F.);
#7837 = FACE_BOUND('',#7838,.F.);
#7838 = EDGE_LOOP('',(#7839,#7840,#7861,#7862));
#7839 = ORIENTED_EDGE('',*,*,#1581,.T.);
#7840 = ORIENTED_EDGE('',*,*,#7841,.T.);
#7841 = EDGE_CURVE('',#1582,#6699,#7842,.T.);
#7842 = SEAM_CURVE('',#7843,(#7847,#7854),.PCURVE_S1.);
#7843 = LINE('',#7844,#7845);
#7844 = CARTESIAN_POINT('',(-22.41528496361,-20.01112190757,14.95));
#7845 = VECTOR('',#7846,1.);
#7846 = DIRECTION('',(0.707106781187,0.707106781187,0.));
#7847 = PCURVE('',#1704,#7848);
#7848 = DEFINITIONAL_REPRESENTATION('',(#7849),#7853);
#7849 = LINE('',#7850,#7851);
#7850 = CARTESIAN_POINT('',(0.,-0.));
#7851 = VECTOR('',#7852,1.);
#7852 = DIRECTION('',(0.,1.));
#7853 = ( GEOMETRIC_REPRESENTATION_CONTEXT(2) 
PARAMETRIC_REPRESENTATION_CONTEXT() REPRESENTATION_CONTEXT('2D SPACE',''
  ) );
#7854 = PCURVE('',#1704,#7855);
#7855 = DEFINITIONAL_REPRESENTATION('',(#7856),#7860);
#7856 = LINE('',#7857,#7858);
#7857 = CARTESIAN_POINT('',(6.28318530718,-0.));
#7858 = VECTOR('',#7859,1.);
#7859 = DIRECTION('',(0.,1.));
#7860 = ( GEOMETRIC_REPRESENTATION_CONTEXT(2) 
PARAMETRIC_REPRESENTATION_CONTEXT() REPRESENTATION_CONTEXT('2D SPACE',''
  ) );
#7861 = ORIENTED_EDGE('',*,*,#6698,.F.);
#7862 = ORIENTED_EDGE('',*,*,#7841,.F.);
#7863 = ADVANCED_FACE('',(#7864),#1361,.T.);
#7864 = FACE_BOUND('',#7865,.F.);
#7865 = EDGE_LOOP('',(#7866));
#7866 = ORIENTED_EDGE('',*,*,#1039,.T.);
#7867 = ADVANCED_FACE('',(#7868,#7871),#731,.T.);
#7868 = FACE_BOUND('',#7869,.T.);
#7869 = EDGE_LOOP('',(#7870));
#7870 = ORIENTED_EDGE('',*,*,#716,.T.);
#7871 = FACE_BOUND('',#7872,.T.);
#7872 = EDGE_LOOP('',(#7873,#7874,#7875,#7876,#7877,#7878,#7879,#7880,
    #7881,#7882,#7883,#7884,#7885,#7886,#7887,#7888,#7889));
#7873 = ORIENTED_EDGE('',*,*,#3965,.F.);
#7874 = ORIENTED_EDGE('',*,*,#4037,.F.);
#7875 = ORIENTED_EDGE('',*,*,#7621,.T.);
#7876 = ORIENTED_EDGE('',*,*,#7204,.F.);
#7877 = ORIENTED_EDGE('',*,*,#7073,.T.);
#7878 = ORIENTED_EDGE('',*,*,#4576,.F.);
#7879 = ORIENTED_EDGE('',*,*,#7026,.T.);
#7880 = ORIENTED_EDGE('',*,*,#6609,.F.);
#7881 = ORIENTED_EDGE('',*,*,#6478,.T.);
#7882 = ORIENTED_EDGE('',*,*,#5115,.F.);
#7883 = ORIENTED_EDGE('',*,*,#7748,.T.);
#7884 = ORIENTED_EDGE('',*,*,#3526,.F.);
#7885 = ORIENTED_EDGE('',*,*,#7701,.T.);
#7886 = ORIENTED_EDGE('',*,*,#5354,.F.);
#7887 = ORIENTED_EDGE('',*,*,#6328,.T.);
#7888 = ORIENTED_EDGE('',*,*,#5919,.F.);
#7889 = ORIENTED_EDGE('',*,*,#5788,.T.);
#7890 = ADVANCED_FACE('',(#7891),#556,.T.);
#7891 = FACE_BOUND('',#7892,.F.);
#7892 = EDGE_LOOP('',(#7893,#7894));
#7893 = ORIENTED_EDGE('',*,*,#408,.F.);
#7894 = ORIENTED_EDGE('',*,*,#744,.F.);
#7895 = ADVANCED_FACE('',(#7896),#191,.F.);
#7896 = FACE_BOUND('',#7897,.F.);
#7897 = EDGE_LOOP('',(#7898,#7899,#7922,#7949));
#7898 = ORIENTED_EDGE('',*,*,#174,.F.);
#7899 = ORIENTED_EDGE('',*,*,#7900,.F.);
#7900 = EDGE_CURVE('',#7901,#175,#7903,.T.);
#7901 = VERTEX_POINT('',#7902);
#7902 = CARTESIAN_POINT('',(-12.42766952966,17.677669529664,5.));
#7903 = SEAM_CURVE('',#7904,(#7908,#7915),.PCURVE_S1.);
#7904 = LINE('',#7905,#7906);
#7905 = CARTESIAN_POINT('',(-12.42766952966,17.677669529664,5.));
#7906 = VECTOR('',#7907,1.);
#7907 = DIRECTION('',(0.,0.,1.));
#7908 = PCURVE('',#191,#7909);
#7909 = DEFINITIONAL_REPRESENTATION('',(#7910),#7914);
#7910 = LINE('',#7911,#7912);
#7911 = CARTESIAN_POINT('',(0.,-0.));
#7912 = VECTOR('',#7913,1.);
#7913 = DIRECTION('',(0.,1.));
#7914 = ( GEOMETRIC_REPRESENTATION_CONTEXT(2) 
PARAMETRIC_REPRESENTATION_CONTEXT() REPRESENTATION_CONTEXT('2D SPACE',''
  ) );
#7915 = PCURVE('',#191,#7916);
#7916 = DEFINITIONAL_REPRESENTATION('',(#7917),#7921);
#7917 = LINE('',#7918,#7919);
#7918 = CARTESIAN_POINT('',(6.28318530718,-0.));
#7919 = VECTOR('',#7920,1.);
#7920 = DIRECTION('',(0.,1.));
#7921 = ( GEOMETRIC_REPRESENTATION_CONTEXT(2) 
PARAMETRIC_REPRESENTATION_CONTEXT() REPRESENTATION_CONTEXT('2D SPACE',''
  ) );
#7922 = ORIENTED_EDGE('',*,*,#7923,.T.);
#7923 = EDGE_CURVE('',#7901,#7901,#7924,.T.);
#7924 = SURFACE_CURVE('',#7925,(#7930,#7937),.PCURVE_S1.);
#7925 = CIRCLE('',#7926,5.25);
#7926 = AXIS2_PLACEMENT_3D('',#7927,#7928,#7929);
#7927 = CARTESIAN_POINT('',(-17.67766952966,17.677669529664,5.));
#7928 = DIRECTION('',(0.,0.,1.));
#7929 = DIRECTION('',(1.,0.,-0.));
#7930 = PCURVE('',#191,#7931);
#7931 = DEFINITIONAL_REPRESENTATION('',(#7932),#7936);
#7932 = LINE('',#7933,#7934);
#7933 = CARTESIAN_POINT('',(0.,0.));
#7934 = VECTOR('',#7935,1.);
#7935 = DIRECTION('',(1.,0.));
#7936 = ( GEOMETRIC_REPRESENTATION_CONTEXT(2) 
PARAMETRIC_REPRESENTATION_CONTEXT() REPRESENTATION_CONTEXT('2D SPACE',''
  ) );
#7937 = PCURVE('',#7938,#7943);
#7938 = PLANE('',#7939);
#7939 = AXIS2_PLACEMENT_3D('',#7940,#7941,#7942);
#7940 = CARTESIAN_POINT('',(-17.67766952966,17.677669529664,5.));
#7941 = DIRECTION('',(0.,0.,1.));
#7942 = DIRECTION('',(1.,0.,-0.));
#7943 = DEFINITIONAL_REPRESENTATION('',(#7944),#7948);
#7944 = CIRCLE('',#7945,5.25);
#7945 = AXIS2_PLACEMENT_2D('',#7946,#7947);
#7946 = CARTESIAN_POINT('',(0.,0.));
#7947 = DIRECTION('',(1.,0.));
#7948 = ( GEOMETRIC_REPRESENTATION_CONTEXT(2) 
PARAMETRIC_REPRESENTATION_CONTEXT() REPRESENTATION_CONTEXT('2D SPACE',''
  ) );
#7949 = ORIENTED_EDGE('',*,*,#7900,.T.);
#7950 = ADVANCED_FACE('',(#7951,#7954),#7938,.T.);
#7951 = FACE_BOUND('',#7952,.T.);
#7952 = EDGE_LOOP('',(#7953));
#7953 = ORIENTED_EDGE('',*,*,#7923,.T.);
#7954 = FACE_BOUND('',#7955,.T.);
#7955 = EDGE_LOOP('',(#7956));
#7956 = ORIENTED_EDGE('',*,*,#7957,.F.);
#7957 = EDGE_CURVE('',#7958,#7958,#7960,.T.);
#7958 = VERTEX_POINT('',#7959);
#7959 = CARTESIAN_POINT('',(-14.37766952966,17.677669529664,5.));
#7960 = SURFACE_CURVE('',#7961,(#7966,#7973),.PCURVE_S1.);
#7961 = CIRCLE('',#7962,3.3);
#7962 = AXIS2_PLACEMENT_3D('',#7963,#7964,#7965);
#7963 = CARTESIAN_POINT('',(-17.67766952966,17.677669529664,5.));
#7964 = DIRECTION('',(0.,0.,1.));
#7965 = DIRECTION('',(1.,0.,-0.));
#7966 = PCURVE('',#7938,#7967);
#7967 = DEFINITIONAL_REPRESENTATION('',(#7968),#7972);
#7968 = CIRCLE('',#7969,3.3);
#7969 = AXIS2_PLACEMENT_2D('',#7970,#7971);
#7970 = CARTESIAN_POINT('',(0.,0.));
#7971 = DIRECTION('',(1.,0.));
#7972 = ( GEOMETRIC_REPRESENTATION_CONTEXT(2) 
PARAMETRIC_REPRESENTATION_CONTEXT() REPRESENTATION_CONTEXT('2D SPACE',''
  ) );
#7973 = PCURVE('',#7974,#7979);
#7974 = CYLINDRICAL_SURFACE('',#7975,3.3);
#7975 = AXIS2_PLACEMENT_3D('',#7976,#7977,#7978);
#7976 = CARTESIAN_POINT('',(-17.67766952966,17.677669529664,-1.));
#7977 = DIRECTION('',(0.,0.,1.));
#7978 = DIRECTION('',(1.,0.,-0.));
#7979 = DEFINITIONAL_REPRESENTATION('',(#7980),#7984);
#7980 = LINE('',#7981,#7982);
#7981 = CARTESIAN_POINT('',(0.,6.));
#7982 = VECTOR('',#7983,1.);
#7983 = DIRECTION('',(1.,0.));
#7984 = ( GEOMETRIC_REPRESENTATION_CONTEXT(2) 
PARAMETRIC_REPRESENTATION_CONTEXT() REPRESENTATION_CONTEXT('2D SPACE',''
  ) );
#7985 = ADVANCED_FACE('',(#7986),#7974,.F.);
#7986 = FACE_BOUND('',#7987,.F.);
#7987 = EDGE_LOOP('',(#7988,#7989,#8012,#8034));
#7988 = ORIENTED_EDGE('',*,*,#7957,.F.);
#7989 = ORIENTED_EDGE('',*,*,#7990,.F.);
#7990 = EDGE_CURVE('',#7991,#7958,#7993,.T.);
#7991 = VERTEX_POINT('',#7992);
#7992 = CARTESIAN_POINT('',(-14.37766952966,17.677669529664,0.));
#7993 = SEAM_CURVE('',#7994,(#7998,#8005),.PCURVE_S1.);
#7994 = LINE('',#7995,#7996);
#7995 = CARTESIAN_POINT('',(-14.37766952966,17.677669529664,-1.));
#7996 = VECTOR('',#7997,1.);
#7997 = DIRECTION('',(0.,0.,1.));
#7998 = PCURVE('',#7974,#7999);
#7999 = DEFINITIONAL_REPRESENTATION('',(#8000),#8004);
#8000 = LINE('',#8001,#8002);
#8001 = CARTESIAN_POINT('',(0.,-0.));
#8002 = VECTOR('',#8003,1.);
#8003 = DIRECTION('',(0.,1.));
#8004 = ( GEOMETRIC_REPRESENTATION_CONTEXT(2) 
PARAMETRIC_REPRESENTATION_CONTEXT() REPRESENTATION_CONTEXT('2D SPACE',''
  ) );
#8005 = PCURVE('',#7974,#8006);
#8006 = DEFINITIONAL_REPRESENTATION('',(#8007),#8011);
#8007 = LINE('',#8008,#8009);
#8008 = CARTESIAN_POINT('',(6.28318530718,-0.));
#8009 = VECTOR('',#8010,1.);
#8010 = DIRECTION('',(0.,1.));
#8011 = ( GEOMETRIC_REPRESENTATION_CONTEXT(2) 
PARAMETRIC_REPRESENTATION_CONTEXT() REPRESENTATION_CONTEXT('2D SPACE',''
  ) );
#8012 = ORIENTED_EDGE('',*,*,#8013,.T.);
#8013 = EDGE_CURVE('',#7991,#7991,#8014,.T.);
#8014 = SURFACE_CURVE('',#8015,(#8020,#8027),.PCURVE_S1.);
#8015 = CIRCLE('',#8016,3.3);
#8016 = AXIS2_PLACEMENT_3D('',#8017,#8018,#8019);
#8017 = CARTESIAN_POINT('',(-17.67766952966,17.677669529664,0.));
#8018 = DIRECTION('',(0.,0.,1.));
#8019 = DIRECTION('',(1.,0.,-0.));
#8020 = PCURVE('',#7974,#8021);
#8021 = DEFINITIONAL_REPRESENTATION('',(#8022),#8026);
#8022 = LINE('',#8023,#8024);
#8023 = CARTESIAN_POINT('',(0.,1.));
#8024 = VECTOR('',#8025,1.);
#8025 = DIRECTION('',(1.,0.));
#8026 = ( GEOMETRIC_REPRESENTATION_CONTEXT(2) 
PARAMETRIC_REPRESENTATION_CONTEXT() REPRESENTATION_CONTEXT('2D SPACE',''
  ) );
#8027 = PCURVE('',#43,#8028);
#8028 = DEFINITIONAL_REPRESENTATION('',(#8029),#8033);
#8029 = CIRCLE('',#8030,3.3);
#8030 = AXIS2_PLACEMENT_2D('',#8031,#8032);
#8031 = CARTESIAN_POINT('',(-17.67766952966,17.677669529664));
#8032 = DIRECTION('',(1.,0.));
#8033 = ( GEOMETRIC_REPRESENTATION_CONTEXT(2) 
PARAMETRIC_REPRESENTATION_CONTEXT() REPRESENTATION_CONTEXT('2D SPACE',''
  ) );
#8034 = ORIENTED_EDGE('',*,*,#7990,.T.);
#8035 = ADVANCED_FACE('',(#8036),#160,.F.);
#8036 = FACE_BOUND('',#8037,.F.);
#8037 = EDGE_LOOP('',(#8038,#8039,#8062,#8089));
#8038 = ORIENTED_EDGE('',*,*,#143,.F.);
#8039 = ORIENTED_EDGE('',*,*,#8040,.F.);
#8040 = EDGE_CURVE('',#8041,#144,#8043,.T.);
#8041 = VERTEX_POINT('',#8042);
#8042 = CARTESIAN_POINT('',(22.927669529664,-17.67766952966,5.));
#8043 = SEAM_CURVE('',#8044,(#8048,#8055),.PCURVE_S1.);
#8044 = LINE('',#8045,#8046);
#8045 = CARTESIAN_POINT('',(22.927669529664,-17.67766952966,5.));
#8046 = VECTOR('',#8047,1.);
#8047 = DIRECTION('',(0.,0.,1.));
#8048 = PCURVE('',#160,#8049);
#8049 = DEFINITIONAL_REPRESENTATION('',(#8050),#8054);
#8050 = LINE('',#8051,#8052);
#8051 = CARTESIAN_POINT('',(0.,-0.));
#8052 = VECTOR('',#8053,1.);
#8053 = DIRECTION('',(0.,1.));
#8054 = ( GEOMETRIC_REPRESENTATION_CONTEXT(2) 
PARAMETRIC_REPRESENTATION_CONTEXT() REPRESENTATION_CONTEXT('2D SPACE',''
  ) );
#8055 = PCURVE('',#160,#8056);
#8056 = DEFINITIONAL_REPRESENTATION('',(#8057),#8061);
#8057 = LINE('',#8058,#8059);
#8058 = CARTESIAN_POINT('',(6.28318530718,-0.));
#8059 = VECTOR('',#8060,1.);
#8060 = DIRECTION('',(0.,1.));
#8061 = ( GEOMETRIC_REPRESENTATION_CONTEXT(2) 
PARAMETRIC_REPRESENTATION_CONTEXT() REPRESENTATION_CONTEXT('2D SPACE',''
  ) );
#8062 = ORIENTED_EDGE('',*,*,#8063,.T.);
#8063 = EDGE_CURVE('',#8041,#8041,#8064,.T.);
#8064 = SURFACE_CURVE('',#8065,(#8070,#8077),.PCURVE_S1.);
#8065 = CIRCLE('',#8066,5.25);
#8066 = AXIS2_PLACEMENT_3D('',#8067,#8068,#8069);
#8067 = CARTESIAN_POINT('',(17.677669529664,-17.67766952966,5.));
#8068 = DIRECTION('',(0.,0.,1.));
#8069 = DIRECTION('',(1.,0.,-0.));
#8070 = PCURVE('',#160,#8071);
#8071 = DEFINITIONAL_REPRESENTATION('',(#8072),#8076);
#8072 = LINE('',#8073,#8074);
#8073 = CARTESIAN_POINT('',(0.,0.));
#8074 = VECTOR('',#8075,1.);
#8075 = DIRECTION('',(1.,0.));
#8076 = ( GEOMETRIC_REPRESENTATION_CONTEXT(2) 
PARAMETRIC_REPRESENTATION_CONTEXT() REPRESENTATION_CONTEXT('2D SPACE',''
  ) );
#8077 = PCURVE('',#8078,#8083);
#8078 = PLANE('',#8079);
#8079 = AXIS2_PLACEMENT_3D('',#8080,#8081,#8082);
#8080 = CARTESIAN_POINT('',(17.677669529664,-17.67766952966,5.));
#8081 = DIRECTION('',(0.,0.,1.));
#8082 = DIRECTION('',(1.,0.,-0.));
#8083 = DEFINITIONAL_REPRESENTATION('',(#8084),#8088);
#8084 = CIRCLE('',#8085,5.25);
#8085 = AXIS2_PLACEMENT_2D('',#8086,#8087);
#8086 = CARTESIAN_POINT('',(0.,0.));
#8087 = DIRECTION('',(1.,0.));
#8088 = ( GEOMETRIC_REPRESENTATION_CONTEXT(2) 
PARAMETRIC_REPRESENTATION_CONTEXT() REPRESENTATION_CONTEXT('2D SPACE',''
  ) );
#8089 = ORIENTED_EDGE('',*,*,#8040,.T.);
#8090 = ADVANCED_FACE('',(#8091,#8094),#8078,.T.);
#8091 = FACE_BOUND('',#8092,.T.);
#8092 = EDGE_LOOP('',(#8093));
#8093 = ORIENTED_EDGE('',*,*,#8063,.T.);
#8094 = FACE_BOUND('',#8095,.T.);
#8095 = EDGE_LOOP('',(#8096));
#8096 = ORIENTED_EDGE('',*,*,#8097,.F.);
#8097 = EDGE_CURVE('',#8098,#8098,#8100,.T.);
#8098 = VERTEX_POINT('',#8099);
#8099 = CARTESIAN_POINT('',(20.977669529664,-17.67766952966,5.));
#8100 = SURFACE_CURVE('',#8101,(#8106,#8113),.PCURVE_S1.);
#8101 = CIRCLE('',#8102,3.3);
#8102 = AXIS2_PLACEMENT_3D('',#8103,#8104,#8105);
#8103 = CARTESIAN_POINT('',(17.677669529664,-17.67766952966,5.));
#8104 = DIRECTION('',(0.,0.,1.));
#8105 = DIRECTION('',(1.,0.,-0.));
#8106 = PCURVE('',#8078,#8107);
#8107 = DEFINITIONAL_REPRESENTATION('',(#8108),#8112);
#8108 = CIRCLE('',#8109,3.3);
#8109 = AXIS2_PLACEMENT_2D('',#8110,#8111);
#8110 = CARTESIAN_POINT('',(0.,0.));
#8111 = DIRECTION('',(1.,0.));
#8112 = ( GEOMETRIC_REPRESENTATION_CONTEXT(2) 
PARAMETRIC_REPRESENTATION_CONTEXT() REPRESENTATION_CONTEXT('2D SPACE',''
  ) );
#8113 = PCURVE('',#8114,#8119);
#8114 = CYLINDRICAL_SURFACE('',#8115,3.3);
#8115 = AXIS2_PLACEMENT_3D('',#8116,#8117,#8118);
#8116 = CARTESIAN_POINT('',(17.677669529664,-17.67766952966,-1.));
#8117 = DIRECTION('',(0.,0.,1.));
#8118 = DIRECTION('',(1.,0.,-0.));
#8119 = DEFINITIONAL_REPRESENTATION('',(#8120),#8124);
#8120 = LINE('',#8121,#8122);
#8121 = CARTESIAN_POINT('',(0.,6.));
#8122 = VECTOR('',#8123,1.);
#8123 = DIRECTION('',(1.,0.));
#8124 = ( GEOMETRIC_REPRESENTATION_CONTEXT(2) 
PARAMETRIC_REPRESENTATION_CONTEXT() REPRESENTATION_CONTEXT('2D SPACE',''
  ) );
#8125 = ADVANCED_FACE('',(#8126),#8114,.F.);
#8126 = FACE_BOUND('',#8127,.F.);
#8127 = EDGE_LOOP('',(#8128,#8129,#8152,#8174));
#8128 = ORIENTED_EDGE('',*,*,#8097,.F.);
#8129 = ORIENTED_EDGE('',*,*,#8130,.F.);
#8130 = EDGE_CURVE('',#8131,#8098,#8133,.T.);
#8131 = VERTEX_POINT('',#8132);
#8132 = CARTESIAN_POINT('',(20.977669529664,-17.67766952966,0.));
#8133 = SEAM_CURVE('',#8134,(#8138,#8145),.PCURVE_S1.);
#8134 = LINE('',#8135,#8136);
#8135 = CARTESIAN_POINT('',(20.977669529664,-17.67766952966,-1.));
#8136 = VECTOR('',#8137,1.);
#8137 = DIRECTION('',(0.,0.,1.));
#8138 = PCURVE('',#8114,#8139);
#8139 = DEFINITIONAL_REPRESENTATION('',(#8140),#8144);
#8140 = LINE('',#8141,#8142);
#8141 = CARTESIAN_POINT('',(0.,-0.));
#8142 = VECTOR('',#8143,1.);
#8143 = DIRECTION('',(0.,1.));
#8144 = ( GEOMETRIC_REPRESENTATION_CONTEXT(2) 
PARAMETRIC_REPRESENTATION_CONTEXT() REPRESENTATION_CONTEXT('2D SPACE',''
  ) );
#8145 = PCURVE('',#8114,#8146);
#8146 = DEFINITIONAL_REPRESENTATION('',(#8147),#8151);
#8147 = LINE('',#8148,#8149);
#8148 = CARTESIAN_POINT('',(6.28318530718,-0.));
#8149 = VECTOR('',#8150,1.);
#8150 = DIRECTION('',(0.,1.));
#8151 = ( GEOMETRIC_REPRESENTATION_CONTEXT(2) 
PARAMETRIC_REPRESENTATION_CONTEXT() REPRESENTATION_CONTEXT('2D SPACE',''
  ) );
#8152 = ORIENTED_EDGE('',*,*,#8153,.T.);
#8153 = EDGE_CURVE('',#8131,#8131,#8154,.T.);
#8154 = SURFACE_CURVE('',#8155,(#8160,#8167),.PCURVE_S1.);
#8155 = CIRCLE('',#8156,3.3);
#8156 = AXIS2_PLACEMENT_3D('',#8157,#8158,#8159);
#8157 = CARTESIAN_POINT('',(17.677669529664,-17.67766952966,0.));
#8158 = DIRECTION('',(0.,0.,1.));
#8159 = DIRECTION('',(1.,0.,-0.));
#8160 = PCURVE('',#8114,#8161);
#8161 = DEFINITIONAL_REPRESENTATION('',(#8162),#8166);
#8162 = LINE('',#8163,#8164);
#8163 = CARTESIAN_POINT('',(0.,1.));
#8164 = VECTOR('',#8165,1.);
#8165 = DIRECTION('',(1.,0.));
#8166 = ( GEOMETRIC_REPRESENTATION_CONTEXT(2) 
PARAMETRIC_REPRESENTATION_CONTEXT() REPRESENTATION_CONTEXT('2D SPACE',''
  ) );
#8167 = PCURVE('',#43,#8168);
#8168 = DEFINITIONAL_REPRESENTATION('',(#8169),#8173);
#8169 = CIRCLE('',#8170,3.3);
#8170 = AXIS2_PLACEMENT_2D('',#8171,#8172);
#8171 = CARTESIAN_POINT('',(17.677669529664,-17.67766952966));
#8172 = DIRECTION('',(1.,0.));
#8173 = ( GEOMETRIC_REPRESENTATION_CONTEXT(2) 
PARAMETRIC_REPRESENTATION_CONTEXT() REPRESENTATION_CONTEXT('2D SPACE',''
  ) );
#8174 = ORIENTED_EDGE('',*,*,#8130,.T.);
#8175 = ADVANCED_FACE('',(#8176),#129,.F.);
#8176 = FACE_BOUND('',#8177,.F.);
#8177 = EDGE_LOOP('',(#8178,#8179,#8202,#8229));
#8178 = ORIENTED_EDGE('',*,*,#112,.F.);
#8179 = ORIENTED_EDGE('',*,*,#8180,.F.);
#8180 = EDGE_CURVE('',#8181,#113,#8183,.T.);
#8181 = VERTEX_POINT('',#8182);
#8182 = CARTESIAN_POINT('',(-12.42766952966,-17.67766952966,5.));
#8183 = SEAM_CURVE('',#8184,(#8188,#8195),.PCURVE_S1.);
#8184 = LINE('',#8185,#8186);
#8185 = CARTESIAN_POINT('',(-12.42766952966,-17.67766952966,5.));
#8186 = VECTOR('',#8187,1.);
#8187 = DIRECTION('',(0.,0.,1.));
#8188 = PCURVE('',#129,#8189);
#8189 = DEFINITIONAL_REPRESENTATION('',(#8190),#8194);
#8190 = LINE('',#8191,#8192);
#8191 = CARTESIAN_POINT('',(0.,-0.));
#8192 = VECTOR('',#8193,1.);
#8193 = DIRECTION('',(0.,1.));
#8194 = ( GEOMETRIC_REPRESENTATION_CONTEXT(2) 
PARAMETRIC_REPRESENTATION_CONTEXT() REPRESENTATION_CONTEXT('2D SPACE',''
  ) );
#8195 = PCURVE('',#129,#8196);
#8196 = DEFINITIONAL_REPRESENTATION('',(#8197),#8201);
#8197 = LINE('',#8198,#8199);
#8198 = CARTESIAN_POINT('',(6.28318530718,-0.));
#8199 = VECTOR('',#8200,1.);
#8200 = DIRECTION('',(0.,1.));
#8201 = ( GEOMETRIC_REPRESENTATION_CONTEXT(2) 
PARAMETRIC_REPRESENTATION_CONTEXT() REPRESENTATION_CONTEXT('2D SPACE',''
  ) );
#8202 = ORIENTED_EDGE('',*,*,#8203,.T.);
#8203 = EDGE_CURVE('',#8181,#8181,#8204,.T.);
#8204 = SURFACE_CURVE('',#8205,(#8210,#8217),.PCURVE_S1.);
#8205 = CIRCLE('',#8206,5.25);
#8206 = AXIS2_PLACEMENT_3D('',#8207,#8208,#8209);
#8207 = CARTESIAN_POINT('',(-17.67766952966,-17.67766952966,5.));
#8208 = DIRECTION('',(0.,0.,1.));
#8209 = DIRECTION('',(1.,0.,-0.));
#8210 = PCURVE('',#129,#8211);
#8211 = DEFINITIONAL_REPRESENTATION('',(#8212),#8216);
#8212 = LINE('',#8213,#8214);
#8213 = CARTESIAN_POINT('',(0.,0.));
#8214 = VECTOR('',#8215,1.);
#8215 = DIRECTION('',(1.,0.));
#8216 = ( GEOMETRIC_REPRESENTATION_CONTEXT(2) 
PARAMETRIC_REPRESENTATION_CONTEXT() REPRESENTATION_CONTEXT('2D SPACE',''
  ) );
#8217 = PCURVE('',#8218,#8223);
#8218 = PLANE('',#8219);
#8219 = AXIS2_PLACEMENT_3D('',#8220,#8221,#8222);
#8220 = CARTESIAN_POINT('',(-17.67766952966,-17.67766952966,5.));
#8221 = DIRECTION('',(0.,0.,1.));
#8222 = DIRECTION('',(1.,0.,-0.));
#8223 = DEFINITIONAL_REPRESENTATION('',(#8224),#8228);
#8224 = CIRCLE('',#8225,5.25);
#8225 = AXIS2_PLACEMENT_2D('',#8226,#8227);
#8226 = CARTESIAN_POINT('',(0.,0.));
#8227 = DIRECTION('',(1.,0.));
#8228 = ( GEOMETRIC_REPRESENTATION_CONTEXT(2) 
PARAMETRIC_REPRESENTATION_CONTEXT() REPRESENTATION_CONTEXT('2D SPACE',''
  ) );
#8229 = ORIENTED_EDGE('',*,*,#8180,.T.);
#8230 = ADVANCED_FACE('',(#8231,#8234),#8218,.T.);
#8231 = FACE_BOUND('',#8232,.T.);
#8232 = EDGE_LOOP('',(#8233));
#8233 = ORIENTED_EDGE('',*,*,#8203,.T.);
#8234 = FACE_BOUND('',#8235,.T.);
#8235 = EDGE_LOOP('',(#8236));
#8236 = ORIENTED_EDGE('',*,*,#8237,.F.);
#8237 = EDGE_CURVE('',#8238,#8238,#8240,.T.);
#8238 = VERTEX_POINT('',#8239);
#8239 = CARTESIAN_POINT('',(-14.37766952966,-17.67766952966,5.));
#8240 = SURFACE_CURVE('',#8241,(#8246,#8253),.PCURVE_S1.);
#8241 = CIRCLE('',#8242,3.3);
#8242 = AXIS2_PLACEMENT_3D('',#8243,#8244,#8245);
#8243 = CARTESIAN_POINT('',(-17.67766952966,-17.67766952966,5.));
#8244 = DIRECTION('',(0.,0.,1.));
#8245 = DIRECTION('',(1.,0.,-0.));
#8246 = PCURVE('',#8218,#8247);
#8247 = DEFINITIONAL_REPRESENTATION('',(#8248),#8252);
#8248 = CIRCLE('',#8249,3.3);
#8249 = AXIS2_PLACEMENT_2D('',#8250,#8251);
#8250 = CARTESIAN_POINT('',(0.,0.));
#8251 = DIRECTION('',(1.,0.));
#8252 = ( GEOMETRIC_REPRESENTATION_CONTEXT(2) 
PARAMETRIC_REPRESENTATION_CONTEXT() REPRESENTATION_CONTEXT('2D SPACE',''
  ) );
#8253 = PCURVE('',#8254,#8259);
#8254 = CYLINDRICAL_SURFACE('',#8255,3.3);
#8255 = AXIS2_PLACEMENT_3D('',#8256,#8257,#8258);
#8256 = CARTESIAN_POINT('',(-17.67766952966,-17.67766952966,-1.));
#8257 = DIRECTION('',(0.,0.,1.));
#8258 = DIRECTION('',(1.,0.,-0.));
#8259 = DEFINITIONAL_REPRESENTATION('',(#8260),#8264);
#8260 = LINE('',#8261,#8262);
#8261 = CARTESIAN_POINT('',(0.,6.));
#8262 = VECTOR('',#8263,1.);
#8263 = DIRECTION('',(1.,0.));
#8264 = ( GEOMETRIC_REPRESENTATION_CONTEXT(2) 
PARAMETRIC_REPRESENTATION_CONTEXT() REPRESENTATION_CONTEXT('2D SPACE',''
  ) );
#8265 = ADVANCED_FACE('',(#8266),#8254,.F.);
#8266 = FACE_BOUND('',#8267,.F.);
#8267 = EDGE_LOOP('',(#8268,#8269,#8292,#8314));
#8268 = ORIENTED_EDGE('',*,*,#8237,.F.);
#8269 = ORIENTED_EDGE('',*,*,#8270,.F.);
#8270 = EDGE_CURVE('',#8271,#8238,#8273,.T.);
#8271 = VERTEX_POINT('',#8272);
#8272 = CARTESIAN_POINT('',(-14.37766952966,-17.67766952966,0.));
#8273 = SEAM_CURVE('',#8274,(#8278,#8285),.PCURVE_S1.);
#8274 = LINE('',#8275,#8276);
#8275 = CARTESIAN_POINT('',(-14.37766952966,-17.67766952966,-1.));
#8276 = VECTOR('',#8277,1.);
#8277 = DIRECTION('',(0.,0.,1.));
#8278 = PCURVE('',#8254,#8279);
#8279 = DEFINITIONAL_REPRESENTATION('',(#8280),#8284);
#8280 = LINE('',#8281,#8282);
#8281 = CARTESIAN_POINT('',(0.,-0.));
#8282 = VECTOR('',#8283,1.);
#8283 = DIRECTION('',(0.,1.));
#8284 = ( GEOMETRIC_REPRESENTATION_CONTEXT(2) 
PARAMETRIC_REPRESENTATION_CONTEXT() REPRESENTATION_CONTEXT('2D SPACE',''
  ) );
#8285 = PCURVE('',#8254,#8286);
#8286 = DEFINITIONAL_REPRESENTATION('',(#8287),#8291);
#8287 = LINE('',#8288,#8289);
#8288 = CARTESIAN_POINT('',(6.28318530718,-0.));
#8289 = VECTOR('',#8290,1.);
#8290 = DIRECTION('',(0.,1.));
#8291 = ( GEOMETRIC_REPRESENTATION_CONTEXT(2) 
PARAMETRIC_REPRESENTATION_CONTEXT() REPRESENTATION_CONTEXT('2D SPACE',''
  ) );
#8292 = ORIENTED_EDGE('',*,*,#8293,.T.);
#8293 = EDGE_CURVE('',#8271,#8271,#8294,.T.);
#8294 = SURFACE_CURVE('',#8295,(#8300,#8307),.PCURVE_S1.);
#8295 = CIRCLE('',#8296,3.3);
#8296 = AXIS2_PLACEMENT_3D('',#8297,#8298,#8299);
#8297 = CARTESIAN_POINT('',(-17.67766952966,-17.67766952966,0.));
#8298 = DIRECTION('',(0.,0.,1.));
#8299 = DIRECTION('',(1.,0.,-0.));
#8300 = PCURVE('',#8254,#8301);
#8301 = DEFINITIONAL_REPRESENTATION('',(#8302),#8306);
#8302 = LINE('',#8303,#8304);
#8303 = CARTESIAN_POINT('',(0.,1.));
#8304 = VECTOR('',#8305,1.);
#8305 = DIRECTION('',(1.,0.));
#8306 = ( GEOMETRIC_REPRESENTATION_CONTEXT(2) 
PARAMETRIC_REPRESENTATION_CONTEXT() REPRESENTATION_CONTEXT('2D SPACE',''
  ) );
#8307 = PCURVE('',#43,#8308);
#8308 = DEFINITIONAL_REPRESENTATION('',(#8309),#8313);
#8309 = CIRCLE('',#8310,3.3);
#8310 = AXIS2_PLACEMENT_2D('',#8311,#8312);
#8311 = CARTESIAN_POINT('',(-17.67766952966,-17.67766952966));
#8312 = DIRECTION('',(1.,0.));
#8313 = ( GEOMETRIC_REPRESENTATION_CONTEXT(2) 
PARAMETRIC_REPRESENTATION_CONTEXT() REPRESENTATION_CONTEXT('2D SPACE',''
  ) );
#8314 = ORIENTED_EDGE('',*,*,#8270,.T.);
#8315 = ADVANCED_FACE('',(#8316,#8319,#8322,#8353,#8356,#8359,#8362),#43
  ,.F.);
#8316 = FACE_BOUND('',#8317,.F.);
#8317 = EDGE_LOOP('',(#8318));
#8318 = ORIENTED_EDGE('',*,*,#21,.T.);
#8319 = FACE_BOUND('',#8320,.F.);
#8320 = EDGE_LOOP('',(#8321));
#8321 = ORIENTED_EDGE('',*,*,#8293,.F.);
#8322 = FACE_BOUND('',#8323,.F.);
#8323 = EDGE_LOOP('',(#8324));
#8324 = ORIENTED_EDGE('',*,*,#8325,.F.);
#8325 = EDGE_CURVE('',#8326,#8326,#8328,.T.);
#8326 = VERTEX_POINT('',#8327);
#8327 = CARTESIAN_POINT('',(3.983333333333,-25.,0.));
#8328 = SURFACE_CURVE('',#8329,(#8334,#8341),.PCURVE_S1.);
#8329 = CIRCLE('',#8330,3.983333333333);
#8330 = AXIS2_PLACEMENT_3D('',#8331,#8332,#8333);
#8331 = CARTESIAN_POINT('',(1.530808498934E-15,-25.,0.));
#8332 = DIRECTION('',(0.,0.,1.));
#8333 = DIRECTION('',(1.,0.,-0.));
#8334 = PCURVE('',#43,#8335);
#8335 = DEFINITIONAL_REPRESENTATION('',(#8336),#8340);
#8336 = CIRCLE('',#8337,3.983333333333);
#8337 = AXIS2_PLACEMENT_2D('',#8338,#8339);
#8338 = CARTESIAN_POINT('',(2.781039477256E-15,-25.));
#8339 = DIRECTION('',(1.,0.));
#8340 = ( GEOMETRIC_REPRESENTATION_CONTEXT(2) 
PARAMETRIC_REPRESENTATION_CONTEXT() REPRESENTATION_CONTEXT('2D SPACE',''
  ) );
#8341 = PCURVE('',#8342,#8347);
#8342 = CONICAL_SURFACE('',#8343,4.,0.694738276197);
#8343 = AXIS2_PLACEMENT_3D('',#8344,#8345,#8346);
#8344 = CARTESIAN_POINT('',(1.530808498934E-15,-25.,-2.E-02));
#8345 = DIRECTION('',(-0.,-0.,-1.));
#8346 = DIRECTION('',(1.,0.,-0.));
#8347 = DEFINITIONAL_REPRESENTATION('',(#8348),#8352);
#8348 = LINE('',#8349,#8350);
#8349 = CARTESIAN_POINT('',(6.28318530718,-2.000000000016E-02));
#8350 = VECTOR('',#8351,1.);
#8351 = DIRECTION('',(-1.,0.));
#8352 = ( GEOMETRIC_REPRESENTATION_CONTEXT(2) 
PARAMETRIC_REPRESENTATION_CONTEXT() REPRESENTATION_CONTEXT('2D SPACE',''
  ) );
#8353 = FACE_BOUND('',#8354,.F.);
#8354 = EDGE_LOOP('',(#8355));
#8355 = ORIENTED_EDGE('',*,*,#8153,.F.);
#8356 = FACE_BOUND('',#8357,.F.);
#8357 = EDGE_LOOP('',(#8358));
#8358 = ORIENTED_EDGE('',*,*,#8013,.F.);
#8359 = FACE_BOUND('',#8360,.F.);
#8360 = EDGE_LOOP('',(#8361));
#8361 = ORIENTED_EDGE('',*,*,#4014,.F.);
#8362 = FACE_BOUND('',#8363,.F.);
#8363 = EDGE_LOOP('',(#8364));
#8364 = ORIENTED_EDGE('',*,*,#382,.F.);
#8365 = ADVANCED_FACE('',(#8366),#8342,.F.);
#8366 = FACE_BOUND('',#8367,.F.);
#8367 = EDGE_LOOP('',(#8368,#8391,#8418,#8419));
#8368 = ORIENTED_EDGE('',*,*,#8369,.T.);
#8369 = EDGE_CURVE('',#8326,#8370,#8372,.T.);
#8370 = VERTEX_POINT('',#8371);
#8371 = CARTESIAN_POINT('',(3.5,-25.,0.58));
#8372 = SEAM_CURVE('',#8373,(#8377,#8384),.PCURVE_S1.);
#8373 = LINE('',#8374,#8375);
#8374 = CARTESIAN_POINT('',(4.,-25.,-2.E-02));
#8375 = VECTOR('',#8376,1.);
#8376 = DIRECTION('',(-0.640184399664,1.567999551827E-16,0.768221279597)
  );
#8377 = PCURVE('',#8342,#8378);
#8378 = DEFINITIONAL_REPRESENTATION('',(#8379),#8383);
#8379 = LINE('',#8380,#8381);
#8380 = CARTESIAN_POINT('',(0.,0.));
#8381 = VECTOR('',#8382,1.);
#8382 = DIRECTION('',(-0.,-1.));
#8383 = ( GEOMETRIC_REPRESENTATION_CONTEXT(2) 
PARAMETRIC_REPRESENTATION_CONTEXT() REPRESENTATION_CONTEXT('2D SPACE',''
  ) );
#8384 = PCURVE('',#8342,#8385);
#8385 = DEFINITIONAL_REPRESENTATION('',(#8386),#8390);
#8386 = LINE('',#8387,#8388);
#8387 = CARTESIAN_POINT('',(6.283185307179,0.));
#8388 = VECTOR('',#8389,1.);
#8389 = DIRECTION('',(-0.,-1.));
#8390 = ( GEOMETRIC_REPRESENTATION_CONTEXT(2) 
PARAMETRIC_REPRESENTATION_CONTEXT() REPRESENTATION_CONTEXT('2D SPACE',''
  ) );
#8391 = ORIENTED_EDGE('',*,*,#8392,.F.);
#8392 = EDGE_CURVE('',#8370,#8370,#8393,.T.);
#8393 = SURFACE_CURVE('',#8394,(#8399,#8406),.PCURVE_S1.);
#8394 = CIRCLE('',#8395,3.5);
#8395 = AXIS2_PLACEMENT_3D('',#8396,#8397,#8398);
#8396 = CARTESIAN_POINT('',(1.530808498934E-15,-25.,0.58));
#8397 = DIRECTION('',(0.,0.,1.));
#8398 = DIRECTION('',(1.,0.,-0.));
#8399 = PCURVE('',#8342,#8400);
#8400 = DEFINITIONAL_REPRESENTATION('',(#8401),#8405);
#8401 = LINE('',#8402,#8403);
#8402 = CARTESIAN_POINT('',(6.28318530718,-0.6));
#8403 = VECTOR('',#8404,1.);
#8404 = DIRECTION('',(-1.,0.));
#8405 = ( GEOMETRIC_REPRESENTATION_CONTEXT(2) 
PARAMETRIC_REPRESENTATION_CONTEXT() REPRESENTATION_CONTEXT('2D SPACE',''
  ) );
#8406 = PCURVE('',#8407,#8412);
#8407 = CYLINDRICAL_SURFACE('',#8408,3.5);
#8408 = AXIS2_PLACEMENT_3D('',#8409,#8410,#8411);
#8409 = CARTESIAN_POINT('',(1.530808498934E-15,-25.,-5.E-02));
#8410 = DIRECTION('',(0.,0.,1.));
#8411 = DIRECTION('',(1.,0.,-0.));
#8412 = DEFINITIONAL_REPRESENTATION('',(#8413),#8417);
#8413 = LINE('',#8414,#8415);
#8414 = CARTESIAN_POINT('',(0.,0.63));
#8415 = VECTOR('',#8416,1.);
#8416 = DIRECTION('',(1.,0.));
#8417 = ( GEOMETRIC_REPRESENTATION_CONTEXT(2) 
PARAMETRIC_REPRESENTATION_CONTEXT() REPRESENTATION_CONTEXT('2D SPACE',''
  ) );
#8418 = ORIENTED_EDGE('',*,*,#8369,.F.);
#8419 = ORIENTED_EDGE('',*,*,#8325,.T.);
#8420 = ADVANCED_FACE('',(#8421),#8407,.F.);
#8421 = FACE_BOUND('',#8422,.F.);
#8422 = EDGE_LOOP('',(#8423,#8424,#8447,#8474));
#8423 = ORIENTED_EDGE('',*,*,#8392,.T.);
#8424 = ORIENTED_EDGE('',*,*,#8425,.T.);
#8425 = EDGE_CURVE('',#8370,#8426,#8428,.T.);
#8426 = VERTEX_POINT('',#8427);
#8427 = CARTESIAN_POINT('',(3.5,-25.,5.));
#8428 = SEAM_CURVE('',#8429,(#8433,#8440),.PCURVE_S1.);
#8429 = LINE('',#8430,#8431);
#8430 = CARTESIAN_POINT('',(3.5,-25.,-5.E-02));
#8431 = VECTOR('',#8432,1.);
#8432 = DIRECTION('',(0.,0.,1.));
#8433 = PCURVE('',#8407,#8434);
#8434 = DEFINITIONAL_REPRESENTATION('',(#8435),#8439);
#8435 = LINE('',#8436,#8437);
#8436 = CARTESIAN_POINT('',(6.28318530718,0.));
#8437 = VECTOR('',#8438,1.);
#8438 = DIRECTION('',(0.,1.));
#8439 = ( GEOMETRIC_REPRESENTATION_CONTEXT(2) 
PARAMETRIC_REPRESENTATION_CONTEXT() REPRESENTATION_CONTEXT('2D SPACE',''
  ) );
#8440 = PCURVE('',#8407,#8441);
#8441 = DEFINITIONAL_REPRESENTATION('',(#8442),#8446);
#8442 = LINE('',#8443,#8444);
#8443 = CARTESIAN_POINT('',(4.138911435803E-13,0.));
#8444 = VECTOR('',#8445,1.);
#8445 = DIRECTION('',(0.,1.));
#8446 = ( GEOMETRIC_REPRESENTATION_CONTEXT(2) 
PARAMETRIC_REPRESENTATION_CONTEXT() REPRESENTATION_CONTEXT('2D SPACE',''
  ) );
#8447 = ORIENTED_EDGE('',*,*,#8448,.F.);
#8448 = EDGE_CURVE('',#8426,#8426,#8449,.T.);
#8449 = SURFACE_CURVE('',#8450,(#8455,#8462),.PCURVE_S1.);
#8450 = CIRCLE('',#8451,3.5);
#8451 = AXIS2_PLACEMENT_3D('',#8452,#8453,#8454);
#8452 = CARTESIAN_POINT('',(1.530808498934E-15,-25.,5.));
#8453 = DIRECTION('',(0.,0.,1.));
#8454 = DIRECTION('',(1.,0.,-0.));
#8455 = PCURVE('',#8407,#8456);
#8456 = DEFINITIONAL_REPRESENTATION('',(#8457),#8461);
#8457 = LINE('',#8458,#8459);
#8458 = CARTESIAN_POINT('',(0.,5.05));
#8459 = VECTOR('',#8460,1.);
#8460 = DIRECTION('',(1.,0.));
#8461 = ( GEOMETRIC_REPRESENTATION_CONTEXT(2) 
PARAMETRIC_REPRESENTATION_CONTEXT() REPRESENTATION_CONTEXT('2D SPACE',''
  ) );
#8462 = PCURVE('',#8463,#8468);
#8463 = PLANE('',#8464);
#8464 = AXIS2_PLACEMENT_3D('',#8465,#8466,#8467);
#8465 = CARTESIAN_POINT('',(1.530808498934E-15,-25.,5.));
#8466 = DIRECTION('',(0.,0.,1.));
#8467 = DIRECTION('',(1.,0.,-0.));
#8468 = DEFINITIONAL_REPRESENTATION('',(#8469),#8473);
#8469 = CIRCLE('',#8470,3.5);
#8470 = AXIS2_PLACEMENT_2D('',#8471,#8472);
#8471 = CARTESIAN_POINT('',(0.,0.));
#8472 = DIRECTION('',(1.,0.));
#8473 = ( GEOMETRIC_REPRESENTATION_CONTEXT(2) 
PARAMETRIC_REPRESENTATION_CONTEXT() REPRESENTATION_CONTEXT('2D SPACE',''
  ) );
#8474 = ORIENTED_EDGE('',*,*,#8425,.F.);
#8475 = ADVANCED_FACE('',(#8476),#8463,.F.);
#8476 = FACE_BOUND('',#8477,.F.);
#8477 = EDGE_LOOP('',(#8478));
#8478 = ORIENTED_EDGE('',*,*,#8448,.T.);
#8479 = ( GEOMETRIC_REPRESENTATION_CONTEXT(3) 
GLOBAL_UNCERTAINTY_ASSIGNED_CONTEXT((#8483)) 
GLOBAL_UNIT_ASSIGNED_CONTEXT((#8480,#8481,#8482)) REPRESENTATION_CONTEXT
('Context #1','3D Context with UNIT and UNCERTAINTY') );
#8480 = ( LENGTH_UNIT() NAMED_UNIT(*) SI_UNIT(.MILLI.,.METRE.) );
#8481 = ( NAMED_UNIT(*) PLANE_ANGLE_UNIT() SI_UNIT($,.RADIAN.) );
#8482 = ( NAMED_UNIT(*) SI_UNIT($,.STERADIAN.) SOLID_ANGLE_UNIT() );
#8483 = UNCERTAINTY_MEASURE_WITH_UNIT(LENGTH_MEASURE(2.E-07),#8480,
  'distance_accuracy_value','confusion accuracy');
#8484 = PRODUCT_RELATED_PRODUCT_CATEGORY('part',$,(#7));
ENDSEC;
END-ISO-10303-21;
